gene	in_177_set	named_factor	chromosome	strand	event_type	element_start	element_end	element_length	element_annotation	element_transcript_types	inclusion_junction	skipping_junction	measured_path	both_junctions_annotated	seen_from_both_sides	mean_PSI	PSI_slowest_third	PSI_fastest_third	dPSI_percentage_points	d_logit_per_score_unit	t_prolif	P_prolif	FDR_prolif	d_age_per_decade	FDR_age	d_age_adj_per_decade	FDR_age_adj
ACIN1	TRUE	FALSE	chr14	-	cassette exon	23071427	23071617	191	coding exon	protein_coding	chr14:23069618-23071426	chr14:23069618-23078150	inclusion	TRUE	FALSE	0.110283180339542	0.0917086744681863	0.11267390972428	2.09652352560934	0.170490777856675	2.02671864719956	0.045275225846217	0.118904280388405	-0.0281130623876061	0.792492422645402	0.00481482307434575	1
ACIN1	TRUE	FALSE	chr14	-	alternative 3' splice site	23064486	23064488	3	coding exon	nonsense_mediated_decay;protein_coding;retained_intron	chr14:23064489-23065965	chr14:23064486-23065965	skipping	TRUE	FALSE	0.172871982238983	0.159017414948875	0.179664118006393	2.06467030575176	0.0796804093848546	1.72883143248157	0.0868355245233413	0.198073520391606	0.00360671189718067	0.994147604074607	0.0221285915398951	0.878248097399591
ACIN1	TRUE	FALSE	chr14	-	cassette exon	23071125	23071565	441	coding exon	protein_coding	chr14:23069618-23071124	chr14:23069618-23078150	inclusion	TRUE	FALSE	0.114423850421349	0.0961597934738744	0.135971689527934	3.98118960540598	0.0923560265415013	1.26053835287321	0.210323329232806	0.386027869789949	-0.0371141430209962	0.637244362211406	-0.023371101976391	0.983234759464368
CPSF6	TRUE	FALSE	chr12	+	unannotated splice site	69262370	69262372	3	not an annotated exon	""	chr12:69260198-69262369	chr12:69260198-69262372	inclusion	TRUE	FALSE	0.245945816193693	0.25763204455244	0.239329493666086	-1.83025508863543	0.0239254022069838	0.308953816647889	0.75798071970283	0.890771398655606	-0.00990456332265398	0.956291682707003	-0.00639857973720363	1
FUS	TRUE	FALSE	chr16	+	alternative 3' splice site	31183858	31183860	3	coding exon	nonsense_mediated_decay;protein_coding;retained_intron	chr16:31182665-31183857	chr16:31182665-31183860	skipping	TRUE	FALSE	0.308409959631543	0.321461191720691	0.305482635277904	-1.59785564427869	-0.0463510548672311	-2.25693319496879	0.0261235801040046	0.0792562854002852	0.0189757998523049	0.269230684263363	0.0121438556170826	0.801020692772742
HNRNPA1	TRUE	TRUE	chr12	+	cassette exon	54284549	54285745	1197	coding exon	protein_coding;retained_intron	chr12:54284318-54284548	chr12:54284318-54286661	skipping	TRUE	FALSE	0.165864452461479	0.192826134577979	0.144271691795206	-4.85544427827725	-0.267682118823701	-2.88583630916054	0.00475601046367949	0.0212272855472099	0.0978443052413329	0.1872307540388	0.0561922862487317	0.801020692772742
HNRNPA1	TRUE	TRUE	chr12	+	cassette exon	54283079	54283234	156	coding exon	nonsense_mediated_decay;protein_coding;retained_intron	chr12:54282875-54283078	chr12:54282875-54283811	skipping	TRUE	TRUE		0.514075344754933	0.72807030623383	21.3994961478898	0.302775036941685	2.46319865193731	0.0154442927943417	0.0528031809681648	-0.0767148048648643	0.526201584438183	-0.0233967039882661	1
HNRNPA2B1	TRUE	TRUE	chr7	-	cassette exon	26191422	26192338	917	NMD-only exon	nonsense_mediated_decay	chr7:26192339-26192494	chr7:26191129-26192494	skipping	TRUE	FALSE	0.0222387615259952	0.0352943216878915	0.0144307654965658	-2.08635561913257	-0.441646294225028	-7.94139912929	2.59938599674394e-12	1.88095995211194e-10	0.136300324261967	0.00122811839281667	0.0628773734276353	0.376498861396169
HNRNPA2B1	TRUE	TRUE	chr7	-	cassette exon	26190993	26192338	1346	non-coding annotation only	nonsense_mediated_decay;retained_intron	chr7:26192339-26192494	chr7:26190461-26192494	skipping	TRUE	TRUE	0.0135712621275901	0.0174994425083515	0.0110152428178245	-0.648419969052694	-0.188042724318188	-3.18072601654906	0.0019414324470098	0.0103944986557989	0.0989418588147734	0.0108555370113009	0.0753331245277528	0.270940558545608
HNRNPA2B1	TRUE	TRUE	chr7	-	cassette exon	26197831	26197866	36	coding exon	nonsense_mediated_decay;protein_coding;retained_intron	chr7:26197867-26200571	chr7:26197733-26200571	inclusion	TRUE	TRUE	0.207371029573253	0.237157226744831	0.19113930939455	-4.60179173502812	-0.0993507815599052	-2.0827970709404	0.0397465226344446	0.106439309826572	0.0663681374012255	0.0388996484384497	0.056531160597159	0.330183955337883
HNRNPC	TRUE	FALSE	chr14	-	cassette exon	21263667	21263829	163	coding exon	protein_coding	chr14:21263830-21269297	chr14:21263337-21269297	inclusion	TRUE	FALSE	0.134463255414958	0.161148503585971	0.118165041062878	-4.2983462523093	-0.133763483267443	-2.19938163947927	0.0300868408778084	0.0876073166313582	0.0714293265329333	0.110657206168379	0.054831289366754	0.561653851765132
HNRNPC	TRUE	FALSE	chr14	-	cassette exon	21263311	21263336	26	coding exon	nonsense_mediated_decay;protein_coding;retained_intron	chr14:21263337-21269297	chr14:21234230-21269297	skipping	TRUE	TRUE	0.312270222085478	0.241144763983497	0.329359381772412	8.82146177889157	0.209773094963307	2.18468597540411	0.0311792851757919	0.089941262835342	-0.101911278197408	0.172597094784143	-0.0739907997709219	0.685750082706529
HNRNPC	TRUE	FALSE	chr14	-	alternative 5' splice site	21230958	21230996	39	coding exon	nonsense_mediated_decay;protein_coding	chr14:21230367-21230957	chr14:21230367-21230996	inclusion	TRUE	FALSE	0.387960588964931	0.3601926912345	0.408478923845198	4.82862326106976	0.0522153221208147	1.99682519660301	0.0484824044892786	0.124538261078578	0.0175586836967671	0.472367357846902	0.0325389276288718	0.283277700446563
HNRNPC	TRUE	FALSE	chr14	-	alternative 3' splice site	21211564	21211566	3	coding exon	nonsense_mediated_decay;protein_coding;retained_intron	chr14:21211567-21211809	chr14:21211564-21211809	skipping	TRUE	FALSE	0.0346024870643745	0.0379501701631926	0.0344189407043705	-0.353122945882209	0.00303521384023644	0.0551170532708688	0.956151980470285	1	0.0159077696510763	0.823063273377401	0.0195636025605165	0.96580989741943
HNRNPD	TRUE	TRUE	chr4	-	cassette exon	82356537	82356683	147	coding exon	nonsense_mediated_decay;protein_coding	chr4:82355402-82356536	chr4:82355402-82356795	inclusion	TRUE	TRUE	0.289704705445954	0.313104038594735	0.266628252612378	-4.6475785982356	-0.0620312498484282	-2.08124041717797	0.0398917688010895	0.106660303217378	0.0246699163573219	0.334713709812306	0.0153911018388087	0.86095732319391
HNRNPD	TRUE	TRUE	chr4	-	cassette exon	82371528	82371584	57	coding exon	protein_coding	chr4:82359640-82371527	chr4:82359640-82373445	skipping	TRUE	FALSE	0.0500913298288991	0.0451678346215125	0.0483053186689015	0.313748404738896	0.116204245847268	1.42396005209721	0.157480483065576	0.313168809964727	-0.0409787572086225	0.64347936167394	-0.0226170788691234	1
HNRNPH1	TRUE	FALSE	chr5	-	cassette exon	179617051	179617110	60	coding exon	nonsense_mediated_decay;protein_coding;retained_intron	chr5:179616959-179617050	chr5:179616959-179617513	inclusion	TRUE	TRUE	0.365866075747613	0.427061701015216	0.327007016775049	-10.0054684240167	-0.190616030586396	-4.53409737138227	1.56655421733234e-05	0.000186288492767387	0.0909006995980638	0.000920849651809318	0.06521126189148	0.121746127165749
HNRNPH1	TRUE	FALSE	chr5	-	alternative 5' splice site	179616869	179616898	30	coding exon	protein_coding;retained_intron	chr5:179616219-179616868	chr5:179616219-179616898	skipping	TRUE	FALSE	0.0997922229662218	0.0861241584265377	0.112068694382308	2.59445359557701	0.146196612217002	3.53234522152057	0.000617923581117778	0.00417804791129535	-0.0368242067693186	0.30667844523193	-0.0109674909239001	1
HNRNPH1	TRUE	FALSE	chr5	-	cassette exon	179616869	179616958	90	coding exon	protein_coding;retained_intron	chr5:179616219-179616868	chr5:179616219-179617020	skipping	TRUE	FALSE	0.0697878994064761	0.0580586754533089	0.080110166571215	2.20514911179061	0.156800753074061	2.62005318209262	0.0101203055949186	0.0378232520091407	0.0123835435063674	0.892282704818756	0.0498211043531121	0.628787243625167
HNRNPH1	TRUE	FALSE	chr5	-	cassette exon	179615546	179615595	50	coding exon	nonsense_mediated_decay;protein_coding;retained_intron	chr5:179614960-179615545	chr5:179614960-179616125	skipping	TRUE	TRUE	0.130410929992687	0.106030967857541	0.141741741694115	3.57107738365744	0.173571911209481	2.17351258946362	0.0320328486400324	0.0912426450793557	-0.00670922530073321	0.990017488437493	0.0309129714744534	0.944113575193574
HNRNPH1	TRUE	FALSE	chr5	-	cassette exon	179619269	179619407	139	coding exon	protein_coding;retained_intron	chr5:179618324-179619268	chr5:179618324-179620891	skipping	TRUE	TRUE	0.0974234347241798	0.114151105806804	0.0830577701363412	-3.10933356704625	-0.168353895220254	-2.13635670901235	0.0350190439259114	0.0962811385545876	0.0503892596670178	0.50222836969388	0.0221073877670752	1
HNRNPK	TRUE	TRUE	chr9	-	cassette exon	83980153	83980250	98	coding exon	protein_coding	chr9:83978453-83980152	chr9:83978453-83980502	inclusion	TRUE	FALSE	0.0948586117169901	0.0647938768825146	0.112814808542224	4.80209316597097	0.281792051688111	3.3963795337031	0.000971306654426226	0.00608363523333995	-0.055248668517734	0.495586947167869	-0.00246754373306141	1
HNRNPK	TRUE	TRUE	chr9	-	cassette exon	83969416	83969440	25	non-coding annotation only	retained_intron	chr9:83969441-83970161	chr9:83969381-83970161	skipping	TRUE	FALSE	0.253020676456889	0.223627024043147	0.26184495772839	3.82179336852432	0.119929448792618	2.6686604313037	0.00884841582457807	0.0345108511690253	-0.0947121230581174	0.000638846036912277	-0.085568387809292	0.0410245036847029
HNRNPK	TRUE	TRUE	chr9	-	cassette exon	83973902	83973973	72	coding exon	nonsense_mediated_decay;protein_coding;retained_intron	chr9:83973974-83974516	chr9:83973400-83974516	skipping	TRUE	TRUE	0.105146963477483	0.112373977888742	0.101239826825507	-1.11341510632346	-0.0855382845670475	-2.01648858099155	0.0463517396837504	0.120984088000335	0.051150587798366	0.0948722061626179	0.0415605220848516	0.48353713966026
HNRNPM	TRUE	TRUE	chr19	+	cassette exon	8483158	8483211	54	coding exon	nonsense_mediated_decay;processed_transcript;protein_coding	chr19:8483212-8485602	chr19:8474245-8485602	skipping	TRUE	TRUE	0.330726416483801	0.347487253166761	0.337936190283921	-0.955106288283974	0.00977504893290915	0.174023086209287	0.862188892255861	0.963792180251737	-0.0166224445648644	0.816324284430447	-0.0175426824724037	0.983234759464368
HNRNPR	TRUE	FALSE	chr1	-	cassette exon	23333518	23333631	114	coding exon	protein_coding	chr1:23333632-23337753	chr1:23323733-23337753	skipping	TRUE	TRUE	0.0523830299824177	0.0459805913991272	0.0571581006364232	1.1177509237296	0.189848367558245	2.37703866012016	0.019298548503155	0.0621590212138671	-0.0414240439173064	0.637209752049209	-0.00665055797574474	1
HNRNPR	TRUE	FALSE	chr1	-	cassette exon	23340852	23341020	169	coding exon	protein_coding	chr1:23338609-23340851	chr1:23338609-23344210	skipping	TRUE	FALSE		0.41866336031492	0.49713770726716	7.847434695224	0.0788450923401954	0.737280856911366	0.46264419165761	0.652073309501671	0.0259944949854009	0.861321182717944	0.0485659536645575	0.902506498809721
MAGOH	TRUE	FALSE	chr1	-	cassette exon	53233542	53233652	111	coding exon	protein_coding	chr1:53228955-53233541	chr1:53228955-53235576	skipping	TRUE	TRUE	0.127093394514304	0.115027037740128	0.12269238290371	0.76653451635823	0.0724633587970685	0.779529888015252	0.437455129678815	0.628022328424504	0.0291484542808108	0.800312332292369	0.0508321269106005	0.846802145998523
PAPOLA	TRUE	FALSE	chr14	+	cassette exon	96560649	96560711	63	coding exon	nonsense_mediated_decay;processed_transcript;protein_coding	chr14:96556414-96560648	chr14:96556414-96564954	skipping	TRUE	FALSE	0.204721143391865	0.21664769957466	0.2029490325048	-1.36986670698596	0.056238648815447	1.03591607155163	0.302667264176322	0.499452384989651	-0.00462444174255412	0.987823745136366	0.00710698914592449	1
PAPOLA	TRUE	FALSE	chr14	+	cassette exon	96562819	96562893	75	coding exon	nonsense_mediated_decay;processed_transcript;protein_coding;retained_intron	chr14:96562894-96564954	chr14:96556414-96564954	skipping	TRUE	FALSE	0.136425238003313	0.138105146840384	0.134488341612924	-0.361680522746088	0.0353168258359553	0.724928038369529	0.470139845421686	0.660175728438959	-0.0144194456847687	0.816540274104291	-0.00920659959186428	1
PCBP2	TRUE	FALSE	chr12	+	cassette exon	53465932	53465973	42	coding exon	nonsense_mediated_decay;protein_coding;retained_intron	chr12:53465974-53467220	chr12:53464853-53467220	skipping	TRUE	TRUE	0.0394381609790002	0.0331905905056743	0.0425176666020507	0.932707609637636	0.152816121453222	3.2189297954661	0.00172115867821091	0.00965950604718698	-0.0178571067205357	0.766423600195978	0.0130306004796902	1
PCBP2	TRUE	FALSE	chr12	+	cassette exon	53467805	53467843	39	coding exon	nonsense_mediated_decay;protein_coding	chr12:53467844-53468776	chr12:53467294-53468776	skipping	TRUE	TRUE	0.352892277598989	0.398197805202813	0.320417490161184	-7.77803150416291	-0.0956676587303823	-2.78670048003361	0.00634066049250903	0.0269220803183811	0.0175134714794696	0.646374045076162	-0.000638176390358607	1
PCBP2	TRUE	FALSE	chr12	+	cassette exon	53464760	53464852	93	coding exon	nonsense_mediated_decay;protein_coding	chr12:53462568-53464759	chr12:53462568-53467220	skipping	TRUE	TRUE	0.0531609850595002	0.046602059063428	0.0580670320585187	1.14649729950906	0.111723178769994	2.09883382597162	0.038276506648037	0.10323425781917	-0.0132153392871345	0.861321182717944	0.00933657535199887	1
PCBP2	TRUE	FALSE	chr12	+	alternative 3' splice site	53468777	53468779	3	coding exon	nonsense_mediated_decay;protein_coding	chr12:53467844-53468776	chr12:53467844-53468779	skipping	TRUE	FALSE	0.266123228016772	0.268183529764166	0.263936637901752	-0.424689186241412	-0.00859264264972693	-0.429796300321183	0.66824164296864	0.8237367987446	0.0129467429072064	0.4812369829157	0.0134441781784756	0.77459555409508
PTBP1	TRUE	FALSE	chr19	+	cassette exon	805492	805569	78	coding exon	nonsense_mediated_decay;protein_coding	chr19:805570-806407	chr19:805188-806407	skipping	TRUE	TRUE	0.0774787724922248	0.0504236130002469	0.0959848532642072	4.55612402639604	0.459914839461821	5.3266374928415	5.90730549019569e-07	1.14151965750884e-05	-0.0272898289482948	0.831339297884748	0.0706184478754884	0.647905945847166
PUF60	TRUE	FALSE	chr8	-	cassette exon	143820666	143820716	51	coding exon	processed_transcript;protein_coding;retained_intron	chr8:143820717-143821596	chr8:143818535-143821596	inclusion	TRUE	TRUE		0.748383747136384	0.711777225154468	-3.66065219819158	-0.19813561098522	-2.19216440377091	0.0306413959679861	0.0887660883195236	0.0874885235683594	0.23019537333267	0.0597457059397995	0.78017861755723
RBM39	TRUE	FALSE	chr20	-	cassette exon	35740525	35740597	73	non-coding annotation only	nonsense_mediated_decay;processed_transcript	chr20:35739018-35740524	chr20:35739018-35740823	inclusion	TRUE	TRUE	0.396548836451021	0.487732553221717	0.327880437959528	-15.9852115262189	-0.353574302257092	-4.97940202489047	2.57350772146509e-06	4.20793257726096e-05	0.0665201622580512	0.306569736437153	-0.000230395747919637	1
RBM39	TRUE	FALSE	chr20	-	cassette exon	35713702	35713857	156	NMD-only exon	nonsense_mediated_decay	chr20:35713858-35714184	chr20:35713097-35714184	inclusion	TRUE	FALSE	0.0901161047733343	0.0992770897759642	0.0719533429113	-2.73237468646642	-0.190990625999548	-2.46104423100252	0.0155153549448481	0.0528205427101386	-0.0118148714856537	0.941406122136108	-0.0568040335963216	0.720821275119824
RBM39	TRUE	FALSE	chr20	-	alternative 3' splice site	35709257	35709274	18	coding exon	nonsense_mediated_decay;protein_coding;retained_intron	chr20:35709275-35713018	chr20:35709257-35713018	skipping	TRUE	FALSE	0.462477768837944	0.48650189860527	0.442406134825917	-4.40957637793524	-0.0106221496801457	-0.21880754081504	0.827232949911326	0.935501972651795	0.0211571341732917	0.694106923497671	0.0227359755454991	0.885309445713496
RBM42	TRUE	FALSE	chr19	+	cassette exon	35632936	35633001	66	coding exon	protein_coding	chr19:35631406-35632935	chr19:35631406-35633097	skipping	TRUE	FALSE		0.261742533621557	0.18508574555417	-7.66567880673875	-0.161790667394811	-1.32816174077269	0.187273697735084	0.355022888547221	0.103053088225785	0.302619915844845	0.0865783807897957	0.728221025506894
SEC13	TRUE	FALSE	chr3	-	other	10301148	10301374	227	not an annotated exon	""	chr3:10301375-10304025	chr3:10301148-10304025	skipping	TRUE	FALSE	0.149174872409056	0.116525733998942	0.172296327802427	5.57705938034854	0.192646784188143	5.69320131999993	1.18395058281908e-07	2.83564502265332e-06	-0.0369401204596311	0.229566343614231	-0.000700990421824399	1
SNRNP200	TRUE	FALSE	chr2	-	unannotated splice site	96293510	96295351	1842	not an annotated exon	""	chr2:96295352-96295487	chr2:96293510-96295487	inclusion	FALSE	FALSE	0.150922668773298	0.111093731069305	0.170033029488549	5.89392984192444	0.239580845942409	3.19657348594171	0.00184705028823671	0.0101977565426835	-0.092144953507663	0.0988075252476182	-0.0557209491234153	0.711243064230179
SNRPB	TRUE	FALSE	chr20	-	other	2461794	2461939	146	not an annotated exon	""	chr20:2461940-2462635	chr20:2461794-2462635	skipping	TRUE	FALSE	0.20343630355773	0.152317184485679	0.21672580662902	6.44086221433408	0.154601561260694	2.89525052256565	0.00462621442209056	0.0208394109265298	-0.079893604188677	0.0268901346430348	-0.0602116491890832	0.376498861396169
SNU13	TRUE	FALSE	chr22	-	cassette exon	41682356	41682622	267	coding exon	protein_coding	chr22:41680365-41682355	chr22:41680365-41688793	skipping	TRUE	FALSE		0.559911439646827	0.618065092031334	5.8153652384507	7.19714608660988e-05	0.000507964305362874	0.999595715097019	1	-0.0459483435392106	0.793030961044261	-0.0545159132598665	0.944113575193574
SRRT	TRUE	FALSE	chr7	+	alternative 3' splice site	100885213	100885215	3	coding exon	protein_coding	chr7:100885041-100885212	chr7:100885041-100885215	skipping	TRUE	FALSE	0.452083007861863	0.455799092781588	0.446391896922648	-0.940719585893929	-0.00855222664339441	-0.126320558464333	0.899724438905504	0.983910873542643	-0.0274835515476985	0.722097216072126	-0.0345406813320816	0.86192428988424
SRSF10	TRUE	FALSE	chr1	-	alternative 3' splice site	23971624	23971626	3	coding exon	processed_transcript;protein_coding;retained_intron	chr1:23971627-23971849	chr1:23971624-23971849	skipping	TRUE	FALSE	0.221492171799846	0.238310080422276	0.216556849783524	-2.17532306387519	-0.0672228264088685	-1.22218804393607	0.224426065044765	0.401300235129992	0.0149137737726908	0.838155612483686	0.00264696935397738	1
SRSF3	TRUE	TRUE	chr6	+	cassette exon	36599821	36600276	456	NMD-only exon	nonsense_mediated_decay	chr6:36598984-36599820	chr6:36598984-36601151	inclusion	TRUE	TRUE	0.0875001910340245	0.126329283329905	0.0606679160891815	-6.56613672407237	-0.363836948050317	-7.655711634845	1.07827628740013e-11	6.66766846081424e-10	0.0240494379379398	0.724121588893087	-0.0529451264408864	0.388844137308143
SRSF7	TRUE	TRUE	chr2	-	cassette exon	38746144	38746179	36	coding exon	nonsense_mediated_decay;protein_coding;retained_intron	chr2:38746180-38746693	chr2:38745188-38746693	skipping	TRUE	TRUE	0.0959327543979741	0.103196114094641	0.0904437107517719	-1.27524033428695	-0.0488969494988535	-0.811890577227945	0.418726787830491	0.610644136179279	0.0209719264242573	0.779517397761986	0.0139431736351814	1
TXNL4A	TRUE	FALSE	chr18	-	cassette exon	79986602	79986750	149	NMD-only exon	nonsense_mediated_decay	chr18:79977702-79986601	chr18:79977702-79988239	inclusion	TRUE	TRUE	0.136578943420331	0.167508152359603	0.112041319741888	-5.54668326177149	-0.100666988898632	-0.969336141710588	0.334648212180361	0.530884918919877	0.0672757254872172	0.4812369829157	0.0573137289325769	0.846266210601829
U2AF1	TRUE	FALSE	chr21	-	cassette exon	43100453	43100519	67	coding exon	nonsense_mediated_decay;protein_coding;retained_intron	chr21:43095744-43100452	chr21:43095744-43101365	skipping	TRUE	FALSE	0.249959044645265	0.279427962906849	0.238209138515046	-4.12188243918025	-0.0667946852857563	-2.1319646549856	0.0353874902538552	0.0968245006865339	0.00195544453231847	1	-0.0126396810783458	0.925794517878951
U2AF1	TRUE	FALSE	chr21	-	cassette exon	43101366	43101432	67	coding exon	nonsense_mediated_decay;protein_coding;retained_intron	chr21:43101433-43104314	chr21:43100520-43104314	inclusion	TRUE	FALSE	0.240551838616252	0.242717514121652	0.235600219975409	-0.711729414624271	-0.0436135982405853	-1.2320150735003	0.220748595854327	0.397761041366924	-0.0136392441546182	0.737594343865282	-0.0259595980556499	0.719163563139003
AAMP	FALSE	FALSE	chr2	-	alternative 3' splice site	218269535	218269537	3	coding exon	protein_coding	chr2:218269538-218269965	chr2:218269535-218269965	inclusion	TRUE	FALSE	0.149393956297579	0.153490785799972	0.143094530337967	-1.03962554620044	0.0743127690402669	0.908454712233728	0.365758739132031	0.565863456030206	0.0205774677033457	0.854012442237037	0.041071935978293	0.865330761437268
ABCB9	FALSE	FALSE	chr12	+	unannotated splice site	122981267	122981299	33	not an annotated exon	""	chr12:122981300-122981594	chr12:122981267-122981594	skipping	TRUE	FALSE	0.465644953402837	0.443209409629247	0.463944274796668	2.07348651674213	0.0631661535455669	1.44910057268234	0.15034726392347	0.303188698219301	-0.0258941824269504	0.548359975491591	-0.0165902007632117	0.946517121398466
ABCB9	FALSE	FALSE	chr12	+	unannotated splice site	122981571	122981594	24	not an annotated exon	""	chr12:122981300-122981570	chr12:122981300-122981594	inclusion	TRUE	FALSE	0.242228203633479	0.20819064933764	0.262895595978402	5.47049466407622	0.142498539144664	1.22607912669231	0.222964666496971	0.399615776313585	-0.125014041832086	0.154360888725574	-0.116484011206784	0.476044928459949
ABI1	FALSE	FALSE	chr10	-	alternative 3' splice site	26759236	26759238	3	coding exon	protein_coding	chr10:26759239-26765217	chr10:26759236-26765217	skipping	TRUE	FALSE	0.296843440911575	0.295944622195711	0.308820165282446	1.28755430867351	0.0498231661379665	0.834572497347829	0.405889952387601	0.598626074618488	0.00272821345689073	1	0.0143981981947518	1
ABR	FALSE	FALSE	chr17	-	unannotated splice site	1006775	1007164	390	not an annotated exon	""	chr17:1006170-1006774	chr17:1006170-1007164	inclusion	TRUE	FALSE	0.132647410928661	0.137510371330603	0.130541599336061	-0.696877199454202	0.00469918186444014	0.272106615174504	0.786084746413795	0.908109450595556	-0.00262401577954114	0.938841245504339	-0.00206236940448025	1
ABR	FALSE	FALSE	chr17	-	unannotated splice site	1006840	1007164	325	not an annotated exon	""	chr17:1006170-1006839	chr17:1006170-1007164	inclusion	FALSE	FALSE	0.132647410928661	0.137510371330603	0.130541599336061	-0.696877199454202	0.00469918186444014	0.272106615174504	0.786084746413795	0.908109450595556	-0.00262401577954114	0.938841245504339	-0.00206236940448025	1
ABR	FALSE	FALSE	chr17	-	unannotated splice site	1006905	1007164	260	not an annotated exon	""	chr17:1006170-1006904	chr17:1006170-1007164	inclusion	FALSE	FALSE	0.132647410928661	0.137510371330603	0.130541599336061	-0.696877199454202	0.00469918186444014	0.272106615174504	0.786084746413795	0.908109450595556	-0.00262401577954114	0.938841245504339	-0.00206236940448025	1
ABR	FALSE	FALSE	chr17	-	unannotated splice site	1007035	1007164	130	not an annotated exon	""	chr17:1006170-1007034	chr17:1006170-1007164	inclusion	FALSE	FALSE	0.132647410928661	0.137510371330603	0.130541599336061	-0.696877199454202	0.00469918186444014	0.272106615174504	0.786084746413795	0.908109450595556	-0.00262401577954114	0.938841245504339	-0.00206236940448025	1
ABR	FALSE	FALSE	chr17	-	unannotated splice site	1007100	1007164	65	not an annotated exon	""	chr17:1006170-1007099	chr17:1006170-1007164	inclusion	FALSE	FALSE	0.132647410928661	0.137510371330603	0.130541599336061	-0.696877199454202	0.00469918186444014	0.272106615174504	0.786084746413795	0.908109450595556	-0.00262401577954114	0.938841245504339	-0.00206236940448025	1
ACADVL	FALSE	FALSE	chr17	+	alternative 3' splice site	7224480	7224483	4	coding exon	nonsense_mediated_decay;processed_transcript;protein_coding;retained_intron	chr17:7224394-7224479	chr17:7224394-7224483	skipping	TRUE	FALSE		0.0422971271292287	0.0399302290790187	-0.236689805021004	-0.107242749351291	-1.65222609837154	0.101563656250582	0.223808847540694	-0.0395930310917164	0.529513983860285	-0.0709836627357044	0.409302684141482
ACLY	FALSE	FALSE	chr17	-	alternative 3' splice site	41913897	41913900	4	coding exon	protein_coding	chr17:41913901-41918879	chr17:41913897-41918879	inclusion	TRUE	FALSE		0.354204870696422	0.38332206530184	2.91171946054177	0.143361293691442	1.44883963091535	0.150480012524016	0.303188698219301	-0.0355490000533439	0.767928378608926	-0.0102014518493313	1
ACLY	FALSE	FALSE	chr17	-	cassette exon	41896620	41896649	30	coding exon	protein_coding	chr17:41893175-41896619	chr17:41893175-41897748	skipping	TRUE	TRUE	0.426555885882983	0.402374791991158	0.429679341112249	2.73045491210911	0.078282988077816	0.885292772503425	0.378060832000024	0.576735013699811	0.0154144986002624	0.921637828126475	0.0358323549359726	0.925794517878951
ACP1	FALSE	FALSE	chr2	+	cassette exon	272192	272305	114	coding exon	nonsense_mediated_decay;protein_coding	chr2:272306-275139	chr2:272151-275139	skipping	TRUE	FALSE	0.487428699501054	0.385429014544478	0.568549836489488	18.312082194501	0.288730418576934	5.76745380639112	8.49658244482632e-08	2.14050939961885e-06	-0.0579925372816893	0.192301648075535	-0.00417064617518993	1
ACP1	FALSE	FALSE	chr2	+	cassette exon	272037	272150	114	coding exon	nonsense_mediated_decay;processed_transcript;protein_coding;retained_intron	chr2:271940-272036	chr2:271940-272191	skipping	TRUE	FALSE	0.175881425826326	0.236078033369689	0.130440125743645	-10.5637907626044	-0.299121132173161	-2.75084398584005	0.00702357854146431	0.0290598426028226	0.106777194777741	0.231713720879217	0.0597544841475367	0.846802145998523
ACTN1	FALSE	FALSE	chr14	-	cassette exon	68878989	68879069	81	coding exon	nonsense_mediated_decay;protein_coding;retained_intron	chr14:68879070-68879961	chr14:68878524-68879961	skipping	TRUE	FALSE	0.0914713456345209	0.145474720879236	0.0591326460210992	-8.6342074858137	-0.427145752050041	-6.26476185855475	8.77364770352678e-09	2.98391758396947e-07	0.12510953654018	0.0131974965887407	0.0528409264211145	0.685750082706529
ACTN1	FALSE	FALSE	chr14	-	cassette exon	68878458	68878523	66	coding exon	nonsense_mediated_decay;protein_coding;retained_intron	chr14:68877241-68878457	chr14:68877241-68878988	inclusion	TRUE	FALSE	0.13042542144366	0.201210246722787	0.0862487482459273	-11.4961498476859	-0.341031922378868	-5.4954558240274	2.83613975709321e-07	6.18314827812437e-06	0.0922731998534379	0.0524113635031292	0.0331497613928677	0.853966070835217
ADAMTS2	FALSE	FALSE	chr5	-	cassette exon	179150888	179151200	313	coding exon	protein_coding	chr5:179151201-179152141	chr5:179140036-179152141	inclusion	TRUE	FALSE	0.132832642957333	0.136257461409647	0.130495266751416	-0.576219465823147	-0.0200507055593342	-0.297830468774442	0.766432470717338	0.893295693252114	0.0728410047481588	0.147107859516309	0.0819769135195048	0.293588017304616
ADAMTSL1	FALSE	FALSE	chr9	+	cassette exon	18675857	18675907	51	coding exon	protein_coding	chr9:18662074-18675856	chr9:18662074-18680311	skipping	TRUE	TRUE	0.194514792594546	0.15257318724519	0.217045973196604	6.44727859514145	0.220409102279878	2.81671325283846	0.00581626348729352	0.0251348311566523	-0.0513178895408615	0.495586947167869	-0.0115502061116231	1
ADD1	FALSE	FALSE	chr4	+	cassette exon	2926642	2926675	34	coding exon	protein_coding;retained_intron	chr4:2926676-2928170	chr4:2926113-2928170	inclusion	TRUE	TRUE	0.0749070071738563	0.0574239533960586	0.0850632912913897	2.76393378953311	0.216652658621147	3.28911173656108	0.00137605141225325	0.00799013521639285	-0.0199755824950761	0.823063273377401	0.024814172672986	0.947283790071782
ADIRF	FALSE	FALSE	chr10	+	cassette exon	86970200	86970262	63	coding exon	nonsense_mediated_decay;protein_coding	chr10:86970263-86970475	chr10:86968606-86970475	inclusion	TRUE	FALSE		0.774862463016486	0.861614131696317	8.67516686798311	0.0877100837355356	1.36002362070848	0.176850487670401	0.340968542271562	-0.0113218765692436	0.921043884018982	0.00605729752812944	1
ADPGK	FALSE	FALSE	chr15	-	alternative 3' splice site	72752893	72752895	3	NMD-only exon	nonsense_mediated_decay	chr15:72752896-72755555	chr15:72752893-72755555	inclusion	TRUE	FALSE	0.49071647889178	0.452419234204034	0.509783229532784	5.73639953287508	0.051599084120934	1.03686530545605	0.302226734522187	0.499209870864477	-0.0155936938675207	0.800312332292369	-0.00695355708436964	1
ADPGK	FALSE	FALSE	chr15	-	unannotated splice site	72756251	72758064	1814	not an annotated exon	""	chr15:72755655-72756250	chr15:72755655-72758064	skipping	TRUE	FALSE	0.498688617571184	0.499419026870007	0.498946985040685	-0.0472041829322201	-0.00194225935277293	-0.48109839385337	0.631467008446852	0.800127179664518	0.000779422085890372	0.902840137738674	0.000490199614456338	1
ADRM1	FALSE	FALSE	chr20	+	cassette exon	62304461	62304577	117	coding exon	protein_coding	chr20:62303782-62304460	chr20:62303782-62306196	skipping	TRUE	TRUE	0.200585595506777	0.17868979141177	0.198327037521015	1.96372461092451	0.167585225262016	2.10496799712176	0.0377267441214637	0.101994162763989	-0.0410054634540723	0.637209752049209	-0.0111402597992258	1
AHNAK	FALSE	FALSE	chr11	+	unannotated splice site	62522153	62522536	384	not an annotated exon	""	chr11:62522537-62525266	chr11:62522153-62525266	skipping	FALSE	FALSE	0.0396587142315257	0.0240965184891992	0.0483589289381407	2.42624104489415	0.407103265689036	5.02936576122955	2.08917525592651e-06	3.51746784426042e-05	-0.129439905420176	0.0276774292998964	-0.0624706098329451	0.685750082706529
AHNAK	FALSE	FALSE	chr11	+	unannotated splice site	62521478	62525743	4266	not an annotated exon	""	chr11:62525744-62527696	chr11:62521478-62527696	inclusion	FALSE	FALSE	0.0986996540626553	0.0699074411162463	0.112930936342706	4.30234952264594	0.231446504642672	3.92980738918521	0.000154147029364436	0.00131918664983427	-0.0780295957019524	0.075836141598692	-0.0407868817313839	0.758382029793544
AHNAK	FALSE	FALSE	chr11	+	unannotated splice site	62522537	62524882	2346	not an annotated exon	""	chr11:62524883-62525266	chr11:62522537-62525266	inclusion	FALSE	FALSE	0.379719819319282	0.53987621535202	0.294628663494178	-24.5247551857842	-0.414252999652839	-3.41353040400776	0.000918047750302693	0.00585793695831043	0.138938700439241	0.145772543836227	0.07214499359224	0.801020692772742
AHNAK	FALSE	FALSE	chr11	+	unannotated splice site	62522921	62525266	2346	not an annotated exon	""	chr11:62522537-62522920	chr11:62522537-62525266	skipping	FALSE	FALSE	0.435153471444494	0.324690485319025	0.492109659783865	16.741917446484	0.320329797188952	3.19292997000967	0.00186836332254647	0.0101995243338372	-0.0950322622450456	0.268661481983372	-0.0410619300780618	0.92402910572514
AHNAK	FALSE	FALSE	chr11	+	unannotated splice site	62521478	62523013	1536	not an annotated exon	""	chr11:62523014-62527696	chr11:62521478-62527696	inclusion	FALSE	FALSE	0.124110809795421	0.0949197979727606	0.139180801092564	4.42610031198029	0.210993027323438	3.06170100515486	0.00280746328287585	0.0138983735444844	-0.0653631398106157	0.268661481983372	-0.0303320642517844	0.913202703092532
AHNAK	FALSE	FALSE	chr11	+	unannotated splice site	62527697	62530663	2967	not an annotated exon	""	chr11:62526896-62527696	chr11:62526896-62530663	skipping	FALSE	FALSE	0.381516297813178	0.288775067564574	0.42257123795427	13.3796170389696	0.283478529312928	2.81750493185616	0.00580298405619935	0.0251348311566523	-0.0573411176271863	0.585081647948702	-0.00457369984252248	1
AHNAK	FALSE	FALSE	chr11	-	cassette exon	62515902	62534074	18173	coding exon	protein_coding	chr11:62534075-62535002	chr11:62491832-62535002	skipping	TRUE	FALSE	0.0827074009730741	0.103490314483485	0.0764791999722946	-2.70111145111899	-0.250765787992385	-2.81550808988261	0.00583653196710309	0.0251584857035711	0.0077159320600101	0.988207358382293	-0.0470081316195842	0.855196191594143
AHNAK	FALSE	FALSE	chr11	+	unannotated splice site	62520086	62521477	1392	not an annotated exon	""	chr11:62521478-62527696	chr11:62520086-62527696	skipping	FALSE	FALSE	0.177543187138563	0.137575858915149	0.196024490636203	5.84486317210536	0.216042636200328	2.74924930841695	0.00705545235368077	0.0290855678240828	-0.0612760012013241	0.390601653612548	-0.0243492800249618	0.983234759464368
AHNAK	FALSE	FALSE	chr11	+	unannotated splice site	62521478	62526895	5418	not an annotated exon	""	chr11:62526896-62527696	chr11:62521478-62527696	inclusion	FALSE	FALSE	0.21196207122615	0.401340841901829	0.115552972806483	-28.5787869095346	-0.359307487670404	-2.58828187367991	0.011038632936233	0.0400238705928876	0.0904703284698556	0.495586947167869	0.0269161767821063	1
AHNAK	FALSE	FALSE	chr11	+	unannotated splice site	62521478	62526511	5034	not an annotated exon	""	chr11:62526512-62527696	chr11:62521478-62527696	inclusion	FALSE	FALSE	0.0854351020457565	0.0711397447923943	0.0918671204580186	2.07273756656243	0.110934586436482	1.74338956614769	0.0842495130211269	0.193865083751592	-0.0168117173750201	0.849462442424138	0.00489076200639386	1
AHNAK	FALSE	FALSE	chr11	+	unannotated splice site	62520086	62521477	1392	not an annotated exon	""	chr11:62521478-62528281	chr11:62520086-62528281	inclusion	FALSE	FALSE		0.656931742557728	0.727546571443645	7.06148288859168	0.154561036971031	1.72645485798708	0.0875861122594757	0.199517995843588	-0.0376216522917544	0.698636973063575	-0.0123508703607314	1
AHNAK	FALSE	FALSE	chr11	+	unannotated splice site	62522153	62522536	384	not an annotated exon	""	chr11:62522537-62522920	chr11:62522153-62522920	skipping	FALSE	FALSE	0.103597699454669	0.176738467868294	0.0680216270091104	-10.8716840859184	0.119310467949166	1.52349794774264	0.130698655735068	0.272535946140385	-0.0430437228867801	0.593766940958157	-0.0243726098403832	0.983234759464368
AHNAK	FALSE	FALSE	chr11	+	unannotated splice site	62525744	62528281	2538	not an annotated exon	""	chr11:62528282-62530663	chr11:62525744-62530663	inclusion	FALSE	FALSE		0.28311759545021	0.277896894499586	-0.522070095062371	-0.0228491137624643	-1.28476309915565	0.202135799510113	0.374795155515339	0.0198953384066003	0.10716636158337	0.0185906928222467	0.407662671084697
AHNAK	FALSE	FALSE	chr11	+	unannotated splice site	62525744	62526895	1152	not an annotated exon	""	chr11:62526896-62530663	chr11:62525744-62530663	inclusion	FALSE	FALSE		0.358441202274895	0.361051552750207	0.261035047531188	0.0086723679916599	1.10828548323545	0.270659162087723	0.460947326119352	-0.0079049196558556	0.171005072611653	-0.00746688574761688	0.474131077937937
AHNAK	FALSE	FALSE	chr11	+	unannotated splice site	62527697	62528281	585	not an annotated exon	""	chr11:62521478-62527696	chr11:62521478-62528281	skipping	FALSE	FALSE		0.374225998903734	0.383746332254709	0.952033335097441	0.0130014344078694	0.966653507270495	0.336279295670604	0.532442218145123	0.00437601930353266	0.788473083121456	0.00765465189333325	0.801020692772742
AHNAK	FALSE	FALSE	chr11	+	unannotated splice site	62528432	62528632	201	not an annotated exon	""	chr11:62528633-62530429	chr11:62528432-62530429	inclusion	FALSE	FALSE		0.264979459391585	0.242811059357156	-2.21684000344292	-0.0306248538476544	-0.704207575616649	0.483101734022835	0.67278807395351	0.0201085379215351	0.658211357946092	0.0173003759453508	0.918734422990594
AHNAK	FALSE	FALSE	chr11	+	unannotated splice site	62527697	62528281	585	not an annotated exon	""	chr11:62523014-62527696	chr11:62523014-62528281	skipping	FALSE	FALSE		0.0980684704840845	0.0806486527459504	-1.74198177381342	0.0548102289200215	0.622076727607841	0.535413563947354	0.723457104086194	-0.104855198417449	0.077596997811502	-0.111399260942102	0.232650869864478
AHNAK	FALSE	FALSE	chr11	+	unannotated splice site	62528432	62529439	1008	not an annotated exon	""	chr11:62529440-62530429	chr11:62528432-62530429	inclusion	FALSE	FALSE		0.120482489443178	0.12021980154629	-0.0262687896887603	0.040758471284275	0.589326432099586	0.557102578293112	0.743605129032525	0.00243460235707863	1	0.0108896108332469	1
AHNAK	FALSE	FALSE	chr11	+	unannotated splice site	62520086	62523013	2928	not an annotated exon	""	chr11:62523014-62528281	chr11:62520086-62528281	inclusion	FALSE	FALSE		0.10751123874601	0.041786486802187	-6.57247519438229	-0.0787592847082242	-0.558446142873485	0.577881839402107	0.758340754555317	-0.0586144272763606	0.697413256157416	-0.0846710498054088	0.790958395735541
AHNAK	FALSE	FALSE	chr11	+	unannotated splice site	62527697	62528281	585	not an annotated exon	""	chr11:62520086-62527696	chr11:62520086-62528281	skipping	FALSE	FALSE		0.259502068276199	0.25704168925295	-0.246037902324853	-0.00784861539508167	-0.406771129763072	0.685131227324589	0.83504076662381	0.00850479597493538	0.680546396015288	0.00832662015396597	0.902506498809721
AHNAK	FALSE	FALSE	chr11	+	unannotated splice site	62527697	62530663	2967	not an annotated exon	""	chr11:62525744-62527696	chr11:62525744-62530663	skipping	FALSE	FALSE		0.435848210159591	0.427926844106223	-0.792136605336857	-0.011145878999307	-0.330858455208022	0.741512019440902	0.879931046098572	0.0278667072403633	0.298902429544598	0.0301648589871288	0.517869765463628
AK5	FALSE	FALSE	chr1	+	cassette exon	77371378	77371467	90	non-coding annotation only	processed_transcript	chr1:77371468-77410980	chr1:77340569-77410980	inclusion	TRUE	FALSE	0.303100159172068	0.237981261391165	0.332835217129296	9.48539557381309	0.221929717290344	2.33332350772295	0.0215741614171321	0.0673675580885851	-0.0525065640497583	0.599460639389804	-0.0126206618840748	1
AK6	FALSE	FALSE	chr5	-	unannotated splice site	69355954	69365754	9801	not an annotated exon	""	chr5:69365755-69366502	chr5:69355954-69366502	inclusion	TRUE	FALSE	0.40379036682106	0.423543216921563	0.38651294624404	-3.70302706775226	-0.143452336701576	-2.66308414446539	0.00898658749607305	0.0347311182660732	0.0906993479023144	0.00882972504211535	0.0755361583693667	0.184446389091067
AKR1C1	FALSE	FALSE	chr10	+	unannotated splice site	4975851	5105594	129744	not an annotated exon	""	chr10:4972750-4975850	chr10:4972750-5105594	skipping	FALSE	FALSE	0.257463641104079	0.376842225783544	0.187408721085024	-18.943350469852	-0.416887960350733	-4.07905174402631	8.93116800018497e-05	0.000822024367928598	0.180849503367528	0.00810636053077048	0.12130619539382	0.330176830903479
AKR7A2	FALSE	FALSE	chr1	-	unannotated splice site	19267462	19304386	36925	not an annotated exon	""	chr1:19304387-19306017	chr1:19267462-19306017	inclusion	FALSE	FALSE		0.333333333333333	0.333444890673806	0.0111557340473023	7.27734458406467e-05	0.0191019151727459	0.984798640741263	1	0.000158132637826701	1	0.000203135045006249	1
AKR7L	FALSE	FALSE	chr1	-	unannotated splice site	19268572	19306017	37446	not an annotated exon	""	chr1:19267462-19268571	chr1:19267462-19306017	skipping	FALSE	FALSE		0.487533004103425	0.515595987506125	2.80629834027001	0.00431380495457757	0.142881522497223	0.886677113218007	0.976867140283266	0.00698331818171772	0.865357879812485	0.00921277327768438	0.983234759464368
ALCAM	FALSE	FALSE	chr3	+	cassette exon	105552144	105552182	39	coding exon	protein_coding;retained_intron	chr3:105550260-105552143	chr3:105550260-105552467	skipping	TRUE	TRUE	0.119893014384711	0.0893894786560746	0.137764598481371	4.83751198252968	0.23711038589767	4.31884290424758	3.61915442382309e-05	0.000375266591323853	-0.0768075085433347	0.059124675468609	-0.0380675497434319	0.757064859105487
ALDH18A1	FALSE	FALSE	chr10	-	alternative 5' splice site	95633491	95633496	6	coding exon	protein_coding	chr10:95633050-95633490	chr10:95633050-95633496	skipping	TRUE	FALSE	0.128468870717026	0.119841362107697	0.127905407113212	0.8064045005515	0.00528667875801902	0.0552880803906188	0.956016060641774	1	-0.0517705786497084	0.596113275894501	-0.0602715817613183	0.790958395735541
AMOTL2	FALSE	FALSE	chr3	-	alternative 3' splice site	134358717	134358719	3	coding exon	protein_coding;retained_intron	chr3:134358720-134359282	chr3:134358717-134359282	skipping	TRUE	FALSE	0.151769530820852	0.153526947227335	0.154798967846076	0.127202061874088	0.0246837507401914	0.345707503384993	0.730267630231761	0.872370990663232	0.0167963234495176	0.864201202457099	0.0254673128508436	0.96580989741943
ANAPC11	FALSE	FALSE	chr17	+	cassette exon	81893552	81893614	63	coding exon	protein_coding	chr17:81893615-81894466	chr17:81891864-81894466	skipping	TRUE	TRUE	0.0458490920461662	0.0351513560305197	0.0510579778820779	1.59066218515581	0.240747731901243	3.45807863597998	0.000792253549387994	0.00517169735406635	-0.0863888418015083	0.098569461022964	-0.0486266318185413	0.75012242790003
ANAPC5	FALSE	FALSE	chr12	-	alternative 3' splice site	121328459	121328497	39	coding exon	nonsense_mediated_decay;processed_transcript;protein_coding;retained_intron	chr12:121328498-121330582	chr12:121328459-121330582	skipping	TRUE	FALSE	0.236249128628597	0.245039373965271	0.24135103489967	-0.368833906560073	-0.04346496118616	-0.541254145708136	0.589501189003528	0.766982993037872	0.0141826632665642	0.918975275879358	0.00710046778849516	1
ANG	FALSE	FALSE	chr14	+	unannotated splice site	20693547	20699354	5808	not an annotated exon	""	chr14:20684759-20693546	chr14:20684759-20699354	inclusion	TRUE	FALSE	0.292487649310882	0.265319781625495	0.324018576266975	5.86987946414807	0.073950027695868	1.27733485339169	0.204355808151923	0.377725056263418	0.0558516329434455	0.22490937336835	0.082863872319247	0.177283361888173
ANKRD13A	FALSE	FALSE	chr12	+	alternative 3' splice site	110027705	110027707	3	coding exon	nonsense_mediated_decay;protein_coding;retained_intron	chr12:110025824-110027704	chr12:110025824-110027707	skipping	TRUE	FALSE	0.179077708993754	0.150723348142515	0.198895734432758	4.81723862902425	0.141831061322677	2.46269519696908	0.0154481520327327	0.0528031809681648	-0.0265555276398613	0.685774411613939	0.000244417992534007	1
ANKRD13A	FALSE	FALSE	chr12	+	unannotated splice site	110028509	110028511	3	not an annotated exon	""	chr12:110027767-110028508	chr12:110027767-110028511	inclusion	TRUE	FALSE	0.103532732820381	0.10277275880979	0.101664583059063	-0.110817575072679	0.016888663345862	0.302348187806913	0.762996347488405	0.892824794415407	-0.0573509986902865	0.180154543315143	-0.0642973156222415	0.362833350027931
ANKUB1	FALSE	FALSE	chr3	-	unannotated splice site	149966265	149966586	322	not an annotated exon	""	chr3:149966587-149968357	chr3:149966265-149968357	inclusion	TRUE	FALSE	0.109044585795836	0.0844108392129728	0.123560326395365	3.91494871823926	0.161459722897053	3.35730316737886	0.00110368558702081	0.00671490998471875	-0.0379558916782604	0.393506392784944	-0.00889219533144275	1
ANLN	FALSE	FALSE	chr7	+	cassette exon	36417080	36417190	111	coding exon	protein_coding	chr7:36417191-36419243	chr7:36415885-36419243	skipping	TRUE	TRUE	0.242773829835486	0.225836230543835	0.251425189959435	2.55889594155993	0.357818871299025	3.39786242047574	0.000966589594670165	0.00607647174024628	-0.0511252042592164	0.679843854884279	0.0194561272046629	1
ANLN	FALSE	FALSE	chr7	+	unannotated splice site	36419468	36419479	12	not an annotated exon	""	chr7:36419480-36420168	chr7:36419468-36420168	skipping	TRUE	FALSE	0.105984641342401	0.105691282165823	0.107226888151178	0.153560598535492	0.383112046636005	3.38937783351573	0.000993872644966712	0.00614739234303723	-0.0823082924387694	0.444528583664072	-0.0118953613135828	1
ANP32E	FALSE	FALSE	chr1	-	other	150220759	150220761	3	not an annotated exon	""	chr1:150220762-150223185	chr1:150220759-150223185	skipping	TRUE	FALSE	0.0765151867719769	0.0889711510863364	0.0662888070913202	-2.26823439950161	-0.0335658581496311	-0.339297483126959	0.735076454834502	0.875348397371199	0.0251269862293857	0.851968286160255	0.0223094740225844	1
ANTXR1	FALSE	FALSE	chr2	+	unannotated splice site	69130110	69152168	22059	not an annotated exon	""	chr2:69124644-69130109	chr2:69124644-69152168	inclusion	TRUE	FALSE	0.0503883902459787	0.0476536804691816	0.0501644269314631	0.251074646228145	0.170051659430066	2.05586793502987	0.0423243837253867	0.112809740634828	-0.0485311461533966	0.555667810583822	-0.0195213899841751	1
ANTXR1	FALSE	FALSE	chr2	+	cassette exon	69145326	69146401	1076	coding exon	protein_coding	chr2:69124644-69145325	chr2:69124644-69152168	inclusion	TRUE	FALSE	0.336811403857753	0.353528234465601	0.32693096599644	-2.6597268469161	0.00724704849240571	0.205193954465905	0.837825564079925	0.945403033654885	-0.0114827539193309	0.793030961044261	-0.0120077007669658	0.975731957864155
ANXA1	FALSE	FALSE	chr9	+	unannotated splice site	73151925	73154581	2657	not an annotated exon	""	chr9:73154582-73158521	chr9:73151925-73158521	inclusion	TRUE	FALSE	0.205185690834359	0.24663154133611	0.157397001509288	-8.92345398268221	-0.144754218523476	-1.93475773428812	0.055763095161077	0.138937938932471	-0.0195678670388537	0.849993191454597	-0.0556512246076529	0.711243064230179
ANXA11	FALSE	FALSE	chr10	-	cassette exon	80176107	80176155	49	coding exon	processed_transcript;protein_coding	chr10:80172870-80176106	chr10:80172870-80205342	skipping	TRUE	FALSE	0.17074608629922	0.115081656020911	0.202386657954092	8.73050019331814	0.487094921723279	4.76711979245177	6.16113978506601e-06	8.34822167689624e-05	-0.0532502108088007	0.666911475564118	0.0458893561100053	0.907169199855509
ANXA2	FALSE	FALSE	chr15	-	cassette exon	60390213	60390317	105	coding exon	nonsense_mediated_decay;protein_coding	chr15:60386087-60390212	chr15:60386087-60397257	inclusion	TRUE	FALSE	0.0315745074791925	0.0381517549059614	0.0279101259766765	-1.02416289292849	-0.185193739643479	-3.19225187092664	0.00187235512838778	0.0102049355635366	0.0309889171533204	0.633580575608525	-0.00469418861073581	1
ANXA2	FALSE	FALSE	chr15	-	cassette exon	60382342	60382441	100	coding exon	nonsense_mediated_decay;processed_transcript;protein_coding;retained_intron	chr15:60382442-60386027	chr15:60364524-60386027	inclusion	TRUE	TRUE		0.746571599371727	0.958783435264536	21.2211835892809	0.425292579650024	2.61269143084393	0.0103973279772146	0.0380730198619683	-0.136629253819113	0.33191838012724	-0.0675668831443905	0.918734422990594
ANXA2	FALSE	FALSE	chr15	-	cassette exon	60397258	60397338	81	coding exon	nonsense_mediated_decay;processed_transcript;protein_coding	chr15:60386087-60397257	chr15:60386087-60397942	skipping	TRUE	FALSE	0.0601056592026729	0.0567233628953522	0.0610620012522135	0.43386383568613	-0.0320528020819378	-0.409382161448428	0.683109306116786	0.833604144278145	0.00684593881810741	0.985475285544642	0.000947345761809406	1
ANXA6	FALSE	FALSE	chr5	-	cassette exon	151110627	151110644	18	coding exon	protein_coding	chr5:151110645-151117126	chr5:151109847-151117126	skipping	TRUE	TRUE	0.214494541420005	0.229865491900846	0.205022276831768	-2.48432150690788	-0.0435088809928156	-1.60182440248618	0.11225701247875	0.240874510687842	0.0348523253546487	0.0652316200655397	0.0316271310574244	0.347403424194094
AOPEP	FALSE	FALSE	chr9	+	cassette exon	95082575	95083035	461	coding exon	protein_coding	chr9:95080781-95082574	chr9:95080781-95086681	skipping	TRUE	FALSE	0.276556703201042	0.317814300332758	0.261137904279358	-5.66763960534	-0.0207645487278699	-0.253444930340341	0.800429601087129	0.917310980242432	0.0587999782726451	0.420567617136139	0.0651492307439069	0.671775968055238
AP2A2	FALSE	FALSE	chr11	+	alternative 3' splice site	985432	985434	3	coding exon	nonsense_mediated_decay;protein_coding;retained_intron	chr11:984754-985431	chr11:984754-985434	inclusion	TRUE	FALSE	0.254408504052746	0.246298307905703	0.24569134030456	-0.0606967601142483	-0.0257143198268153	-0.394891366206709	0.693739620959482	0.842044415018986	0.00404843270899509	1	-0.000953792999877979	1
AP2S1	FALSE	FALSE	chr19	-	cassette exon	46850134	46850316	183	coding exon	protein_coding	chr19:46846143-46850133	chr19:46846143-46850763	skipping	TRUE	FALSE		0.597025868174527	0.836544815857379	23.9518947682852	0.603311025509836	5.46328808621819	3.3723533789019e-07	7.21344266770156e-06	-0.102698393078692	0.33191838012724	0.0132851498214672	1
AP3S1	FALSE	FALSE	chr5	+	cassette exon	115895087	115895158	72	coding exon	nonsense_mediated_decay;processed_transcript;protein_coding;retained_intron	chr5:115895159-115902884	chr5:115870129-115902884	skipping	TRUE	FALSE	0.034814800715541	0.0316275981610878	0.0359348539105752	0.430725574948745	0.0496976617250391	0.77701768752749	0.438929219490136	0.629607033102472	0.00689359484234687	0.973039865376012	0.0193147197024737	0.985187378373503
APEX1	FALSE	FALSE	chr14	+	other	20455339	20455394	56	not an annotated exon	""	chr14:20455395-20455577	chr14:20455339-20455577	skipping	TRUE	FALSE	0.124819908019226	0.113225567752643	0.125634613236613	1.24090454839699	0.21195111010939	2.31414079872521	0.0226454148184874	0.0699519126227753	-0.0252938238666712	0.838155612483686	0.0174479334536949	1
API5	FALSE	FALSE	chr11	+	alternative 3' splice site	43342428	43342432	5	coding exon	protein_coding	chr11:43335995-43342427	chr11:43335995-43342432	skipping	TRUE	FALSE	0.401667519651558	0.34764004994027	0.426365896181562	7.87258462412924	0.0281322383153918	0.504990704898157	0.614644154795464	0.788831988852593	-0.0314811734130307	0.568283483417414	-0.0310694340207461	0.842528559606514
APLP2	FALSE	FALSE	chr11	+	cassette exon	130135563	130135715	153	coding exon	nonsense_mediated_decay;protein_coding	chr11:130135716-130140397	chr11:130133729-130140397	skipping	TRUE	TRUE	0.0356368720683616	0.0264379026136184	0.0430412667721929	1.66033641585745	0.245259148152799	6.11940143076389	1.71790382966921e-08	5.40980641176386e-07	-0.063793665627133	0.0388996484384497	-0.0207939104264803	0.860387678897681
APLP2	FALSE	FALSE	chr11	+	cassette exon	130137256	130137291	36	coding exon	nonsense_mediated_decay;protein_coding	chr11:130137292-130140397	chr11:130135716-130140397	inclusion	TRUE	TRUE	0.0866919213259724	0.0684811718302132	0.100016519994798	3.15353481645845	0.181916782636984	5.9565979759781	3.61732665993881e-08	9.84202237636152e-07	-0.0512563504265057	0.0262664236271228	-0.0200988212330815	0.781325204460825
APLP2	FALSE	FALSE	chr11	+	cassette exon	130123612	130123779	168	coding exon	protein_coding	chr11:130123780-130126699	chr11:130122514-130126699	inclusion	TRUE	TRUE	0.145911375661657	0.134363980545865	0.154129842859461	1.97658623135966	0.093184354117356	4.00226831755599	0.000118455204642841	0.00106017408155344	-0.0046612572450852	0.905392087338134	0.0153385361302869	0.781325204460825
APP	FALSE	FALSE	chr21	-	cassette exon	25997360	25997416	57	coding exon	protein_coding	chr21:25997417-26000014	chr21:25982478-26000014	skipping	TRUE	TRUE	0.299031004631773	0.249576858680105	0.329967335114858	8.03904764347534	0.144758904908297	5.40695049404328	4.17262854576723e-07	8.65311566106972e-06	-0.0568683485614134	0.00188367873223421	-0.0350834737149399	0.239258024551486
APP	FALSE	FALSE	chr21	-	cassette exon	25905024	25905077	54	coding exon	protein_coding	chr21:25905078-25911740	chr21:25897674-25911740	skipping	TRUE	TRUE	0.0343107735668347	0.0391127108079257	0.0313638956029786	-0.774881520494711	-0.145023386100764	-2.78034626006579	0.00645707880102725	0.0272125464712437	0.0800687130374684	0.0210009084179369	0.0625648758094577	0.317563130825888
APP	FALSE	FALSE	chr21	-	cassette exon	26000015	26000182	168	coding exon	processed_transcript;protein_coding	chr21:26000183-26021839	chr21:25982478-26021839	skipping	TRUE	FALSE	0.0214463377387669	0.0156406753691949	0.0254156314635204	0.977495609432551	0.147094635455262	2.69397911419437	0.00824496576436419	0.0325930312723091	-0.0575520121375495	0.185053426761106	-0.0353718692276776	0.790958395735541
APPL2	FALSE	FALSE	chr12	-	cassette exon	105176876	105177016	141	coding exon	nonsense_mediated_decay;protein_coding;retained_intron	chr12:105176083-105176875	chr12:105176083-105177225	skipping	TRUE	TRUE	0.119304236170971	0.0946830827225042	0.138904959460155	4.42218767376504	0.177626946306901	3.11511114665124	0.00238204387793073	0.0121641610042679	-0.0186706605071288	0.800312332292369	0.017622078507305	0.983234759464368
APRT	FALSE	FALSE	chr16	-	cassette exon	88809736	88809840	105	non-coding annotation only	retained_intron	chr16:88809841-88810069	chr16:88809707-88810069	skipping	TRUE	FALSE	0.346411617831949	0.292732471527494	0.393146194045904	10.041372251841	0.127798279449894	3.12498849336968	0.00231025173723764	0.0118867869263921	-0.053115346258745	0.0736566059401999	-0.0344272774529219	0.618142836076918
ARHGAP23	FALSE	FALSE	chr17	+	cassette exon	38498414	38498510	97	coding exon	protein_coding	chr17:38498511-38500596	chr17:38497827-38500596	skipping	TRUE	TRUE	0.214804064141203	0.203066650593442	0.213734756547873	1.06681059544312	0.103846220864296	1.57272340270527	0.118849725516701	0.252157153139301	-0.0443715987622199	0.467803958187632	-0.0294126472199148	0.908552550007806
ARHGEF2	FALSE	FALSE	chr1	-	alternative 5' splice site	155950269	155950298	30	coding exon	protein_coding	chr1:155948016-155950268	chr1:155948016-155950298	inclusion	TRUE	FALSE	0.275235102743411	0.239090758425841	0.307070158749433	6.79794003235917	0.283317511486963	3.00852095615188	0.00330008324820753	0.0158749407739092	-0.0576794671842772	0.548359975491591	-0.00501141257925549	1
ASB3	FALSE	FALSE	chr2	+	unannotated splice site	53801843	53808460	6618	not an annotated exon	""	chr2:53808461-53809213	chr2:53801843-53809213	skipping	TRUE	FALSE	0.207814985467963	0.19652538908424	0.202617330421954	0.609194133771376	0.0629563205227156	1.09829953656224	0.274634476081853	0.464461388938033	0.000755456099792485	1	0.0149979989051779	1
ASB3	FALSE	FALSE	chr2	+	unannotated splice site	53808299	53809213	915	not an annotated exon	""	chr2:53801843-53808298	chr2:53801843-53809213	skipping	TRUE	FALSE	0.226047686006476	0.213500779426464	0.214248167713474	0.0747388287009793	0.0400011655599922	0.683878594004316	0.495587533098692	0.68655527497705	0.000521064056299142	1	0.00957816797967678	1
ASPH	FALSE	FALSE	chr8	-	cassette exon	61643945	61644001	57	coding exon	protein_coding	chr8:61643434-61643944	chr8:61643434-61644599	skipping	TRUE	TRUE	0.244615155200888	0.219666993400327	0.253750834362979	3.40838409626516	0.144540432848997	4.65273347704742	9.77401860392352e-06	0.000122616003327472	-0.0372433683419107	0.143541900070458	-0.0118360262085626	0.946517121398466
ASPH	FALSE	FALSE	chr8	-	cassette exon	61646750	61646878	129	coding exon	protein_coding;retained_intron	chr8:61644633-61646749	chr8:61644633-61651049	skipping	TRUE	TRUE	0.182581038304568	0.170630543637589	0.183170156967099	1.25396133295099	0.0759247266372037	2.333017436257	0.0215908963000758	0.0673675580885851	-0.0265784119068059	0.343484295654107	-0.0145447172368721	0.908552550007806
ASPH	FALSE	FALSE	chr8	-	cassette exon	61623710	61626280	2571	coding exon	protein_coding	chr8:61626281-61633682	chr8:61619020-61633682	skipping	TRUE	FALSE	0.49406972852559	0.535479293429428	0.469504563306024	-6.59747301234038	-0.0767526803437535	-2.2438545060893	0.0269816578874573	0.0809926023612025	-0.0121838955801439	0.779428468130883	-0.0316546126744505	0.531559292179633
ASPH	FALSE	FALSE	chr8	-	cassette exon	61606461	61607322	862	coding exon	protein_coding	chr8:61607323-61618977	chr8:61584030-61618977	inclusion	TRUE	FALSE	0.0666265711461201	0.0490378975870144	0.0769177191231553	2.7879821536141	0.143312270130016	1.92734688870485	0.0566912339851552	0.140837755137701	-0.0160395037150878	0.881936576076186	0.0130595255674184	1
ASPH	FALSE	FALSE	chr8	-	cassette exon	61633683	61633727	45	coding exon	processed_transcript;protein_coding;retained_intron	chr8:61619020-61633682	chr8:61619020-61637946	skipping	TRUE	TRUE	0.0986334381489127	0.091330244608459	0.107893559957094	1.65633153486349	0.0722418373287635	1.90039567490681	0.0601773108621404	0.148629654496834	-0.00633553144338462	0.928627702405052	0.00866025172507795	1
ASPH	FALSE	FALSE	chr8	-	cassette exon	61682439	61682483	45	coding exon	protein_coding	chr8:61681037-61682438	chr8:61681037-61684038	inclusion	TRUE	TRUE	0.0481419624629715	0.042728829272225	0.0480871203686263	0.535829109640128	0.0623130399090087	0.875172134734886	0.383516501984747	0.580480473186527	-0.00210751805985792	1	0.0114553407212893	1
ASPH	FALSE	FALSE	chr8	-	alternative 3' splice site	61638361	61638363	3	coding exon	protein_coding	chr8:61638364-61642887	chr8:61638361-61642887	skipping	TRUE	FALSE	0.15941165810871	0.155285393038547	0.162438835262142	0.715344222359446	0.00852570156289399	0.317703245038878	0.751353226488581	0.889127461130016	-0.0111440737417771	0.710132090145602	-0.0113192630545959	0.91701834432199
ATAD3A	FALSE	FALSE	chr1	+	unannotated splice site	1490672	1529331	38660	not an annotated exon	""	chr1:1529332-1533925	chr1:1490672-1533925	inclusion	FALSE	FALSE		0.463450554311078	0.43772078046975	-2.57297738413282	-0.0470857530641217	-4.33770592978288	3.58738419028709e-05	0.000374254405863999	0.00608909050381637	0.620314310192263	-0.00295473027403536	1
ATAD3A	FALSE	FALSE	chr1	+	unannotated splice site	1450759	1516088	65330	not an annotated exon	""	chr1:1516089-1517310	chr1:1450759-1517310	inclusion	FALSE	FALSE		0.323187824466469	0.282036968877625	-4.11508555888439	-0.166932101432894	-2.41075071580767	0.0178437926588289	0.0589287713240111	0.0309532038359477	0.689289910634612	0.000590025685324623	1
ATAD3A	FALSE	FALSE	chr1	+	unannotated splice site	1459232	1526531	67300	not an annotated exon	""	chr1:1526532-1527694	chr1:1459232-1527694	inclusion	FALSE	FALSE		0.514705882352941	0.5	-1.47058823529411	-0.0226419435384643	-0.425339291674732	0.671494243276771	0.826547926668223	-0.0032875280246397	1	-0.00895552051679081	1
ATAD3B	FALSE	FALSE	chr1	+	unannotated splice site	1495485	1533925	38441	not an annotated exon	""	chr1:1490672-1495484	chr1:1490672-1533925	skipping	FALSE	FALSE		0.348131697393276	0.418026784056783	6.98950866635071	0.187567863837341	2.79454172254726	0.0062643471711909	0.0266646367074096	-0.0330793000213035	0.658211357946092	0.00203354817534635	1
ATAD3B	FALSE	FALSE	chr1	+	unannotated splice site	1450759	1477350	26592	not an annotated exon	""	chr1:1477351-1517310	chr1:1450759-1517310	inclusion	FALSE	FALSE		0.229507438627925	0.237648375620571	0.814093699264573	0.100119200034933	2.18350172505513	0.0314618465483526	0.0902206914932102	-0.0221924868165349	0.655214741049296	-0.00464027460928638	1
ATP5F1C	FALSE	FALSE	chr10	+	cassette exon	7806974	7807010	37	coding exon	processed_transcript;protein_coding	chr10:7802855-7806973	chr10:7802855-7807658	inclusion	TRUE	TRUE	0.384867187183856	0.302900762639659	0.431061892933685	12.8161130294026	0.153513131841027	2.7121064404984	0.00783613476851758	0.0316707282848851	-0.0499564607742956	0.301785183292697	-0.0249177164839937	0.913202703092532
ATP5MK	FALSE	FALSE	chr10	-	cassette exon	103395746	103396074	329	coding exon	protein_coding	chr10:103392467-103395745	chr10:103392467-103396408	inclusion	TRUE	FALSE	0.320402194079519	0.26620930724528	0.348791208731622	8.25819014863415	0.243380383158752	3.73228393336744	0.000311068370365846	0.00237207068971804	-0.134690302130246	0.00114057330825421	-0.10537455954107	0.106171673413108
ATP5PB	FALSE	FALSE	chr1	+	cassette exon	111454211	111454356	146	coding exon	processed_transcript;protein_coding	chr1:111454357-111456085	chr1:111449874-111456085	skipping	TRUE	TRUE	0.0407473782633522	0.0347170048827341	0.0448364161630304	1.01194112802963	0.0635682194175796	0.961529881146652	0.338537665931814	0.535021655127369	-0.0344273183998897	0.624358071658217	-0.0266296421757307	0.925794517878951
ATP6V0B	FALSE	FALSE	chr1	+	cassette exon	43975800	43975848	49	coding exon	nonsense_mediated_decay;protein_coding;retained_intron	chr1:43975849-43976089	chr1:43975108-43976089	inclusion	TRUE	TRUE		0.88851097851888	0.862053496029703	-2.64574824891776	-0.261738445151372	-2.14578906015918	0.0342858836206763	0.0948090434314122	0.060607671796675	0.648561225852984	0.0134015402268685	1
ATRN	FALSE	FALSE	chr20	+	cassette exon	3615828	3615947	120	coding exon	protein_coding	chr20:3604263-3615827	chr20:3604263-3624510	skipping	TRUE	FALSE	0.229144015057167	0.224288100991716	0.230603007018963	0.63149060272471	-0.0346497722380897	-0.494625036043396	0.621918206907189	0.792782541863324	0.0163642395183412	0.865357879812485	0.0116646309040011	1
AXL	FALSE	FALSE	chr19	+	cassette exon	41239694	41239720	27	coding exon	protein_coding;retained_intron	chr19:41239315-41239693	chr19:41239315-41242882	skipping	TRUE	TRUE	0.3243051655887	0.404755753580261	0.284074443507233	-12.0681310073028	-0.150853982711397	-3.35384249224705	0.00111619135809757	0.00676678575559683	0.0379031838440567	0.343484295654107	0.0112051439933616	1
AZIN1	FALSE	FALSE	chr8	-	cassette exon	102849999	102850165	167	coding exon	protein_coding	chr8:102843748-102849998	chr8:102843748-102858012	inclusion	TRUE	FALSE	0.364195931395082	0.38976315795847	0.354340301660671	-3.54228562977989	-0.0246626861020304	-0.608309494780375	0.544321332425544	0.731714170584694	-0.0109546851234611	0.838155612483686	-0.0185281145149818	0.900606228927982
BAG6	FALSE	FALSE	chr6	-	cassette exon	31639500	31639646	147	coding exon	nonsense_mediated_decay;processed_transcript;protein_coding	chr6:31639647-31640198	chr6:31639227-31640198	skipping	TRUE	TRUE	0.351866159079504	0.282580943769026	0.394955758508969	11.2374814739944	0.298023846062305	4.3853190182302	2.80177120424927e-05	0.000305263285099044	-0.110638220620707	0.0195623179941869	-0.0645835975063085	0.504984125057773
BAG6	FALSE	FALSE	chr6	-	cassette exon	31644307	31644414	108	coding exon	protein_coding	chr6:31644195-31644306	chr6:31644195-31644524	inclusion	TRUE	TRUE	0.392329708133314	0.290030610454624	0.459912152139613	16.9881541684988	0.327011907643368	4.34428017240041	3.28236888632884e-05	0.000347767494778953	-0.0691347502902732	0.306569736437153	-0.00882287766986725	1
BAX	FALSE	FALSE	chr19	+	unannotated splice site	48961483	48961531	49	not an annotated exon	""	chr19:48960915-48961482	chr19:48960915-48961531	inclusion	TRUE	FALSE	0.105948941799861	0.109964572014221	0.102823774966909	-0.714079704731199	-0.00557960257750721	-0.0891275254327772	0.929153634743883	1	0.00527093799772101	0.987823745136366	0.00500727224557804	1
BCCIP	FALSE	FALSE	chr10	+	cassette exon	125836104	125836551	448	coding exon	protein_coding	chr10:125833947-125836103	chr10:125833947-125841254	skipping	TRUE	FALSE	0.368060476754958	0.415776383678854	0.345862502831127	-6.99138808477265	-0.0748463508095998	-0.999531666410643	0.319879621732532	0.518546517403404	0.0302461576659605	0.724121588893087	0.0191401564628094	1
BECN1	FALSE	FALSE	chr17	-	alternative 5' splice site	42824133	42824154	22	non-coding annotation only	retained_intron	chr17:42823880-42824132	chr17:42823880-42824154	skipping	TRUE	FALSE		0.643181336831158	0.663679679116406	2.04983422852477	0.0336745163367966	0.360876389451737	0.718953084511148	0.862185980402826	-0.0389246129747688	0.70599077682325	-0.0386812395967446	0.919005276558974
BEX3	FALSE	FALSE	chrX	+	other	103377463	103377509	47	not an annotated exon	""	chrX:103377107-103377462	chrX:103377107-103377509	inclusion	TRUE	FALSE	0.157369196854146	0.15766323517412	0.14819638070259	-0.946685447153065	-0.00270403978562187	-0.0389741587825353	0.968986433243922	1	-0.00934480783445185	0.951378333411404	-0.0116986774237476	1
BIRC5	FALSE	FALSE	chr17	+	cassette exon	78216664	78216781	118	coding exon	nonsense_mediated_decay;protein_coding	chr17:78214790-78216663	chr17:78214790-78223464	skipping	TRUE	TRUE	0.126286760810549	0.100778001214378	0.126629475959509	2.58514747451306	0.480117485655619	4.06381111812996	9.448631894266e-05	0.00086383863097846	-0.120275767006988	0.23349765612793	-0.0352380399926273	0.987692370269204
BMP1	FALSE	FALSE	chr8	+	cassette exon	22201118	22201482	365	coding exon	nonsense_mediated_decay;protein_coding;retained_intron	chr8:22197421-22201117	chr8:22197421-22201802	inclusion	TRUE	FALSE	0.366169725509241	0.307768890393792	0.38870620149797	8.0937311104178	0.135911422933707	2.30017018578638	0.0234548517086289	0.0718648204153574	-0.0522977013161379	0.297142398214828	-0.0316394541616276	0.853966070835217
BNIP2	FALSE	FALSE	chr15	-	cassette exon	59668103	59668138	36	coding exon	processed_transcript;protein_coding	chr15:59664121-59668102	chr15:59664121-59668891	inclusion	TRUE	FALSE	0.232744415615778	0.188724841894793	0.267376836071539	7.86519941767457	0.129799298932219	2.14488114434559	0.0343134100305045	0.0948090434314122	-0.00584397306809502	0.983784690777205	0.0221357249993718	0.954354195671919
BOK	FALSE	FALSE	chr2	-	unannotated splice site	241572833	241572994	162	not an annotated exon	""	chr2:241572995-241573074	chr2:241572833-241573074	inclusion	FALSE	FALSE		0.5	0.5	0	9.69140738139844e-05	0.024180662638348	0.980760310778476	1	0.000304114012022482	0.994147604074607	0.000376861019610565	1
BOK	FALSE	FALSE	chr2	-	unannotated splice site	241572913	241573074	162	not an annotated exon	""	chr2:241572833-241572912	chr2:241572833-241573074	skipping	FALSE	FALSE		0.5	0.5	0	0	0	1	1	0	1	0	1
BOK	FALSE	FALSE	chr2	-	unannotated splice site	241572923	241573084	162	not an annotated exon	""	chr2:241573085-241573165	chr2:241572923-241573165	inclusion	FALSE	FALSE		0.5	0.5	0	0	0	1	1	0	1	0	1
BOLA2-SMG1P6	FALSE	FALSE	chr16	-	unannotated splice site	29446802	29548537	101736	not an annotated exon	""	chr16:29444500-29446801	chr16:29444500-29548537	skipping	FALSE	FALSE	0.482965493081873	0.471340964821949	0.497768594984021	2.6427630162072	0.0492441977370025	1.75564778763849	0.0821213908965239	0.189939777543162	0.0221522188263159	0.360809432644158	0.0373263274412948	0.221305034675428
BOLA2-SMG1P6	FALSE	FALSE	chr16	-	unannotated splice site	29447027	29453732	6706	not an annotated exon	""	chr16:29453733-29454015	chr16:29447027-29454015	skipping	TRUE	TRUE	0.230670433697512	0.243009934431052	0.223133998588097	-1.98759358429549	0.0686816537382829	0.624598965822782	0.533615442175349	0.722462626926099	0.000170748850144541	1	0.0155862893074368	1
BRD2	FALSE	FALSE	chr6	+	cassette exon	32975021	32975112	92	non-coding annotation only	nonsense_mediated_decay;retained_intron	chr6:32974766-32975020	chr6:32974766-32975383	inclusion	TRUE	TRUE	0.125181750158516	0.143686511514535	0.120086648315782	-2.35998631987523	-0.116899002972895	-1.86169071971482	0.0654977839996545	0.158433828864029	0.0379647858065094	0.539674792374108	0.018883645265261	0.985187378373503
BRD7	FALSE	FALSE	chr16	-	alternative 3' splice site	50320775	50320777	3	coding exon	protein_coding	chr16:50320778-50321981	chr16:50320775-50321981	inclusion	TRUE	FALSE	0.372107341368091	0.403816469261483	0.369543107352953	-3.42733619085299	-0.0280994780261504	-0.491172400622996	0.624349466455756	0.794690320140728	0.037319719976107	0.475628551183765	0.0380075818325328	0.78017861755723
BRK1	FALSE	FALSE	chr3	+	unannotated splice site	10118906	10125625	6720	not an annotated exon	""	chr3:10115820-10118905	chr3:10115820-10125625	inclusion	TRUE	FALSE	0.0361917696739817	0.0311745719877191	0.0394945190826028	0.831994709488371	0.222829502535206	2.70037544954028	0.00809854672822607	0.0324257155619484	-0.0631525958722791	0.4047453079066	-0.0250567942057564	0.983234759464368
BRK1	FALSE	FALSE	chr3	+	unannotated splice site	10115820	10118970	3151	not an annotated exon	""	chr3:10118971-10125625	chr3:10115820-10125625	inclusion	TRUE	FALSE	0.0406886924257752	0.0537102713168756	0.0356003147198907	-1.81099565969848	0.124103145105527	1.52823606581839	0.129519175712441	0.270740452733873	-0.00560753254236755	1	0.0211405505584803	1
BTF3	FALSE	FALSE	chr5	+	alternative 5' splice site	73498559	73498799	241	coding exon	protein_coding	chr5:73498800-73499133	chr5:73498559-73499133	inclusion	TRUE	FALSE	0.0278601653671612	0.0196573201878369	0.0329563160834745	1.32989958956375	0.15289017593927	2.38501690933723	0.0189070065095794	0.0611242672424717	0.0303754703822007	0.678742961484799	0.0703030174408812	0.409302684141482
BUB3	FALSE	FALSE	chr10	+	other	123163820	123165046	1227	not an annotated exon	""	chr10:123162829-123163819	chr10:123162829-123165046	skipping	TRUE	FALSE	0.406190995657404	0.392603536877164	0.417589968043416	2.49864311662518	-0.0561847508781087	-0.776351708170802	0.439320482750372	0.629637152058162	0.0620110577049848	0.301691274639052	0.06102747097788	0.618142836076918
BUD31	FALSE	FALSE	chr7	+	cassette exon	99409085	99409245	161	non-coding annotation only	retained_intron	chr7:99409246-99410033	chr7:99409005-99410033	skipping	TRUE	FALSE	0.378307282771748	0.356925679410675	0.401798638379643	4.48729589689681	0.101531485489125	2.39056328288732	0.0186389807305815	0.0604453374583909	-0.0271417282522317	0.505681501300475	-0.00947791130913952	1
C12orf57	FALSE	FALSE	chr12	+	alternative 5' splice site	6944566	6944652	87	coding exon	processed_transcript;protein_coding	chr12:6944653-6945770	chr12:6944566-6945770	skipping	TRUE	FALSE	0.235653147881741	0.195298935238254	0.259972632588651	6.46736973503966	0.129525215976527	1.88773538799198	0.0618761389633328	0.151505218584806	-0.0718893765560101	0.178322663148369	-0.056326709021406	0.64777709135746
C12orf57	FALSE	FALSE	chr12	+	alternative 3' splice site	6944380	6944475	96	coding exon	protein_coding	chr12:6944174-6944379	chr12:6944174-6944475	skipping	TRUE	FALSE		0.935563656999587	0.946696423567127	1.11327665675406	0.0546273200142741	0.67693017041042	0.499982592516635	0.690826007530665	-0.0451312041686169	0.576090040131699	-0.0413480694543	0.86095732319391
C1S	FALSE	FALSE	chr12	+	cassette exon	7061752	7061791	40	non-coding annotation only	processed_transcript	chr12:7060878-7061751	chr12:7060878-7061838	skipping	TRUE	FALSE	0.244681131873943	0.214609763545603	0.264587426530286	4.99776629846832	0.0526526885529539	0.647085975848142	0.519015814378637	0.708904732811946	-0.0775260978006898	0.229845728226718	-0.0802361590846473	0.482705558022424
C1orf43	FALSE	FALSE	chr1	-	cassette exon	154219836	154219937	102	coding exon	nonsense_mediated_decay;protein_coding	chr1:154214575-154219835	chr1:154214575-154220341	skipping	TRUE	TRUE	0.178110008180648	0.127439614644443	0.206822144494934	7.93825298504917	0.2818238308273	3.40476551948249	0.000944912798149561	0.00598444772161392	-0.0594653848346407	0.452281040878004	-0.00746599677655809	1
C1orf43	FALSE	FALSE	chr1	-	cassette exon	154213893	154213946	54	coding exon	nonsense_mediated_decay;protein_coding	chr1:154213947-154214456	chr1:154212625-154214456	skipping	TRUE	TRUE	0.150134393917294	0.115888367926977	0.158328054646345	4.24396867193684	0.213340986732749	2.59411940204613	0.0108644678155365	0.0396034887895387	-0.106187220110685	0.0702008258553421	-0.0782675252768743	0.504229244254515
CALD1	FALSE	FALSE	chr7	+	cassette exon	134891400	134891673	274	coding exon	protein_coding	chr7:134891674-134928753	chr7:134867805-134928753	inclusion	TRUE	FALSE	0.0407459501305542	0.0184619891418906	0.056107414865173	3.76454257232824	0.635683649228854	7.69652919350245	8.80593197494521e-12	5.87234796995856e-10	-0.0917800902408065	0.280246737244923	0.0334328944814602	0.925794517878951
CALD1	FALSE	FALSE	chr7	+	cassette exon	134935688	134935765	78	coding exon	protein_coding	chr7:134935766-134941091	chr7:134933391-134941091	inclusion	TRUE	TRUE	0.0489956571929825	0.0562901360002378	0.0442504274688283	-1.20397085314095	-0.139374998908111	-3.19526349572209	0.00185468695092229	0.0101995243338372	0.0437777885576589	0.22490937336835	0.020749867498508	0.882454942920744
CALD1	FALSE	FALSE	chr7	+	cassette exon	134968340	134968402	63	coding exon	protein_coding	chr7:134965387-134968339	chr7:134965387-134968553	skipping	TRUE	FALSE	0.0536916760112377	0.0794530916041823	0.0410519655266007	-3.84011260775816	-0.0956724313737938	-2.51845347954729	0.013325834060118	0.0471113946345757	0.0661031357222644	0.00648300722018154	0.05704047482763	0.136124721976895
CALD1	FALSE	FALSE	chr7	+	alternative 3' splice site	134958209	134958211	3	coding exon	nonsense_mediated_decay;protein_coding;retained_intron	chr7:134958113-134958208	chr7:134958113-134958211	skipping	TRUE	FALSE	0.0837914310406853	0.0839693576650139	0.083998103026663	0.00287453616490962	0.0289329003292651	0.937466929256488	0.350711431932624	0.54991681881183	-0.0253071462551789	0.33191838012724	-0.0235610468217595	0.686024928078753
CALR	FALSE	FALSE	chr19	+	unannotated splice site	12943713	12943716	4	not an annotated exon	""	chr19:12943630-12943712	chr19:12943630-12943716	skipping	TRUE	FALSE	0.00414119573665478	0.00376186051959325	0.0045516253734502	0.078976485385695	-0.00211107212782084	-0.101691062289805	0.919199597742398	0.99646194576019	0.0144651790944144	0.441113013310496	0.0166984489502112	0.661864351585469
CALU	FALSE	FALSE	chr7	+	cassette exon	128754529	128754722	194	coding exon	protein_coding	chr7:128754723-128758870	chr7:128754456-128758870	inclusion	TRUE	FALSE	0.212381104302004	0.250914809228667	0.188282149392009	-6.2632659836658	-0.120324795795148	-5.07982380427465	1.69057451000196e-06	2.93349179005953e-05	0.0439619209039428	0.00733043556299743	0.025235389192223	0.425255625789379
CALU	FALSE	FALSE	chr7	+	cassette exon	128754262	128754455	194	coding exon	protein_coding	chr7:128748805-128754261	chr7:128748805-128754528	skipping	TRUE	FALSE	0.246863137084206	0.256421624864698	0.236381402836122	-2.00402220285761	-0.0674486837647282	-3.57325247658082	0.000538063365583565	0.00373459899255042	0.0066138701665255	0.791643123662757	-0.00725625186025119	0.944113575193574
CAMK2D	FALSE	FALSE	chr4	-	cassette exon	113455726	113455821	96	coding exon	nonsense_mediated_decay;protein_coding	chr4:113454516-113455725	chr4:113454516-113457334	inclusion	TRUE	FALSE	0.25310720218465	0.268862895482106	0.227871271105506	-4.09916243765996	-0.12225629093044	-1.83781909877124	0.068971389376169	0.164958998079009	-0.00376645920641302	1	-0.0318545437616858	0.879197121967282
CAMK2D	FALSE	FALSE	chr4	-	alternative 5' splice site	113457291	113457334	44	coding exon	nonsense_mediated_decay;protein_coding	chr4:113454516-113457290	chr4:113454516-113457334	inclusion	TRUE	FALSE	0.216422772530486	0.214127814935942	0.210321697028767	-0.380611790717472	0.0717325607550037	1.0614722807979	0.290957888172859	0.48531033726135	-0.0175009360249491	0.849993191454597	-0.00470802397625926	1
CANX	FALSE	FALSE	chr5	+	cassette exon	179699054	179699102	49	NMD-only exon	nonsense_mediated_decay	chr5:179699103-179705678	chr5:179699050-179705678	inclusion	TRUE	FALSE		0.869004842167504	0.919499601834284	5.04947596667804	0.181664794218972	1.34304028916082	0.182239746602465	0.34761490644699	0.00147807401708292	1	0.0423843554863458	0.983234759464368
CAP1	FALSE	FALSE	chr1	+	alternative 3' splice site	40060067	40060069	3	coding exon	protein_coding	chr1:40059459-40060066	chr1:40059459-40060069	skipping	TRUE	FALSE	0.103703565739043	0.10965439291046	0.0975019982814721	-1.21523946289874	-0.0434916277298684	-1.40550687172786	0.162879805055904	0.320019767183784	-0.0028377104681727	0.983878662274079	-0.0131100158721697	0.91701834432199
CAPNS1	FALSE	FALSE	chr19	+	alternative 3' splice site	36140997	36140999	3	coding exon	protein_coding	chr19:36140158-36140996	chr19:36140158-36140999	skipping	TRUE	FALSE	0.279752910850191	0.275149104140003	0.277639965181285	0.249086104128204	0.0421279497531283	0.363012210981939	0.71733966615313	0.861044547484154	0.0133481608805241	0.966824328374425	0.0252812979007511	1
CARM1	FALSE	FALSE	chr19	+	cassette exon	10921375	10921443	69	coding exon	nonsense_mediated_decay;protein_coding	chr19:10921128-10921374	chr19:10921128-10921614	skipping	TRUE	FALSE		0.800559883947084	0.836011821473175	3.54519375260917	-0.223656247141794	-1.57436461378046	0.118499916213511	0.251729053742755	0.042915063886917	0.814935297270372	0.000787468463177866	1
CAST	FALSE	FALSE	chr5	+	cassette exon	96702781	96702915	135	coding exon	protein_coding	chr5:96702916-96722638	chr5:96695908-96722638	inclusion	TRUE	FALSE	0.1785231593847	0.151369764401408	0.190130799995541	3.87610355941334	0.193017008306789	2.16377698313211	0.0327930712141822	0.093096189648943	-0.0976230855561771	0.153426703380888	-0.0726534774101855	0.652295136343699
CAST	FALSE	FALSE	chr5	+	cassette exon	96726794	96726859	66	coding exon	nonsense_mediated_decay;protein_coding	chr5:96726860-96727488	chr5:96722699-96727488	inclusion	TRUE	TRUE	0.32224119212984	0.354742596536806	0.305328340292752	-4.94142562440535	-0.0993225155124211	-2.03546287946744	0.0443720869874812	0.116984083600328	0.0258830951284778	0.622164109157198	0.00847858976051587	1
CAST	FALSE	FALSE	chr5	+	alternative 3' splice site	96765221	96765223	3	coding exon	nonsense_mediated_decay;processed_transcript;protein_coding	chr5:96762373-96765220	chr5:96762373-96765223	skipping	TRUE	FALSE	0.179471737258926	0.185131281420605	0.175273795626583	-0.985748579402249	-0.0415079699428436	-1.44602110175243	0.151207342647248	0.303754384136615	0.0246846882243484	0.301785183292697	0.020005525189776	0.752251102108597
CAST	FALSE	FALSE	chr5	+	cassette exon	96729153	96729209	57	coding exon	nonsense_mediated_decay;processed_transcript;protein_coding;retained_intron	chr5:96729210-96729611	chr5:96727531-96729611	skipping	TRUE	TRUE	0.161910565983034	0.168389048002659	0.155156702274774	-1.32323457278857	-0.0350407621446371	-0.973191701904364	0.332738009497208	0.530425005070799	0.0247417771102563	0.45016910570193	0.0215218457454765	0.801020692772742
CAV1	FALSE	FALSE	chr7	+	cassette exon	116525628	116525805	178	coding exon	protein_coding	chr7:116525806-116526524	chr7:116525093-116526524	inclusion	TRUE	FALSE	0.102262508582807	0.0949831936375119	0.100285292820894	0.530209918338247	-0.0297449899285568	-0.482495579724493	0.630477767722682	0.800127179664518	-0.0268363192260092	0.694106923497671	-0.0385192077112115	0.790958395735541
CAV2	FALSE	FALSE	chr7	+	cassette exon	116500260	116500447	188	coding exon	processed_transcript;protein_coding	chr7:116500448-116505970	chr7:116499932-116505970	skipping	TRUE	TRUE	0.0420498668719888	0.0281473133295904	0.05242376946612	2.42764561365296	0.31687431807494	4.44804948544778	2.19577059845919e-05	0.000248100192869099	-0.115867907461921	0.0201339921879283	-0.0665694379153458	0.527999013694237
CBFB	FALSE	FALSE	chr16	+	alternative 5' splice site	67082309	67082339	31	coding exon	nonsense_mediated_decay;processed_transcript;protein_coding	chr16:67082340-67098709	chr16:67082309-67098709	skipping	TRUE	FALSE	0.450470822516414	0.42881639135156	0.467332985556504	3.8516594204944	0.0708894816432237	0.811296933127618	0.419065984664051	0.610644136179279	-0.0296603734504778	0.788331039393711	-0.0193310606274433	1
CBWD1	FALSE	FALSE	chr9	-	cassette exon	146102	146158	57	coding exon	nonsense_mediated_decay;processed_transcript;protein_coding	chr9:135031-146101	chr9:135031-152033	skipping	TRUE	FALSE	0.102011144494317	0.11797159050557	0.0914022500640908	-2.65693404414795	-0.0679597069384508	-0.878440160359205	0.381749503635352	0.578954371867799	0.0514728462706408	0.467803958187632	0.0458803895784479	0.801020692772742
CBWD1	FALSE	FALSE	chr9	-	cassette exon	177723	177820	98	coding exon	nonsense_mediated_decay;processed_transcript;protein_coding;retained_intron	chr9:177821-178815	chr9:175785-178815	inclusion	TRUE	TRUE	0.0882289849675783	0.103553281775088	0.0812580732600647	-2.2295208515023	-0.0650692252666885	-0.805187169153084	0.422566505722739	0.614166105112409	0.0257278410383228	0.798373901371683	0.0159664827935897	1
CBWD2	FALSE	FALSE	chr2	+	cassette exon	113471033	113471089	57	coding exon	nonsense_mediated_decay;protein_coding	chr2:113471090-113482176	chr2:113465174-113482176	skipping	TRUE	FALSE	0.102044954615171	0.117444814886288	0.0906673245414988	-2.6777490344789	-0.0671128026832183	-0.884793791660538	0.378328672615195	0.576735013699811	0.0505468983818979	0.467803958187632	0.0449709103056034	0.801020692772742
CBWD2	FALSE	FALSE	chr2	+	cassette exon	113439020	113439117	98	NMD-only exon	nonsense_mediated_decay	chr2:113438023-113439019	chr2:113438023-113441350	inclusion	TRUE	TRUE	0.0882289849675783	0.103553281775088	0.0812580732600647	-2.2295208515023	-0.0650692252666885	-0.805187169153084	0.422566505722739	0.614166105112409	0.0257278410383228	0.798373901371683	0.0159664827935897	1
CBWD3	FALSE	FALSE	chr9	+	cassette exon	68274882	68274938	57	coding exon	nonsense_mediated_decay;processed_transcript;protein_coding	chr9:68274939-68285988	chr9:68268979-68285988	skipping	TRUE	FALSE	0.102016140909389	0.11797159050557	0.0914022500640908	-2.65693404414795	-0.0679409355300158	-0.878296075067978	0.381827302587319	0.578954371867799	0.0515118364990453	0.467803958187632	0.0459308785164814	0.801020692772742
CBWD5	FALSE	FALSE	chr9	+	cassette exon	65708140	65708958	819	coding exon	protein_coding	chr9:65708959-65720040	chr9:65703015-65720040	skipping	TRUE	FALSE	0.102011144494317	0.11797159050557	0.0914022500640908	-2.65693404414795	-0.0679597069384508	-0.878440160359205	0.381749503635352	0.578954371867799	0.0514728462706408	0.467803958187632	0.0458803895784479	0.801020692772742
CBWD6	FALSE	FALSE	chr9	-	cassette exon	41156383	41156439	57	coding exon	nonsense_mediated_decay;processed_transcript;protein_coding	chr9:41145333-41156382	chr9:41145333-41162332	skipping	TRUE	FALSE	0.100769407093569	0.118133423663132	0.0894397407479068	-2.8693682915225	-0.0804277057250811	-1.04598736117821	0.298015354128079	0.494656036793361	0.048613401406981	0.499697366709258	0.0396933723086185	0.86095732319391
CBX1	FALSE	FALSE	chr17	-	cassette exon	48100755	48101198	444	coding exon	protein_coding	chr17:48077042-48100754	chr17:48077042-48101267	skipping	TRUE	FALSE		0.781192812384673	0.878335870777457	9.71430583927834	0.105695007234956	0.588231424495064	0.557677189318893	0.743788282695511	0.00453830585927516	1	0.0291062922296733	1
CBX3	FALSE	FALSE	chr7	+	cassette exon	26201745	26201826	82	coding exon	protein_coding	chr7:26201827-26202970	chr7:26201562-26202970	inclusion	TRUE	FALSE		0.840342286067705	0.818698304427159	-2.16439816405458	-0.173094949387756	-1.71845679218291	0.0887772799756286	0.201019659918185	0.0272005287599202	0.838177608542139	-0.00613809284812773	1
CBX3	FALSE	FALSE	chr7	+	cassette exon	26208393	26208412	20	coding exon	protein_coding	chr7:26206511-26208392	chr7:26206511-26208465	skipping	TRUE	FALSE		0.17323804318795	0.0648137902326957	-10.8424252955255	0.0279287748729688	0.167938875932488	0.866988367459244	0.966763094337341	0.00966764214215516	1	0.017459378230219	1
CCDC80	FALSE	FALSE	chr3	-	other	112640327	112640563	237	not an annotated exon	""	chr3:112639917-112640326	chr3:112639917-112640563	skipping	TRUE	TRUE	0.0251934410152246	0.0211673485502775	0.0292333484166391	0.806599986636165	0.165022249230564	4.46631336136713	2.04456742955515e-05	0.000234127064913032	-0.0435473686933383	0.148936436532178	-0.0147317653537469	0.930019392887584
CCDC80	FALSE	FALSE	chr3	-	cassette exon	112607176	112607256	81	coding exon	protein_coding	chr3:112605764-112607175	chr3:112605764-112609977	skipping	TRUE	TRUE	0.0131930801399653	0.0116108633135374	0.0137374232913133	0.212655997777588	0.0775051776843542	2.1581319371142	0.0332410153690774	0.093741868383281	-0.0376977123857095	0.180154543315143	-0.027390198052264	0.686024928078753
CCDC90B	FALSE	FALSE	chr11	-	other	83285553	83285872	320	not an annotated exon	""	chr11:83280261-83285552	chr11:83280261-83285872	inclusion	TRUE	FALSE	0.225675562815898	0.237412817603172	0.213180885309338	-2.42319322938337	0.0558415621157976	0.969289525776289	0.33467135141553	0.530884918919877	-0.00441781647296305	0.994147604074607	0.00726332835286473	1
CCDC90B	FALSE	FALSE	chr11	-	cassette exon	83278726	83278829	104	coding exon	nonsense_mediated_decay;protein_coding;retained_intron	chr11:83278830-83280140	chr11:83274741-83280140	skipping	TRUE	TRUE	0.187806757985688	0.188036863504365	0.181093929124364	-0.694293438000079	0.0624832287645644	0.889318216151139	0.375904409678373	0.575619494514249	-0.0498553515524645	0.430433531497048	-0.0451869411565457	0.790958395735541
CCN1	FALSE	FALSE	chr1	+	unannotated splice site	85582740	85582742	3	not an annotated exon	""	chr1:85582625-85582739	chr1:85582625-85582742	skipping	TRUE	FALSE	0.0142989248609503	0.0156375649732585	0.0137643587795579	-0.187320619370059	-0.108679066582057	-2.66087912103307	0.00904176174817381	0.034798693157872	0.0320241495264802	0.386009838227096	0.0136727816824057	0.979332796962311
CCN2	FALSE	FALSE	chr6	-	unannotated splice site	131949558	131949560	3	not an annotated exon	""	chr6:131949561-131949948	chr6:131949558-131949948	skipping	TRUE	FALSE	0.0176173733328418	0.0169776017739241	0.0181775641273485	0.119996235342437	0.000420764249778162	0.0116152578343754	0.990755041552576	1	-0.00229425113002864	1	-0.00262921049068752	1
CD151	FALSE	FALSE	chr11	+	alternative 5' splice site	837613	837618	6	coding exon	nonsense_mediated_decay;protein_coding;retained_intron	chr11:837619-837941	chr11:837613-837941	skipping	TRUE	FALSE	0.0090990965980688	0.00914418000283612	0.00967852436531182	0.0534344362475708	0.0354164554486883	0.756682175967531	0.450967643668301	0.641952858298605	-0.0149294806850065	0.798373901371683	-0.00978973545963494	1
CD151	FALSE	FALSE	chr11	+	cassette exon	834530	834591	62	coding exon	nonsense_mediated_decay;processed_transcript;protein_coding;retained_intron	chr11:834592-836062	chr11:833027-836062	skipping	TRUE	FALSE	0.070676677382433	0.0592463871000953	0.0733678787343784	1.41214916342831	0.0466143951749291	0.672604565467713	0.502705047769604	0.693477179907339	-0.00254939872080138	1	0.00741454740436161	1
CD164	FALSE	FALSE	chr6	-	cassette exon	109370411	109370467	57	coding exon	processed_transcript;protein_coding;retained_intron	chr6:109369018-109370410	chr6:109369018-109376073	skipping	TRUE	TRUE	0.0553407198633659	0.0546277347842467	0.0536695126353043	-0.0958222148942367	0.0859842147336173	1.65515575032711	0.100936892330991	0.222768572886243	-0.0164349982273813	0.800312332292369	-0.000250529072450657	1
CD276	FALSE	FALSE	chr15	+	cassette exon	73702772	73703086	315	coding exon	nonsense_mediated_decay;protein_coding	chr15:73702594-73702771	chr15:73702594-73704175	skipping	TRUE	FALSE		0.5	0.5	0	0	0	1	1	0	1	0	1
CD276	FALSE	FALSE	chr15	+	cassette exon	73703659	73703997	339	coding exon	nonsense_mediated_decay;protein_coding	chr15:73703998-73704175	chr15:73702594-73704175	inclusion	TRUE	FALSE		0.5	0.5	0	0	0	1	1	0	1	0	1
CD44	FALSE	FALSE	chr11	+	cassette exon	35211246	35211449	204	coding exon	protein_coding;retained_intron	chr11:35211450-35214851	chr11:35190066-35214851	inclusion	TRUE	TRUE	0.0332309480715385	0.0239539952301833	0.0390668430792841	1.51128478491008	0.301803022395217	5.82070853248476	6.6891914502136e-08	1.73663665054784e-06	-0.0694617045803778	0.104510501934451	-0.0148573869068637	1
CD44	FALSE	FALSE	chr11	+	cassette exon	35204512	35204640	129	coding exon	protein_coding;retained_intron	chr11:35190066-35204511	chr11:35190066-35214851	inclusion	TRUE	FALSE	0.0128177522983468	0.0105805376184404	0.0145688085616661	0.398827094322563	0.167722560985389	2.87167442931768	0.0049575721391776	0.0218686158824164	-0.0265317549611335	0.694106923497671	0.0060719217788349	1
CD46	FALSE	FALSE	chr1	+	cassette exon	207790253	207790345	93	coding exon	nonsense_mediated_decay;protein_coding;retained_intron	chr1:207790346-207793518	chr1:207785683-207793518	skipping	TRUE	TRUE	0.437851091162266	0.423416680659394	0.431480263945757	0.806358328636336	0.0370965526627779	1.18690533866216	0.237995237368144	0.416583531800853	-0.0211054119135833	0.463582998245168	-0.0167447323626738	0.853966070835217
CD46	FALSE	FALSE	chr1	+	cassette exon	207767779	207767823	45	coding exon	protein_coding	chr1:207767824-207770320	chr1:207767196-207770320	skipping	TRUE	TRUE	0.249389494564089	0.272760282854567	0.253085710003593	-1.9674572850974	-0.0923184748454311	-0.925551515909406	0.356842577816071	0.557474325747568	0.0784422693410524	0.355810075046793	0.0724392214431185	0.728053210145023
CD46	FALSE	FALSE	chr1	+	unannotated splice site	207655276	207759724	104449	not an annotated exon	""	chr1:207759725-207761248	chr1:207655276-207761248	skipping	FALSE	FALSE	0.217789920998569	0.213514465136619	0.222049043432315	0.853457829569684	0.0622986331266527	0.80192786888339	0.42444097321904	0.615524224363484	-0.00155823315754934	1	0.0121041578406718	1
CD47	FALSE	FALSE	chr3	-	cassette exon	108051939	108051970	32	coding exon	protein_coding	chr3:108047293-108051938	chr3:108047293-108057476	skipping	TRUE	TRUE	0.0902299811887235	0.0648553447923466	0.116335083457895	5.14797386655486	0.240766310330234	3.19383077804454	0.00186307274908316	0.0101995243338372	-0.0250085967729545	0.799526193211548	0.0242406664006153	0.983234759464368
CD55	FALSE	FALSE	chr1	+	cassette exon	207340391	207340766	376	coding exon	protein_coding	chr1:207339418-207340390	chr1:207339418-207359545	inclusion	TRUE	FALSE	0.242760073350909	0.293074868734681	0.20313528239574	-8.99395863389416	-0.13156707446831	-1.50301999743314	0.135893798969353	0.279766834318869	0.111607201819859	0.0670503476026005	0.103017520791515	0.338675586248181
CD59	FALSE	FALSE	chr11	-	cassette exon	33731424	33731468	45	coding exon	protein_coding	chr11:33722464-33731423	chr11:33722464-33736381	skipping	TRUE	FALSE	0.0436456636004731	0.0389822538496988	0.0444757023045442	0.54934484548454	-0.043035688888979	-0.50168501866075	0.616959775921581	0.790610473967331	0.0613180112375834	0.422134914284486	0.0631499513494278	0.719163563139003
CD63	FALSE	FALSE	chr12	-	cassette exon	55728953	55729009	57	coding exon	protein_coding	chr12:55728353-55728952	chr12:55728353-55729281	skipping	TRUE	FALSE		0.118843259461035	0.0974287984197584	-2.14144610412763	0.06427746698649	0.46088180612022	0.645864591153659	0.808162426237526	-0.0840085905183636	0.528288915809351	-0.085427162278644	0.792304263098106
CD99	FALSE	FALSE	chrX	+	cassette exon	2717605	2717652	48	coding exon	nonsense_mediated_decay;processed_transcript;protein_coding;retained_intron	chrX:2717653-2719660	chrX:2714455-2719660	skipping	TRUE	TRUE	0.0152480105081662	0.0123254816306222	0.0174406106690533	0.511512903843115	0.125266863423756	2.4433051191502	0.0162540672608407	0.0546786179565972	0.015407088290902	0.822280315363694	0.0463471984717834	0.559788001473919
CD99	FALSE	FALSE	chrX	+	alternative 3' splice site	2738200	2738202	3	coding exon	protein_coding	chrX:2726374-2738199	chrX:2726374-2738202	skipping	TRUE	FALSE	0.0704090029746778	0.0676597130121935	0.0691126255789151	0.145291256672168	-0.0443493186543333	-1.45149990832755	0.149679770092391	0.302472310210471	0.0212810870156394	0.445375957358689	0.0153287682801866	0.865330761437268
CDC20B	FALSE	FALSE	chr5	+	unannotated splice site	55160994	55164054	3061	not an annotated exon	""	chr5:55160397-55160993	chr5:55160397-55164054	skipping	TRUE	FALSE	0.063509590605905	0.0802018508505034	0.0509258855742741	-2.92759652762293	-0.227252496456944	-3.08579370542439	0.00260751901500785	0.0130798999558137	0.0460207749181687	0.534973770532421	0.00372930665719975	1
CDC20B	FALSE	FALSE	chr5	+	unannotated splice site	55160397	55161255	859	not an annotated exon	""	chr5:55161256-55164054	chr5:55160397-55164054	skipping	TRUE	FALSE	0.0525920486511396	0.0593818662416201	0.0452637174575268	-1.41181487840933	-0.169465496327942	-2.5009230478532	0.0139630629254485	0.0490582407122424	0.0327619547900986	0.670560005018732	0.000933421443966671	1
CDC27	FALSE	FALSE	chr17	-	alternative 3' splice site	47142023	47142025	3	coding exon	nonsense_mediated_decay;protein_coding	chr17:47142026-47142228	chr17:47142023-47142228	skipping	TRUE	FALSE	0.333058096660911	0.360672883222198	0.319208054130394	-4.1464829091804	-0.13712318882841	-2.37155709392776	0.0195717131456306	0.0628549541154765	0.0801528661518233	0.0407911927821504	0.0644342905453905	0.388844137308143
CDC42BPB	FALSE	FALSE	chr14	-	cassette exon	102954198	102954275	78	coding exon	processed_transcript;protein_coding	chr14:102952604-102954197	chr14:102952604-102954601	skipping	TRUE	TRUE	0.46451586757422	0.490943751912449	0.451355210441058	-3.95885414713906	-0.0486297126715843	-0.504224101392397	0.615180811968476	0.788925317309497	-0.0422733858209195	0.693806320046786	-0.061074086730344	0.790958395735541
CDK11A	FALSE	FALSE	chr1	-	unannotated splice site	1655485	1721711	66227	not an annotated exon	""	chr1:1721712-1722707	chr1:1655485-1722707	skipping	FALSE	FALSE	0.499739099686178	0.497139013042029	0.502485653681648	0.534664063961926	0.0150011649567388	2.14901912523167	0.0339753441732993	0.0943266494150129	-0.000300026870531596	1	0.00300386686006246	0.91701834432199
CDK11A	FALSE	FALSE	chr1	-	unannotated splice site	1645263	1712400	67138	not an annotated exon	""	chr1:1712401-1716345	chr1:1645263-1716345	skipping	TRUE	FALSE	0.49842743413142	0.497343604377716	0.49891737377557	0.15737693978542	0.0043896129370205	1.0086448392168	0.315508643982356	0.513173074215205	-0.00119412535437655	0.838155612483686	-0.000434316486503631	1
CDK11B	FALSE	FALSE	chr1	-	unannotated splice site	1655369	1721595	66227	not an annotated exon	""	chr1:1652567-1655368	chr1:1652567-1721595	skipping	FALSE	FALSE	0.308369133619458	0.359692747745224	0.284203680265312	-7.54890674799119	-0.155645892675398	-2.12434210099779	0.0360349106167365	0.0984375349458001	-0.00163776710655989	1	-0.0368063595239833	0.865330761437268
CDK11B	FALSE	FALSE	chr1	-	unannotated splice site	1649499	1716345	66847	not an annotated exon	""	chr1:1645263-1649498	chr1:1645263-1716345	skipping	TRUE	FALSE	0.416508562602519	0.444343903108616	0.407736327137698	-3.66075759709174	-0.0562062010743367	-1.72308903835117	0.0878732879400576	0.199673767936943	0.0139061801117975	0.705462987355531	0.00391842581536041	1
CDK11B	FALSE	FALSE	chr1	-	unannotated splice site	1657375	1722707	65333	not an annotated exon	""	chr1:1655485-1657374	chr1:1655485-1722707	skipping	FALSE	FALSE	0.499858397054659	0.5	0.5	0	-0.000432541250925146	-0.116826427913787	0.907225093356256	0.985939725420874	-5.27062787797714e-05	1	-0.000159448817332731	1
CDV3	FALSE	FALSE	chr3	+	cassette exon	133587159	133587418	260	coding exon	protein_coding	chr3:133586723-133587158	chr3:133586723-133587895	inclusion	TRUE	FALSE	0.277432035190756	0.320855939242609	0.24645440924819	-7.44015299944181	-0.24210300727856	-4.16965207360488	6.37261278137125e-05	0.000610514255477285	0.121909240378218	0.00114057330825421	0.0904885545065605	0.120865502124751
CDV3	FALSE	FALSE	chr3	+	alternative 3' splice site	133584002	133584004	3	coding exon	nonsense_mediated_decay;protein_coding	chr3:133575116-133584001	chr3:133575116-133584004	skipping	TRUE	FALSE	0.076774922245402	0.0710704532361371	0.0833319352077635	1.22614819716264	0.162695389325451	1.77320147339148	0.0791511388121232	0.184505156339981	0.0146179879718271	0.934388491855706	0.0537938688482569	0.802520554110372
CDV3	FALSE	FALSE	chr3	+	cassette exon	133587896	133588052	157	coding exon	protein_coding	chr3:133586723-133587895	chr3:133586723-133588352	skipping	TRUE	FALSE	0.175887954411788	0.166756960662835	0.189881329018817	2.31243683559823	0.0546786486029588	0.597166905805806	0.55170643885365	0.738431168257089	0.024766757823781	0.838155612483686	0.0416472195828954	0.902506498809721
CDV3	FALSE	FALSE	chr3	+	cassette exon	133587162	133587216	55	coding exon	protein_coding	chr3:133586723-133587161	chr3:133586723-133587895	inclusion	TRUE	FALSE	0.0731921842055292	0.0751315362506852	0.0729710814878126	-0.216045476287267	0.00156364340593772	0.0173255357305695	0.986210430638987	1	0.00924985495306057	0.978736285209177	0.0113305303143128	1
CENPX	FALSE	FALSE	chr17	-	cassette exon	82019641	82019694	54	coding exon	processed_transcript;protein_coding	chr17:82019382-82019640	chr17:82019382-82019857	skipping	TRUE	FALSE		0.523651026787811	0.565894536159892	4.22435093720809	0.125318541518886	1.01442413561159	0.312804375126857	0.511465230676173	-0.0729396485578315	0.546701773303437	-0.0586137665186991	0.882454942920744
CFL2	FALSE	FALSE	chr14	-	alternative 5' splice site	34713254	34713396	143	coding exon	protein_coding	chr14:34713137-34713253	chr14:34713137-34713396	skipping	TRUE	FALSE	0.0463141991579468	0.0475947718733888	0.0444667037866641	-0.31280680867247	-0.0869848232086831	-1.23604798679557	0.219252154986993	0.396847567381992	0.0111948322247075	0.933493501441889	-0.0061940769423227	1
CHD3	FALSE	FALSE	chr17	+	cassette exon	7907601	7907702	102	coding exon	nonsense_mediated_decay;protein_coding;retained_intron	chr17:7907489-7907600	chr17:7907489-7907893	skipping	TRUE	FALSE	0.261671973280179	0.312637325985283	0.228035306049665	-8.46020199356181	-0.189913090341553	-3.67308163368166	0.000382159301362423	0.00281325494357924	0.076151298641278	0.0354988066905027	0.0478600203025331	0.531559292179633
CHID1	FALSE	FALSE	chr11	-	cassette exon	882328	882515	188	non-coding annotation only	processed_transcript	chr11:882516-883147	chr11:870500-883147	inclusion	TRUE	FALSE	0.148678047945591	0.125099408546175	0.161607567185405	3.65081586392305	0.107034373674052	1.78846249034545	0.076641393041075	0.179145964077454	-0.0276578744148008	0.680546396015288	-0.00885805769630384	1
CHURC1	FALSE	FALSE	chr14	+	alternative 3' splice site	64926007	64926009	3	coding exon	protein_coding	chr14:64924127-64926006	chr14:64924127-64926009	inclusion	TRUE	FALSE	0.157462738645262	0.184284090817235	0.137199528867366	-4.70845619498693	-0.21822693283836	-2.73390178437421	0.00736901781158598	0.0301588803576462	0.0702360750430524	0.302619915844845	0.0344963386574049	0.91701834432199
CKLF	FALSE	FALSE	chr16	+	cassette exon	66558190	66558348	159	coding exon	protein_coding	chr16:66552794-66558189	chr16:66552794-66563121	inclusion	TRUE	FALSE	0.495701480531662	0.489487114009485	0.487247945470298	-0.223916853918771	-0.0020917152407942	-0.0418560921687301	0.966694448985604	1	-0.0708505790324492	0.0303098965119144	-0.0845736727709615	0.0768892500279554
CLINT1	FALSE	FALSE	chr5	-	alternative 3' splice site	157789514	157789567	54	coding exon	protein_coding	chr5:157789568-157791702	chr5:157789514-157791702	inclusion	TRUE	FALSE	0.289310472974476	0.332468489580697	0.256915006518816	-7.55534830618818	-0.181266906936286	-2.69887641179824	0.00813264786072978	0.0324257155619484	0.015334342592654	0.874574993213875	-0.0223978412569223	0.979643782041765
CLTC	FALSE	FALSE	chr17	+	cassette exon	59687001	59687021	21	coding exon	protein_coding	chr17:59685809-59687000	chr17:59685809-59690635	inclusion	TRUE	TRUE	0.064242376197258	0.0830474268655591	0.0509985601697516	-3.20488666958075	-0.150041382312159	-2.01530597263457	0.0464775846439345	0.12112664013335	0.0768018064347237	0.1887955040447	0.0575628516654759	0.685750082706529
CNBP	FALSE	FALSE	chr3	-	alternative 5' splice site	129171634	129171654	21	coding exon	protein_coding;retained_intron	chr3:129171539-129171633	chr3:129171539-129171654	inclusion	TRUE	FALSE	0.484197851017807	0.487476357138319	0.494177704751212	0.670134761289298	0.00760596255963514	0.24384361529067	0.807836969338783	0.920803070188003	-0.029524650277552	0.233057275267834	-0.0333444475156173	0.425255625789379
CNN2	FALSE	FALSE	chr19	+	cassette exon	1036130	1036246	117	coding exon	protein_coding	chr19:1036247-1036415	chr19:1032697-1036415	skipping	TRUE	TRUE	0.120187414539977	0.165654019614106	0.0827059419737832	-8.29480776403229	-0.273792548332641	-2.48794760667887	0.0144521530565281	0.0504120744053869	0.0338738688925391	0.814935297270372	-0.0211142487035752	1
COL12A1	FALSE	FALSE	chr6	-	cassette exon	75175038	75175310	273	coding exon	protein_coding	chr6:75175311-75177662	chr6:75165780-75177662	inclusion	TRUE	TRUE	0.333006383533417	0.369003743762761	0.314381630973498	-5.46221127892632	-0.107887434078824	-1.93008809875691	0.0563464142015013	0.140185921506442	0.0920783028402768	0.00937276534182761	0.085139057441262	0.130713536417908
COL12A1	FALSE	FALSE	chr6	-	cassette exon	75086471	75086557	87	coding exon	protein_coding	chr6:75086558-75087576	chr6:75085366-75087576	skipping	TRUE	FALSE	0.149221031578331	0.145986075720874	0.148266706867795	0.228063114692106	-0.0313724787587124	-0.611490708501201	0.542222066857729	0.730046417016286	0.0030393545961934	1	-0.00341898493187668	1
COL16A1	FALSE	FALSE	chr1	-	cassette exon	31679804	31679851	48	coding exon	protein_coding	chr1:31679686-31679803	chr1:31679686-31680041	skipping	TRUE	TRUE	0.365559562398109	0.427271370253847	0.310783862205475	-11.6487508048373	-0.2416438007786	-4.3677678278341	2.99836821102453e-05	0.000320674537285988	0.0610466342459396	0.187705745570054	0.0183427502382754	0.980928941102963
COL16A1	FALSE	FALSE	chr1	-	cassette exon	31670602	31670646	45	coding exon	protein_coding	chr1:31668856-31670601	chr1:31668856-31671614	skipping	TRUE	TRUE		0.513083799355822	0.580630513261689	6.75467139058663	0.0970384845572665	1.23633968573138	0.219171699798796	0.396847567381992	-0.047804765461535	0.52687273448502	-0.0350343722153276	0.908552550007806
COL1A1	FALSE	FALSE	chr17	-	cassette exon	50189377	50189538	162	coding exon	protein_coding	chr17:50189539-50189678	chr17:50189011-50189678	skipping	TRUE	TRUE	0.0510253543292612	0.123918256871085	0.0138080443603995	-11.0110212510685	-0.391591254126234	-6.07921852700511	2.06615769170691e-08	6.28352711061915e-07	0.125921478545646	0.00688677801662945	0.0617684064426167	0.499584556565982
COL1A1	FALSE	FALSE	chr17	-	cassette exon	50189168	50189275	108	coding exon	protein_coding	chr17:50189011-50189167	chr17:50189011-50189678	skipping	TRUE	TRUE	0.0306762664515157	0.0643115619699222	0.0136833916361338	-5.06281703337884	-0.2812131065019	-5.22523613211637	9.1277276528479e-07	1.68714139931172e-05	0.111141986357471	0.00245057024595396	0.0689469447715848	0.263861045437667
COL1A1	FALSE	FALSE	chr17	-	cassette exon	50192797	50192850	54	coding exon	protein_coding;retained_intron	chr17:50192694-50192796	chr17:50192694-50196313	skipping	TRUE	TRUE	0.0187758860938443	0.0370751123291898	0.00985923438118115	-2.72158779480086	-0.231717065941444	-4.90144192825683	3.55488647788567e-06	5.39739683539695e-05	0.121756237487467	0.000129224789324505	0.0926332136727532	0.0410245036847029
COL1A1	FALSE	FALSE	chr17	-	cassette exon	50191383	50191490	108	coding exon	protein_coding;retained_intron	chr17:50190925-50191382	chr17:50190925-50191787	skipping	TRUE	TRUE	0.0283547395671632	0.0245478878130214	0.0306654081314884	0.611752031846697	0.133870087659741	4.48260523392769	1.91821729408507e-05	0.000221899898543661	-0.0374074509177708	0.111223573876231	-0.0144207924837376	0.875851163913888
COL1A1	FALSE	FALSE	chr17	-	cassette exon	50196155	50196199	45	coding exon	protein_coding	chr17:50196200-50196313	chr17:50192694-50196313	skipping	TRUE	FALSE	0.00833207558371119	0.0120408817236884	0.00673393502983133	-0.530694669385706	-0.0793378028601412	-2.05038861543628	0.0428661233632723	0.11389662934257	0.0682548231143101	0.00489407330768415	0.0632533922983417	0.0997597076755252
COL1A1	FALSE	FALSE	chr17	-	cassette exon	50195047	50195100	54	coding exon	protein_coding;retained_intron	chr17:50195101-50195231	chr17:50189011-50195231	skipping	FALSE	FALSE	0.00749906394629514	0.010374181962422	0.00588425994821297	-0.448992201420899	-0.0684823940274303	-1.99144075340291	0.0490802017440305	0.125410793487194	0.0282112934472401	0.340488045815906	0.0181500389802218	0.855196191594143
COL1A1	FALSE	FALSE	chr17	-	cassette exon	50195232	50195330	99	coding exon	protein_coding;retained_intron	chr17:50195331-50195433	chr17:50189276-50195433	skipping	FALSE	FALSE	0.0622715477025631	0.0573861881764635	0.0659713101054464	0.858512192898296	0.0743403185881289	1.80018468023408	0.0747586372793585	0.176320475303119	-0.0146657987512082	0.778255254591663	-0.000758398721473525	1
COL1A1	FALSE	FALSE	chr17	-	cassette exon	50194349	50194447	99	coding exon	protein_coding;retained_intron	chr17:50194448-50194572	chr17:50192694-50194572	skipping	FALSE	FALSE	0.0304515439850556	0.0275520338596274	0.0326498390191145	0.509780515948711	0.0795507978120212	1.2255090504346	0.223178340590856	0.399615776313585	0.0160629014108841	0.85740388599001	0.0368860288295672	0.830175254249904
COL1A1	FALSE	FALSE	chr17	-	cassette exon	50187015	50187122	108	coding exon	protein_coding	chr17:50186923-50187014	chr17:50186923-50187483	skipping	FALSE	TRUE	0.00233345789652489	0.0032924949013467	0.00176045820009918	-0.153203670124751	-0.0185338450202618	-0.968000288769848	0.335311717927204	0.531405010564036	0.00586698776814207	0.804951708813305	0.00281328570853501	1
COL1A1	FALSE	FALSE	chr17	-	cassette exon	50188530	50188637	108	coding exon	protein_coding	chr17:50188150-50188529	chr17:50188150-50192993	skipping	FALSE	FALSE	0.0148699570173762	0.0125230540299774	0.018034027528758	0.551097349878058	0.0454019039539887	0.565887694317469	0.572700917138965	0.755236843423662	0.0363201034762353	0.68249597931978	0.0532840986126839	0.78017861755723
COL1A2	FALSE	FALSE	chr7	+	cassette exon	94407847	94407891	45	coding exon	protein_coding	chr7:94406304-94407846	chr7:94406304-94417723	skipping	FALSE	TRUE	0.0920226246467654	0.110809196183775	0.0827807286697487	-2.80284675140265	-0.105041590360208	-5.27866305423774	7.26152646667962e-07	1.35694788533942e-05	0.0497081830511694	0.000218340153801601	0.0354798451504941	0.0690387365033143
COL1A2	FALSE	FALSE	chr7	+	cassette exon	94417724	94417831	108	coding exon	protein_coding;retained_intron	chr7:94417832-94418498	chr7:94406304-94418498	skipping	FALSE	TRUE	0.0296123161249014	0.0443298708303177	0.0217189247626786	-2.26109460676391	-0.241921590942198	-5.18745698649043	1.07222788960193e-06	1.97116056893847e-05	0.124622602987303	0.000102118222070657	0.0937501618682295	0.0410245036847029
COL1A2	FALSE	FALSE	chr7	+	cassette exon	94424336	94424443	108	coding exon	protein_coding	chr7:94424444-94425116	chr7:94406304-94425116	skipping	FALSE	TRUE	0.0338435199591015	0.0441358465238128	0.0283330487241059	-1.58027977997069	-0.11794243891052	-4.82285390493587	4.90922210818623e-06	6.75962121050257e-05	0.0539384247147392	0.000881795945188077	0.0376118871470919	0.126028637584781
COL1A2	FALSE	FALSE	chr7	+	cassette exon	94418499	94418552	54	coding exon	protein_coding;retained_intron	chr7:94417832-94418498	chr7:94417832-94425116	skipping	FALSE	FALSE	0.0653725261425375	0.0778512795387628	0.0593555551059411	-1.84957244328218	-0.113539124580916	-3.81281771628131	0.000234295825361462	0.00191088753490251	0.0612347290078781	0.00126398216463859	0.047259441583578	0.115768042333729
COL1A2	FALSE	FALSE	chr7	+	cassette exon	94416405	94416503	99	coding exon	protein_coding;retained_intron	chr7:94416504-94417723	chr7:94406304-94417723	skipping	FALSE	FALSE	0.106874687572338	0.132005168627461	0.094240181286574	-3.7764987340887	-0.128225938979015	-3.80438133396048	0.000241401059166958	0.00195943914612607	0.0721408813878734	0.000795040331226445	0.0569162822323269	0.0768892500279554
COL4A2	FALSE	FALSE	chr13	+	unannotated splice site	110506200	110506332	133	not an annotated exon	""	chr13:110504265-110506199	chr13:110504265-110506332	skipping	TRUE	TRUE		0.0996366024707085	0.0712757217613793	-2.83608807093292	-0.235779507528245	-2.3126691968775	0.0227694298891142	0.0702074624232795	0.166834050066675	0.010821768761288	0.145313504489516	0.179342702461722
COL5A1	FALSE	FALSE	chr9	+	cassette exon	134829976	134830044	69	coding exon	protein_coding	chr9:134825905-134829975	chr9:134825905-134830107	inclusion	TRUE	FALSE	0.431360676937463	0.264211119497481	0.54486567263645	28.065455313897	0.562499552147864	11.5263555184538	3.05946136217024e-20	1.7342046821235e-17	-0.165239436365567	0.000185475343525021	-0.0701611500727458	0.173791158341085
COL5A1	FALSE	FALSE	chr9	+	cassette exon	134830108	134830176	69	coding exon	protein_coding	chr9:134830177-134834970	chr9:134830045-134834970	inclusion	TRUE	FALSE	0.364656634921797	0.477007229135359	0.284114732674959	-19.28924964604	-0.454347180738149	-10.2896381460566	1.67821147582008e-17	2.71790344250671e-15	0.0984699242290502	0.0129752550718541	0.0151249423834334	0.974099816508401
COL5A1	FALSE	FALSE	chr9	+	unannotated splice site	134728799	134728807	9	not an annotated exon	""	chr9:134728808-134730235	chr9:134728799-134730235	skipping	FALSE	FALSE	0.0292518534377934	0.0295857235744677	0.0287816476058815	-0.0804075968586136	-0.0325251702438035	-0.748335817509705	0.455962980466829	0.645321513052946	-0.0215401516930454	0.645708902978782	-0.0328549600167195	0.691535124746916
COL5A2	FALSE	FALSE	chr2	-	cassette exon	189075393	189075437	45	coding exon	protein_coding	chr2:189072094-189075392	chr2:189072094-189085718	skipping	FALSE	FALSE	0.026659445327871	0.0240966127721168	0.0269244148853279	0.282780211321107	-0.0422409933129816	-0.417649816477393	0.677072507562444	0.828914182224577	0.0478865283003283	0.665627705004693	0.0473837329472924	0.885309445713496
COL5A2	FALSE	FALSE	chr2	-	cassette exon	189085160	189085213	54	coding exon	protein_coding	chr2:189085214-189085718	chr2:189072094-189085718	skipping	FALSE	FALSE	0.0288234836107127	0.0258613392968125	0.0288677266007283	0.300638730391577	-0.0360020506015013	-0.344018103094407	0.731533990865681	0.873270306400204	0.0345049433660827	0.79207622013106	0.0328961720580016	0.983234759464368
COL6A1	FALSE	FALSE	chr21	+	unannotated splice site	45990423	45990505	83	not an annotated exon	""	chr21:45990506-45990772	chr21:45990423-45990772	inclusion	FALSE	FALSE	0.113602375984167	0.119160070270407	0.11401709304366	-0.514297722674638	-0.00208297074740311	-0.0154166274175461	0.987729621043232	1	0.0558873700342169	0.712129391591696	0.0658761137349567	0.873867739972231
COL6A2	FALSE	FALSE	chr21	+	cassette exon	46129196	46129808	613	coding exon	protein_coding	chr21:46126542-46129195	chr21:46126542-46131953	inclusion	TRUE	FALSE	0.0718896341771182	0.0921363158794085	0.0599431422964989	-3.21931735829096	-0.240531501835868	-6.56653780949231	2.13184884117273e-09	7.71321054130686e-08	0.0939424131999847	0.00025414645910219	0.0576417421475001	0.117957131039667
COL6A2	FALSE	FALSE	chr21	+	unannotated splice site	46117400	46366779	249380	not an annotated exon	""	chr21:46116815-46117399	chr21:46116815-46366779	skipping	FALSE	FALSE	0.00628708474358466	0.0086994629657578	0.00513025258284332	-0.356921038291448	-0.132196845073366	-3.5328749800434	0.000616821338637292	0.00417804791129535	0.0314504114250611	0.345661972314058	0.00772410181167038	1
COL6A2	FALSE	FALSE	chr21	+	cassette exon	46125266	46125311	46	coding exon	protein_coding	chr21:46125312-46125464	chr21:46124921-46125464	skipping	TRUE	TRUE	0.0112750790394895	0.0072144829304566	0.0131697704843052	0.595528755384859	0.193176336446844	3.21505347077626	0.00174239682609705	0.00974653224598064	-0.108069000030399	0.00540408003715704	-0.0850179054396651	0.181411588405581
COL6A2	FALSE	FALSE	chr21	+	cassette exon	46119788	46119850	63	coding exon	protein_coding	chr21:46119851-46120514	chr21:46117937-46120514	skipping	FALSE	FALSE	0.125896210907681	0.264606190026829	0.048190244110711	-21.6415945916118	-0.278728793123716	-1.71513477763152	0.0893275218522268	0.201728354461769	-0.0326572585794353	0.893622497420043	-0.101197525002678	0.790958395735541
COL6A2	FALSE	FALSE	chr21	+	cassette exon	46118614	46118676	63	coding exon	protein_coding	chr21:46117937-46118613	chr21:46117937-46120514	skipping	FALSE	FALSE	0.0171905279296849	0.0271531437700689	0.0118346457354974	-1.53184980345716	-0.0649748801063497	-1.02488616361695	0.307817893850006	0.505499110083963	0.023794691740462	0.749352234498729	0.0136928156546076	1
COL6A2	FALSE	FALSE	chr21	+	cassette exon	46098797	46099147	351	coding exon	protein_coding	chr21:46099148-46111449	chr21:46098174-46111449	inclusion	TRUE	FALSE	0.340155862395043	0.387850876143466	0.299216053499274	-8.86348226441915	0.0842524156458081	0.67092146687287	0.503772305172318	0.693477179907339	-0.0488806838364866	0.731211994371504	-0.0391539832562009	0.983234759464368
COL6A3	FALSE	FALSE	chr2	-	cassette exon	237394587	237395204	618	coding exon	protein_coding	chr2:237388185-237394586	chr2:237388185-237396726	inclusion	TRUE	TRUE	0.2754902685435	0.432183100085503	0.17781668674115	-25.4366413344353	-0.57375565758582	-13.6363146003251	8.25480844731648e-25	1.40373017646617e-21	0.129443002065897	0.00245057024595396	0.0251468029131654	0.801020692772742
COL6A3	FALSE	FALSE	chr2	-	cassette exon	237378636	237379235	600	coding exon	protein_coding	chr2:237379236-237380914	chr2:237377345-237380914	skipping	TRUE	TRUE	0.193479620292749	0.293079847297816	0.128803340679631	-16.4276506618186	-0.359751836755135	-7.71689606964356	7.95877757963377e-12	5.52404133639478e-10	0.0925421464491035	0.011893704755384	0.0292760591511015	0.790958395735541
COL6A3	FALSE	FALSE	chr2	-	cassette exon	237380915	237381499	585	coding exon	protein_coding	chr2:237381500-237396726	chr2:237377345-237396726	skipping	TRUE	FALSE	0.0209378699436119	0.0137165023419632	0.0273362839879164	1.36197816459532	0.310840018886667	5.81723845496036	6.7944622067165e-08	1.75060348220021e-06	-0.0358618978511194	0.549957157665855	0.0270523469670805	0.863932451492619
COL6A3	FALSE	FALSE	chr2	-	cassette exon	237387582	237388184	603	coding exon	protein_coding	chr2:237388185-237396726	chr2:237381500-237396726	inclusion	TRUE	TRUE	0.43708087377397	0.324541270139969	0.481076443892856	15.6535173752887	0.292659894228244	5.36338301932792	5.04026321079772e-07	1.00253682350638e-05	-0.1138246012857	0.00239614216572009	-0.0695675196354851	0.270940558545608
COL6A3	FALSE	FALSE	chr2	-	unannotated splice site	237368749	237369177	429	not an annotated exon	""	chr2:237369178-237371731	chr2:237368749-237371731	skipping	FALSE	TRUE	0.0228871604287211	0.0190917215295218	0.0215541123474117	0.246239081788995	0.124116067244514	1.46708596521246	0.145399451958659	0.295158588254363	-0.0639722111534606	0.394143460905014	-0.0481399795598944	0.829640025388377
COL8A1	FALSE	FALSE	chr3	+	cassette exon	99691399	99691568	170	coding exon	processed_transcript;protein_coding	chr3:99675722-99691398	chr3:99675722-99744896	inclusion	TRUE	TRUE	0.113448659188788	0.135624944040839	0.115643383156283	-1.99815608845555	-0.296632243462116	-2.16648604392318	0.0325799710713555	0.0926458876368564	0.0317009103479235	0.8705043106488	-0.0288094480601223	1
COL8A1	FALSE	FALSE	chr3	+	unannotated splice site	99794227	99794229	3	not an annotated exon	""	chr3:99791011-99794226	chr3:99791011-99794229	inclusion	TRUE	FALSE	0.162735830624101	0.153826615852049	0.182871205938979	2.90445900869306	0.0640931255894552	1.08327090242974	0.281217549729683	0.470679570192251	-0.0438479259329125	0.404856144971538	-0.0376950672585781	0.790958395735541
COL8A1	FALSE	FALSE	chr3	+	cassette exon	99675660	99675721	62	coding exon	processed_transcript;protein_coding	chr3:99675722-99744896	chr3:99638665-99744896	inclusion	TRUE	FALSE		0.492935670824943	0.518119262960011	2.51835921350682	0.0630574590984598	0.972199383823596	0.333251235858899	0.530612103537507	0.00509636925212997	0.993800733214574	0.0196671576834013	0.983234759464368
COPA	FALSE	FALSE	chr1	-	alternative 3' splice site	160305572	160305598	27	coding exon	protein_coding	chr1:160305599-160305687	chr1:160305572-160305687	inclusion	TRUE	FALSE	0.0642684929053129	0.0636106259012626	0.0574081977372103	-0.62024281640523	-0.0437985433767785	-0.939478398554392	0.349683142853065	0.549392450370393	0.0152262672345816	0.793030961044261	0.00826458997262527	1
COPS7A	FALSE	FALSE	chr12	+	cassette exon	6727926	6728001	76	coding exon	nonsense_mediated_decay;protein_coding	chr12:6724819-6727925	chr12:6724819-6728222	skipping	TRUE	TRUE	0.138281441462397	0.182774362831229	0.106923717850109	-7.58506449811205	-0.247084853151689	-2.53898016652724	0.0126129292332455	0.0449006585321185	0.0617827178031564	0.511894312387036	0.0179978296999091	1
COPZ2	FALSE	FALSE	chr17	-	cassette exon	48033211	48033302	92	coding exon	protein_coding	chr17:48033303-48033862	chr17:48029177-48033862	skipping	TRUE	TRUE	0.170495522411166	0.212776907143377	0.136001732794777	-7.67751743485993	-0.19622122430949	-4.4871081882277	1.88464760925043e-05	0.0002195098122966	0.0217547587332807	0.680546396015288	-0.0181258357057351	0.920556389031575
COPZ2	FALSE	FALSE	chr17	-	cassette exon	48032156	48032233	78	coding exon	nonsense_mediated_decay;protein_coding	chr17:48029177-48032155	chr17:48029177-48033862	skipping	TRUE	TRUE	0.100733222782369	0.121582408255913	0.0840284040863505	-3.75540041695621	-0.157643502664456	-3.56407125160227	0.000555089004814919	0.0038449240435347	0.0273683893056107	0.549633883024578	-0.00282122295830975	1
COPZ2	FALSE	FALSE	chr17	-	cassette exon	48032686	48032741	56	coding exon	nonsense_mediated_decay;protein_coding	chr17:48032234-48032685	chr17:48032234-48033862	skipping	FALSE	FALSE	0.040110592424775	0.0384517439505289	0.0407659476968657	0.231420374633682	0.0349975257238707	0.465220027503604	0.642755987936327	0.806052033544044	-0.00937556130987445	0.95806703072724	-0.00329063368640801	1
COPZ2	FALSE	FALSE	chr17	-	cassette exon	48027676	48027789	114	non-coding annotation only	nonsense_mediated_decay;retained_intron	chr17:48026476-48027675	chr17:48026476-48028471	inclusion	TRUE	FALSE	0.0555759408942832	0.0542586222330999	0.0526777430915955	-0.158087914150447	0.0178582446068206	0.316532955649316	0.752238629080719	0.889556181329459	-0.0100154327144808	0.918205634370744	-0.00788913707089663	1
COX16	FALSE	FALSE	chr14	-	cassette exon	70342658	70342729	72	coding exon	protein_coding	chr14:70329237-70342657	chr14:70329237-70359518	skipping	TRUE	TRUE	0.127978304378065	0.127369558470308	0.116675084940311	-1.0694473529998	-0.0936569388752005	-1.35846607254876	0.17728368617275	0.341416657233026	-0.018516910312947	0.840151023020975	-0.0429586797919852	0.790958395735541
COX20	FALSE	FALSE	chr1	+	cassette exon	244841944	244842058	115	coding exon	processed_transcript;protein_coding	chr1:244842059-244842194	chr1:244835757-244842194	inclusion	TRUE	FALSE		0.788281403768952	0.814753738547456	2.64723347785033	0.0328482944234227	0.305987481919951	0.760237828546524	0.892426276008454	-0.0139536344525083	0.95336784998345	-0.00921569933308305	1
COX7C	FALSE	FALSE	chr5	+	alternative 5' splice site	86618054	86618130	77	coding exon	protein_coding	chr5:86618131-86619352	chr5:86618054-86619352	skipping	TRUE	FALSE	0.10019784400361	0.0971575669370535	0.106763459979603	0.960589304254963	0.0329085202464705	0.98939831691295	0.324786873597454	0.523153246835165	0.00864967337672309	0.849838221698759	0.017638821423931	0.855196191594143
CRIM1	FALSE	FALSE	chr2	+	cassette exon	36537352	36537546	195	coding exon	protein_coding	chr2:36522314-36537351	chr2:36522314-36544375	skipping	TRUE	TRUE	0.143398419050958	0.0947159563373224	0.163760252634061	6.90442962967382	0.293332441331893	4.71817383717831	7.51204126920477e-06	9.75131769334558e-05	-0.134769903291583	0.000972569110713665	-0.0942805864722064	0.13222686301326
CRIM1	FALSE	FALSE	chr2	+	cassette exon	36396614	36396787	174	coding exon	protein_coding	chr2:36396788-36441257	chr2:36356624-36441257	skipping	TRUE	TRUE	0.0921097463143385	0.0730206565433699	0.0980131575567836	2.49925010134138	0.114053665272974	1.72267751711996	0.0879480459775183	0.199673767936943	-0.0210345189246461	0.800312332292369	0.000576591303272619	1
CRK	FALSE	FALSE	chr17	-	alternative 5' splice site	1436620	1436789	170	coding exon	protein_coding	chr17:1423651-1436619	chr17:1423651-1436789	inclusion	TRUE	FALSE	0.38606426486887	0.386002730490479	0.390008659501288	0.400592901080821	-0.00148217422968534	-0.046027980777205	0.963377070691747	1	0.0278361860739991	0.297142398214828	0.0327117399513191	0.474131077937937
CSDE1	FALSE	FALSE	chr1	-	cassette exon	114737471	114737563	93	coding exon	nonsense_mediated_decay;protein_coding;retained_intron	chr1:114737564-114737962	chr1:114736856-114737962	inclusion	TRUE	TRUE	0.0340447098166472	0.0252012643886654	0.0378656995158354	1.266443512717	0.12701243009091	2.23520733036394	0.0275624558488813	0.0821578528415449	-0.0375166413026461	0.4812369829157	-0.0160864161144345	1
CSNK1A1	FALSE	FALSE	chr5	-	cassette exon	149517794	149517877	84	coding exon	nonsense_mediated_decay;processed_transcript;protein_coding	chr5:149513210-149517793	chr5:149513210-149520289	inclusion	TRUE	TRUE	0.146906992464645	0.142595979787362	0.158683081396209	1.60871016088472	0.0226099230749627	0.437559286429637	0.662621922542195	0.819482603114911	-0.00342374877552279	1	0.00100000608420645	1
CTDSP1	FALSE	FALSE	chr2	+	alternative 3' splice site	218402111	218402113	3	coding exon	processed_transcript;protein_coding;retained_intron	chr2:218401713-218402110	chr2:218401713-218402113	inclusion	TRUE	FALSE	0.389494139554885	0.367853343030619	0.392848324239523	2.49949812089042	0.0542857041239198	0.543731676909625	0.587801104662684	0.765943125271183	-0.0310114685607517	0.800312332292369	-0.024653897726595	1
CTDSP2	FALSE	FALSE	chr12	-	alternative 5' splice site	57827534	57827551	18	coding exon	protein_coding	chr12:57827098-57827533	chr12:57827098-57827551	inclusion	TRUE	FALSE	0.130142015852798	0.12754777676478	0.131545577758122	0.399780099334224	0.0146869281527866	0.311497862256985	0.756051776472182	0.890705006365513	-0.0233876795114954	0.645058759356287	-0.0244733611162511	0.860387678897681
CTHRC1	FALSE	FALSE	chr8	+	cassette exon	103372433	103372659	227	coding exon	protein_coding	chr8:103372660-103375737	chr8:103371807-103375737	inclusion	TRUE	FALSE	0.118087846973712	0.129413565697012	0.12088614007271	-0.852742562430131	0.154881763122265	1.19832842850652	0.233539193362018	0.411324079038956	-0.0900454883127681	0.444515837414915	-0.0721999664766135	0.841692238230252
CTNNB1	FALSE	FALSE	chr3	+	cassette exon	41239660	41239767	108	coding exon	protein_coding	chr3:41239355-41239659	chr3:41239355-41239818	inclusion	TRUE	FALSE	0.455418443241702	0.499080260267659	0.444270744203799	-5.48095160638605	-0.131334410362967	-3.69375123550745	0.000355747901938881	0.00264748055687995	0.0540416225129578	0.0284683762803798	0.0347348025590734	0.48353713966026
CTR9	FALSE	FALSE	chr11	-	unannotated splice site	10801661	10802048	388	not an annotated exon	""	chr11:10801088-10801660	chr11:10801088-10802048	skipping	TRUE	FALSE	0.111319772005026	0.097714442969259	0.122269756400855	2.45553134315958	0.0748820871757077	2.87539064229779	0.00490393528242057	0.0217165154889484	-0.0076794326356587	0.828904795915588	0.00765631015585845	0.992278526193239
CTSB	FALSE	FALSE	chr8	-	cassette exon	11864376	11864463	88	coding exon	nonsense_mediated_decay;protein_coding	chr8:11864464-11868000	chr8:11853480-11868000	inclusion	TRUE	TRUE		0.0963633012883826	0.162368380088206	6.60050787998234	0.572606336538036	5.14822253022703	1.28344573959986e-06	2.26165749242442e-05	-0.0898735538747428	0.418553547379619	0.0217361387164757	1
CTSB	FALSE	FALSE	chr8	-	cassette exon	11847679	11847822	144	coding exon	nonsense_mediated_decay;protein_coding;retained_intron	chr8:11847169-11847678	chr8:11847169-11848066	skipping	TRUE	TRUE	0.00679735543781914	0.00668151985142203	0.00682765122584723	0.0146131374425198	0.0599041672593926	1.26087604162101	0.210202106778135	0.386013696086633	-0.027775799723113	0.552000054280841	-0.019554460213261	0.921382924544024
CTSL	FALSE	FALSE	chr9	+	alternative 5' splice site	87726250	87726253	4	coding exon	nonsense_mediated_decay;protein_coding	chr9:87726254-87727593	chr9:87726250-87727593	skipping	TRUE	FALSE	0.0705574761679796	0.0598343798253894	0.0771706922180272	1.73363123926379	0.242106353937929	3.32659592569921	0.00121939676726758	0.00727573404469654	-0.0362468538504704	0.665627705004693	0.0112001273876401	1
CTSL	FALSE	FALSE	chr9	+	alternative 5' splice site	87726254	87726398	145	coding exon	protein_coding;retained_intron	chr9:87726399-87727593	chr9:87726254-87727593	inclusion	TRUE	FALSE	0.311121616917517	0.335598428717866	0.293891250262343	-4.17071784555228	-0.178030716045481	-1.83193917962624	0.0698501720547129	0.166242431881091	0.0609288185670262	0.511754918020597	0.032451212177378	0.979643782041765
CTSL	FALSE	FALSE	chr9	+	alternative 5' splice site	87726254	87726308	55	coding exon	protein_coding	chr9:87726309-87727593	chr9:87726254-87727593	inclusion	TRUE	FALSE	0.241726025395218	0.264291929983072	0.23349358475404	-3.07983452290327	0.0392108498672601	0.446019139705234	0.656519609643962	0.816986166263855	-0.0301016225630305	0.785341223572987	-0.0269503669624397	0.983234759464368
CTTN	FALSE	FALSE	chr11	+	cassette exon	70421470	70421580	111	coding exon	protein_coding	chr11:70420511-70421469	chr11:70420511-70422939	skipping	TRUE	FALSE	0.208925849727688	0.192339042508158	0.208489386418671	1.6150343910513	0.0041295278678393	0.137997982637755	0.890511432536131	0.979188290350915	-0.00317697979763634	0.974078329715062	-0.00284637423812183	1
CXCL12	FALSE	FALSE	chr10	-	cassette exon	44375867	44376032	166	coding exon	protein_coding	chr10:44376033-44378636	chr10:44373344-44378636	inclusion	TRUE	FALSE	0.0726731613469967	0.0473594342682247	0.0843078070452309	3.69483727770061	0.396783864393821	4.22804964947598	5.11413946659496e-05	0.000498372158334942	-0.142852895435716	0.0326446577345178	-0.0807042564711558	0.602001185677124
CYBRD1	FALSE	FALSE	chr2	+	cassette exon	171541585	171541793	209	coding exon	processed_transcript;protein_coding	chr2:171541794-171553345	chr2:171522739-171553345	skipping	TRUE	TRUE	0.0638206427170107	0.0615710291475875	0.0668303496252023	0.525932047761481	0.0226057886025894	0.253034476030726	0.80074589747541	0.917310980242432	0.00122076407450571	1	0.00651247893506431	1
DAB2	FALSE	FALSE	chr5	-	cassette exon	39388305	39388367	63	coding exon	processed_transcript;protein_coding	chr5:39383272-39388304	chr5:39383272-39388798	skipping	TRUE	TRUE	0.0506698812550715	0.0524725288932183	0.0537224307650748	0.124990187185652	-0.0314552301043746	-0.378437021511496	0.705884842450431	0.852526402405509	-0.0371502057490337	0.686284115541639	-0.0511456618092799	0.792304263098106
DAP3	FALSE	FALSE	chr1	+	alternative 5' splice site	155689175	155689243	69	non-coding annotation only	processed_transcript	chr1:155689244-155709772	chr1:155689175-155709772	inclusion	TRUE	FALSE	0.315728154235981	0.351065723123353	0.294835267547919	-5.62304555754343	-0.0442455175182723	-0.527680722103262	0.598855852591579	0.776480653703378	-0.017190604700662	0.887836451695193	-0.030316879798407	0.962715590831865
DAZAP1	FALSE	FALSE	chr19	+	other	1434737	1434739	3	not an annotated exon	""	chr19:1432691-1434736	chr19:1432691-1434739	skipping	TRUE	FALSE		0.112036568647077	0.125211677839658	1.31751091925816	0.111668703262396	1.49770935298368	0.137297085949182	0.281973061179448	-0.041690575388399	0.582803910957695	-0.0244610120630725	0.982438621677276
DAZAP1	FALSE	FALSE	chr19	+	alternative 3' splice site	1421148	1421150	3	coding exon	protein_coding;retained_intron	chr19:1418732-1421147	chr19:1418732-1421150	skipping	TRUE	FALSE		0.231681615386752	0.209309524074507	-2.23720913122448	0.0708051597438818	0.576170318437613	0.56576924570222	0.749583640293436	-0.0109706203923695	0.985099221234231	0.00282492064535147	1
DBN1	FALSE	FALSE	chr5	-	unannotated splice site	177467996	177468107	112	not an annotated exon	""	chr5:177467818-177467995	chr5:177467818-177468107	inclusion	TRUE	FALSE	0.0675120248403607	0.0719542941908889	0.0614720204126848	-1.04822737782041	0.0127762431830186	0.178428051169739	0.858737295651013	0.961948963230739	-0.0401685199544138	0.57294195772201	-0.0448214902181585	0.790958395735541
DBN1	FALSE	FALSE	chr5	-	unannotated splice site	177468052	177468107	56	not an annotated exon	""	chr5:177467818-177468051	chr5:177467818-177468107	inclusion	FALSE	FALSE	0.0675120248403607	0.0719542941908889	0.0614720204126848	-1.04822737782041	0.0127762431830186	0.178428051169739	0.858737295651013	0.961948963230739	-0.0401685199544138	0.57294195772201	-0.0448214902181585	0.790958395735541
DCAF6	FALSE	FALSE	chr1	+	cassette exon	168022988	168023047	60	coding exon	protein_coding	chr1:168023048-168038370	chr1:168004794-168038370	inclusion	TRUE	TRUE	0.282351117013423	0.326860516851889	0.240529676765502	-8.63308400863875	-0.149063641807227	-3.0670963693955	0.00276149071618295	0.0136966245069449	0.0456832531615665	0.270539373358204	0.0208417007832328	0.91701834432199
DCAF6	FALSE	FALSE	chr1	+	cassette exon	168015781	168015951	171	coding exon	protein_coding	chr1:168004794-168015780	chr1:168004794-168038370	inclusion	TRUE	FALSE	0.132927360759877	0.127562797139987	0.132513929301525	0.495113216153814	-0.0589662942354822	-0.662375742851807	0.509209841022973	0.699726331038033	0.0136068347856117	0.938841245504339	0.00294486264111534	1
DCN	FALSE	FALSE	chr12	-	cassette exon	91179362	91179686	325	coding exon	protein_coding	chr12:91178586-91179361	chr12:91178586-91182654	skipping	TRUE	FALSE	0.321944045649434	0.321425467061409	0.307654877892426	-1.37705891689826	0.03737879498377	0.65119501908645	0.516370822315718	0.707470982767224	-0.0736455919587742	0.0610592683460177	-0.0790508050870631	0.189994392512747
DDAH1	FALSE	FALSE	chr1	-	cassette exon	85496166	85496281	116	coding exon	protein_coding	chr1:85496282-85577983	chr1:85358848-85577983	skipping	TRUE	FALSE	0.0992082972464574	0.110697724517206	0.0699078345089564	-4.07898900082494	-0.430346108975498	-2.66483633122481	0.00894296185819913	0.0347311182660732	0.162705541154059	0.217215548505909	0.0967534864244226	0.801020692772742
DDX17	FALSE	FALSE	chr22	-	alternative 5' splice site	38487873	38487878	6	coding exon	protein_coding	chr22:38486441-38487872	chr22:38486441-38487878	inclusion	TRUE	FALSE	0.374959775017807	0.4164465511999	0.364984602340322	-5.14619488595778	-0.00675826660596695	-0.144390450046904	0.885474302659042	0.97585810218516	0.0299960757431073	0.48521107300803	0.0340939367017512	0.724286934008306
DDX19B	FALSE	FALSE	chr16	+	unannotated splice site	70329292	70366084	36793	not an annotated exon	""	chr16:70325689-70329291	chr16:70325689-70366084	skipping	TRUE	FALSE	0.494721070144981	0.458231774544238	0.518814031691848	6.05822571476098	0.0533668987896072	0.998530480830227	0.320362261607311	0.518834310345936	-0.0128338474418817	0.863205297776067	-0.00328144183500677	1
DDX19B	FALSE	FALSE	chr16	+	unannotated splice site	70332968	70371371	38404	not an annotated exon	""	chr16:70331885-70332967	chr16:70331885-70371371	skipping	FALSE	FALSE		0.499691358024691	0.5	0.0308641975308666	0.000360590414132651	0.0971844029376988	0.922770659961731	0.996932342607957	-0.00029165113547275	0.995121891220669	-0.000263255330539912	1
DDX19B	FALSE	FALSE	chr16	+	unannotated splice site	70331722	70370222	38501	not an annotated exon	""	chr16:70330069-70331721	chr16:70330069-70370222	skipping	FALSE	FALSE		0.5	0.5	0	0	0	1	1	0	1	0	1
DDX3X	FALSE	FALSE	chrX	+	alternative 3' splice site	41347312	41347314	3	coding exon	nonsense_mediated_decay;protein_coding;retained_intron	chrX:41347013-41347311	chrX:41347013-41347314	skipping	TRUE	FALSE	0.289577534274133	0.284566887033188	0.292998246373574	0.843135934038553	0.0171174580306834	0.650978556175327	0.516509982420176	0.707470982767224	0.0217393719325281	0.323651286662678	0.0296403677115616	0.376498861396169
DDX5	FALSE	FALSE	chr17	-	cassette exon	64500549	64500773	225	coding exon	nonsense_mediated_decay;processed_transcript;protein_coding;retained_intron	chr17:64500327-64500548	chr17:64500327-64502009	skipping	TRUE	TRUE	0.0303272619086006	0.0342441334879056	0.0238413963311651	-1.04027371567406	-0.155017348533217	-2.4630076167221	0.0154354642083169	0.0528031809681648	0.128274140202999	0.000920849651809318	0.117549988159128	0.0454811094253199
DGUOK	FALSE	FALSE	chr2	+	cassette exon	73938910	73939022	113	coding exon	processed_transcript;protein_coding	chr2:73939023-73946718	chr2:73927053-73946718	inclusion	TRUE	TRUE		0.352407200406125	0.148545116663836	-20.3862083742289	-0.446525117849111	-3.33880852604909	0.00117564674123145	0.00707676914500559	0.113023764038176	0.340244473451681	0.0349288136679366	1
DGUOK	FALSE	FALSE	chr2	+	cassette exon	73950585	73950732	148	coding exon	protein_coding	chr2:73946907-73950584	chr2:73946907-73958145	inclusion	TRUE	FALSE	0.467297963060774	0.430918170953824	0.495676522343702	6.47583513898782	0.116054317671764	1.89680390198143	0.060655241381734	0.14909139474816	-0.0732099736179748	0.0978281407266355	-0.0609116274867458	0.479294981995654
DHRS4	FALSE	FALSE	chr14	+	unannotated splice site	23967211	24049284	82074	not an annotated exon	""	chr14:23960004-23967210	chr14:23960004-24049284	skipping	FALSE	TRUE	0.213178253806169	0.18168518288884	0.232529711629164	5.08445287403239	0.0791333234857389	0.988662455916884	0.325145153302201	0.523153246835165	-0.041700228938207	0.624358071658217	-0.0317768185531744	0.932248765525071
DHRS4	FALSE	FALSE	chr14	+	cassette exon	23966283	23966417	135	coding exon	protein_coding	chr14:23966418-23967210	chr14:23960004-23967210	skipping	TRUE	FALSE	0.321148233143606	0.28745557059868	0.348432950067211	6.0977379468532	0.0597218178957873	0.762759343081131	0.447350287995318	0.63872306023177	0.00580989382160532	0.99640693852258	0.0202735334995037	1
DHRS4	FALSE	FALSE	chr14	+	cassette exon	23965762	23965832	71	coding exon	protein_coding	chr14:23960004-23965761	chr14:23960004-23967210	inclusion	TRUE	FALSE	0.172172611009663	0.203166670111184	0.151205432556254	-5.19612375549303	-0.0366290702388781	-0.385678985417328	0.70052983823212	0.848771635136245	0.0462855719036632	0.650164072987748	0.0467402543041214	0.869621028064469
DHRS4	FALSE	FALSE	chr14	+	unannotated splice site	23968757	24005885	37129	not an annotated exon	""	chr14:23967267-23968756	chr14:23967267-24005885	skipping	FALSE	FALSE	0.43022675266869	0.423389457894431	0.438338738870596	1.49492809761658	-0.00483284168854344	-0.295505840510785	0.768202378026401	0.894745303995818	0.0119438883541519	0.412317219365656	0.0130958471906587	0.663697534844911
DHRS4L2	FALSE	FALSE	chr14	+	unannotated splice site	23967267	24004392	37126	not an annotated exon	""	chr14:24004393-24005885	chr14:23967267-24005885	inclusion	FALSE	FALSE	0.5	0.5	0.5	0	0	0	1	1	0	1	0	1
DKK3	FALSE	FALSE	chr11	-	unannotated splice site	11998780	12001772	2993	not an annotated exon	""	chr11:12001773-12002299	chr11:11998780-12002299	inclusion	TRUE	FALSE	0.0109777699337789	0.00795905820633606	0.0116808704525896	0.372181224625358	0.111968360725326	2.04249239314581	0.0436572770080803	0.115678007602154	-0.0328397357192201	0.548359975491591	-0.0139041965616718	1
DNM2	FALSE	FALSE	chr19	+	other	10830978	10830980	3	not an annotated exon	""	chr19:10830379-10830977	chr19:10830379-10830980	skipping	TRUE	FALSE		0.208017023593015	0.19841621070712	-0.960081288589515	0.0642642840754499	0.712298596155332	0.477922125025082	0.666972977927904	-0.0377427860812667	0.707408261406677	-0.0304149727753169	0.976854009815536
DPH3	FALSE	FALSE	chr3	-	cassette exon	16264155	16264229	75	coding exon	processed_transcript;protein_coding	chr3:16264230-16264768	chr3:16260830-16264768	inclusion	TRUE	FALSE		0.6132395436511	0.547125293614087	-6.61142500370128	-0.202552815579942	-3.1412556099076	0.00220180287490442	0.0115563299894487	0.112994314236416	0.00688677801662945	0.0889102596609368	0.189994392512747
DSTN	FALSE	FALSE	chr20	+	cassette exon	17591932	17592063	132	coding exon	protein_coding	chr20:17592064-17600737	chr20:17570212-17600737	inclusion	TRUE	TRUE	0.0717946346888736	0.131491570318992	0.0395869784208467	-9.19045918981456	-0.350732906888913	-2.98107297748577	0.00358451601977473	0.0169318596989637	0.0523125937995117	0.699206127042508	-0.0164594600062954	1
DUS4L-BCAP29	FALSE	FALSE	chr7	+	unannotated splice site	107618328	107621629	3302	not an annotated exon	""	chr7:107613433-107618327	chr7:107613433-107621629	skipping	TRUE	FALSE	0.172141531885616	0.136642715592876	0.177242436820202	4.05997212273257	0.209158334174679	3.36594906265206	0.00107301414271978	0.00656352715717623	-0.0667226305003043	0.185053426761106	-0.0323568277653591	0.859040754071165
DYNC1I2	FALSE	FALSE	chr2	+	cassette exon	171687672	171687873	202	coding exon	protein_coding	chr2:171687874-171690146	chr2:171687628-171690146	inclusion	TRUE	FALSE	0.208540042710704	0.171241801316361	0.212083302221915	4.08415009055541	0.125491883930309	1.42712166984354	0.156569374115059	0.311946362838499	-0.0694038830964627	0.35663884922269	-0.0542796366522206	0.790958395735541
DYNLL1	FALSE	FALSE	chr12	+	alternative 3' splice site	120496402	120496415	14	coding exon	protein_coding	chr12:120496217-120496401	chr12:120496217-120496415	inclusion	TRUE	FALSE	0.0577089940786252	0.0523981213053723	0.0612595684385365	0.886144713316418	0.0806199417774527	1.43158953132759	0.155288756937179	0.310279117510544	0.00481107495033927	0.987823745136366	0.0237687046933987	0.91701834432199
DYRK4	FALSE	FALSE	chr12	+	other	4613512	4613514	3	not an annotated exon	""	chr12:4612719-4613511	chr12:4612719-4613514	skipping	TRUE	FALSE	0.310751301804213	0.32981204391287	0.288295991187579	-4.15160527252911	-0.087740291830641	-1.48912618231869	0.139509751051651	0.285139821710736	0.0400988716198936	0.460094789766282	0.0279480586544976	0.882454942920744
E2F5	FALSE	FALSE	chr8	-	unannotated splice site	85214921	85217385	2465	not an annotated exon	""	chr8:85214632-85214920	chr8:85214632-85217385	skipping	TRUE	FALSE	0.127141542372736	0.0716586584344114	0.165102828284695	9.34441698502838	0.416623734920822	5.31483026720597	6.21568787358544e-07	1.17441969211467e-05	-0.0663871482483929	0.393215775823863	0.0145103629948113	1
E2F5	FALSE	FALSE	chr8	-	unannotated splice site	85214632	85215037	406	not an annotated exon	""	chr8:85215038-85217385	chr8:85214632-85217385	skipping	TRUE	FALSE	0.102740257387724	0.0679639958474246	0.125542070617979	5.75780747705547	0.283886273778271	3.77311914261621	0.000269560009416112	0.00213700138000978	-0.00294610286004642	1	0.0600887523831326	0.665795682168189
EDF1	FALSE	FALSE	chr9	-	alternative 3' splice site	136862346	136862496	151	coding exon	protein_coding	chr9:136862497-136862905	chr9:136862346-136862905	inclusion	TRUE	FALSE	0.0377501200554436	0.0340179020266678	0.0406718387700168	0.665393674334897	0.0731234056313112	1.71127901819192	0.0900394939868307	0.203066524568443	0.0187470919511466	0.694106923497671	0.0386327387673049	0.559788001473919
EEF1D	FALSE	FALSE	chr8	-	alternative 3' splice site	143586850	143586852	3	coding exon	nonsense_mediated_decay;protein_coding;retained_intron	chr8:143586853-143597347	chr8:143586850-143597347	inclusion	TRUE	FALSE		0.608511839655161	0.786459292536248	17.7947452881086	0.35345616666742	2.66192776143281	0.00908117426881451	0.0348589996481243	-0.0726557694387085	0.606226145021867	-0.00815285038881537	1
EEF1D	FALSE	FALSE	chr8	-	cassette exon	143586219	143586290	72	coding exon	nonsense_mediated_decay;protein_coding;retained_intron	chr8:143581329-143586218	chr8:143581329-143586728	skipping	TRUE	TRUE	0.0894245433227064	0.0971164282790247	0.0813714819285758	-1.5744946350449	-0.0254201128879716	-0.400835858564803	0.689371248079408	0.837639019191878	0.0299893064822412	0.666031980626064	0.0299059445681987	0.885309445713496
EIF3B	FALSE	FALSE	chr7	+	alternative 3' splice site	2380204	2380278	75	coding exon	protein_coding	chr7:2379512-2380203	chr7:2379512-2380278	skipping	TRUE	FALSE	0.272707558275297	0.292255492444162	0.251946447986252	-4.030904445791	-0.00384764009883149	-0.0793422165719904	0.936914374030263	1	0.00991389607977664	0.887836451695193	0.0109067575460843	1
EIF3K	FALSE	FALSE	chr19	+	alternative 5' splice site	38619318	38619327	10	coding exon	processed_transcript;protein_coding;retained_intron	chr19:38619328-38620336	chr19:38619318-38620336	skipping	TRUE	FALSE	0.0475487151995996	0.060001670717384	0.0432382842689758	-1.67633864484081	-0.174743215175655	-2.15225080523421	0.0337133343105921	0.0939058558479313	0.0160940556516501	0.897740546257431	-0.0200347995125253	1
EIF4A2	FALSE	FALSE	chr3	+	cassette exon	186788310	186788416	107	NMD-only exon	nonsense_mediated_decay	chr3:186788417-186789124	chr3:186787883-186789124	inclusion	TRUE	FALSE	0.0865219491767041	0.0499528416341089	0.120148933185043	7.01960915509339	0.448596279940244	9.83252282155947	1.74463896516713e-16	2.04604038639083e-14	-0.083290524429378	0.0514259404579107	0.00160607855455322	1
EIF4A2	FALSE	FALSE	chr3	+	cassette exon	186788310	186788420	111	non-coding annotation only	retained_intron	chr3:186788421-186789124	chr3:186787883-186789124	inclusion	TRUE	TRUE	0.14995705456476	0.109503825832326	0.198251852725963	8.87480268936364	0.315384907911874	7.36296266309399	4.57136485597717e-11	2.42925185549662e-09	-0.0566715126609345	0.153426703380888	0.00336769435965632	1
EIF4A2	FALSE	FALSE	chr3	+	cassette exon	186784962	186785101	140	coding exon	nonsense_mediated_decay;protein_coding	chr3:186785102-186785882	chr3:186784697-186785882	skipping	TRUE	TRUE	0.21711678215083	0.185605677597755	0.240874907366853	5.5269229769098	0.187107058917223	5.02949811049566	2.08801860349183e-06	3.51746784426042e-05	-0.0632641154120543	0.0161536488687868	-0.0331904353073486	0.568473491579471
EIF4A2	FALSE	FALSE	chr3	+	alternative 3' splice site	186784429	186784431	3	coding exon	nonsense_mediated_decay;protein_coding;retained_intron	chr3:186783640-186784428	chr3:186783640-186784431	skipping	TRUE	FALSE		0.720500464689395	0.71641714772851	-0.408331696088515	-0.153512430869921	-1.23192081644012	0.220926376695713	0.397761041366924	0.0726220339483128	0.549633883024578	0.0523474523936608	0.91701834432199
EIF4B	FALSE	FALSE	chr12	+	alternative 5' splice site	53034710	53034724	15	coding exon	protein_coding	chr12:53034725-53037408	chr12:53034710-53037408	inclusion	TRUE	FALSE	0.110319627584845	0.115091093983569	0.10811504299206	-0.697605099150864	-0.027538024814619	-0.525897728601277	0.600089731686016	0.776939914165507	0.0363254032329754	0.444352154863195	0.0369530069087447	0.745349701160936
EIF4E2	FALSE	FALSE	chr2	+	cassette exon	232568945	232569210	266	coding exon	protein_coding	chr2:232567215-232568944	chr2:232567215-232574262	skipping	TRUE	TRUE	0.139471317785593	0.182890238226208	0.118259068942178	-6.46311692840304	-0.16226483538878	-2.00170609419269	0.0479458844040959	0.123533297619947	0.0447499290856075	0.596113275894501	0.0167769151143497	1
EIF4G1	FALSE	FALSE	chr3	+	alternative 3' splice site	184323405	184323407	3	coding exon	protein_coding	chr3:184323242-184323404	chr3:184323242-184323407	skipping	TRUE	FALSE		0.706467515966818	0.693084380142896	-1.33831358239216	-0.150815566590755	-1.30866191102222	0.193709572206514	0.364383990638471	0.084151734111425	0.413116134796472	0.0662720915573129	0.818254984179186
EIF4G2	FALSE	FALSE	chr11	-	cassette exon	10801661	10801774	114	coding exon	protein_coding	chr11:10801775-10802048	chr11:10801088-10802048	skipping	TRUE	FALSE	0.0871170785182613	0.0720226429473819	0.0957255404491977	2.37028975018158	0.0861753200579488	3.07390737311295	0.00270445208261428	0.0134865711627143	-0.00960622474970026	0.792492422645402	0.00789856206668311	1
EIF4G3	FALSE	FALSE	chr1	-	cassette exon	20892619	20892729	111	coding exon	nonsense_mediated_decay;protein_coding	chr1:20886372-20892618	chr1:20886372-20893516	inclusion	TRUE	FALSE	0.133525076745852	0.110353974196912	0.154144441345994	4.37904671490818	0.116862575899017	1.59233639684141	0.11437356124004	0.244612594973142	0.0381758368899194	0.627289192329627	0.0714930518226723	0.484910345714144
EIF5A	FALSE	FALSE	chr17	+	cassette exon	7307974	7308113	140	coding exon	protein_coding	chr17:7308114-7309614	chr17:7307753-7309614	inclusion	TRUE	FALSE		0.125115606567161	0.129742140392876	0.462653382571482	0.0494630125359051	0.703666234488357	0.483275879055697	0.67278807395351	-0.0283408050185222	0.722097216072126	-0.0226704197343756	0.982438621677276
EIF6	FALSE	FALSE	chr20	-	cassette exon	35280654	35280829	176	coding exon	nonsense_mediated_decay;protein_coding	chr20:35280119-35280653	chr20:35280119-35284175	skipping	TRUE	TRUE	0.10601198098665	0.0960404774028168	0.104000005407104	0.795952800428673	0.199470318868907	2.19459979593024	0.0304385922902848	0.0883290549311081	-0.0178552527807633	0.900174592752943	0.0234825987932953	1
ELL2	FALSE	FALSE	chr5	-	cassette exon	95932632	95932713	82	NMD-only exon	nonsense_mediated_decay	chr5:95932714-95943001	chr5:95919546-95943001	inclusion	TRUE	FALSE	0.0553598630198719	0.0458869277683891	0.0680530689174099	2.21661411490208	0.234994184438841	2.58110117530898	0.0112563218494347	0.0405108472062726	-0.0679909828263538	0.418253520925653	-0.0280756416920183	0.983234759464368
ELN	FALSE	FALSE	chr7	+	cassette exon	74059886	74060047	162	coding exon	protein_coding	chr7:74057697-74059885	chr7:74057697-74063620	skipping	TRUE	FALSE		0.272258833318663	0.464906816065729	19.2647982747066	0.465900631214095	5.55037733386841	2.30596626740786e-07	5.0925917373079e-06	-0.0646054669550416	0.455741087970464	0.0275773956946239	0.980954039261069
ELN	FALSE	FALSE	chr7	+	alternative 5' splice site	74056358	74056435	78	coding exon	protein_coding	chr7:74056436-74056671	chr7:74056358-74056671	skipping	TRUE	FALSE	0.0182596422281878	0.0141706470906688	0.0226419036972637	0.847125660659496	0.32744554427981	4.38372961993979	2.81904972342341e-05	0.000305263285099044	-0.0653639686674492	0.340592506464797	-0.00424953815492751	1
ELN	FALSE	FALSE	chr7	+	cassette exon	74047675	74047716	42	coding exon	protein_coding;retained_intron	chr7:74046768-74047674	chr7:74046768-74048141	skipping	TRUE	TRUE	0.188193655466122	0.151578229615687	0.209943855797503	5.83656261818151	0.183201132503153	4.05799132632591	9.65371072208139e-05	0.000877868186251305	-0.0582545206631553	0.0886181390328437	-0.0281185210585453	0.790958395735541
ELN	FALSE	FALSE	chr7	+	cassette exon	74036555	74036584	30	coding exon	nonsense_mediated_decay;protein_coding;retained_intron	chr7:74036585-74037706	chr7:74035415-74037706	skipping	TRUE	TRUE	0.0616551780513262	0.0536085399230444	0.0668587162201905	1.32501762971461	0.11336590115616	2.88917931417534	0.00470954152273245	0.0210751983142277	-0.021061517064468	0.62666596507753	0.000390494192345036	1
ELN	FALSE	FALSE	chr7	+	cassette exon	74065944	74065997	54	coding exon	protein_coding	chr7:74065733-74065943	chr7:74065733-74066731	inclusion	TRUE	TRUE	0.427866460858899	0.390085778145643	0.436647132769433	4.65613546237895	0.105713441412457	2.83970583431418	0.00544170103801771	0.0238495170493534	-0.059198672775292	0.0156183049730639	-0.046595312529192	0.283277700446563
ELN	FALSE	FALSE	chr7	+	cassette exon	74041216	74041251	36	coding exon	nonsense_mediated_decay;protein_coding;retained_intron	chr7:74037740-74041215	chr7:74037740-74042613	skipping	TRUE	TRUE		0.0814459310018485	0.112816601106603	3.13706701047547	0.13956116603841	2.41242941334391	0.0176325322968939	0.0583916673239884	0.0226293308169925	0.737594343865282	0.0580782401671117	0.474131077937937
ELN	FALSE	FALSE	chr7	+	cassette exon	74063310	74063369	60	coding exon	protein_coding	chr7:74063370-74063620	chr7:74057697-74063620	inclusion	TRUE	FALSE		0.722480162339965	0.780090796888476	5.76106345485105	0.13782560524751	2.3663050493009	0.0199336482668281	0.0635373362281936	-0.0608290739965624	0.175669225300724	-0.0418650796839521	0.721048851379789
ELN	FALSE	FALSE	chr7	+	cassette exon	74054716	74054769	54	coding exon	processed_transcript;protein_coding;retained_intron	chr7:74054770-74056270	chr7:74053310-74056270	skipping	TRUE	TRUE	0.0195950647525193	0.014441476911001	0.0209848757953663	0.654339888436536	0.0993669920439639	1.9614433054162	0.0525266758545342	0.132721563581925	-0.0379244873523357	0.405836168446977	-0.0227626992175049	0.907169199855509
ELN	FALSE	FALSE	chr7	+	cassette exon	74057640	74057696	57	coding exon	protein_coding	chr7:74057697-74059885	chr7:74056714-74059885	inclusion	TRUE	TRUE	0.423978301272393	0.385701109434966	0.44461087463946	5.8909765204494	0.0821341416504156	1.20303831368797	0.23171949024529	0.408754142284353	-0.0378916355601574	0.583863984913074	-0.0265835857405369	0.944113575193574
ELN	FALSE	FALSE	chr7	+	cassette exon	74066732	74066776	45	coding exon	protein_coding	chr7:74066777-74068656	chr7:74065733-74068656	skipping	TRUE	TRUE	0.0292555485262955	0.0273706820653177	0.0327249906082319	0.535430854291424	0.0175219707114034	0.298350310605739	0.766036846369015	0.893295693252114	0.062672267801318	0.154866685901472	0.0783215112336983	0.221305034675428
ELN	FALSE	FALSE	chr7	+	alternative 3' splice site	74043103	74043117	15	coding exon	protein_coding	chr7:74043035-74043102	chr7:74043035-74043117	inclusion	TRUE	FALSE	0.0247150587903762	0.0239606604394275	0.0239355972732923	-0.00250631661352259	-0.0113743011878749	-0.183799657565515	0.854531978839607	0.959162792090266	0.035504783696464	0.555757628872907	0.0395992843168512	0.790958395735541
ELOB	FALSE	FALSE	chr16	-	cassette exon	2775451	2775556	106	coding exon	protein_coding	chr16:2775557-2776992	chr16:2772103-2776992	skipping	TRUE	TRUE	0.0198518955605092	0.0177047677780471	0.0203620389951335	0.265727121708638	0.0484903130906402	0.827999523373468	0.409585171000742	0.603029942239621	-0.0266201867620498	0.681838806271626	-0.0207391791590632	0.965921227016228
ELOC	FALSE	FALSE	chr8	-	cassette exon	73955647	73955763	117	coding exon	protein_coding	chr8:73946821-73955646	chr8:73946821-73955910	inclusion	TRUE	FALSE	0.0574657294903183	0.0728773218822375	0.0460061437235804	-2.6871178158657	-0.170363302880946	-2.33458204784312	0.0215054693347469	0.0673675580885851	0.00950296526366533	0.95641168112493	-0.0268779071093788	0.953897833946922
ELOVL1	FALSE	FALSE	chr1	-	cassette exon	43365186	43365376	191	coding exon	processed_transcript;protein_coding	chr1:43365009-43365185	chr1:43365009-43365563	skipping	TRUE	TRUE	0.0639773446678795	0.0472528715459245	0.0800973934539912	3.28445219080667	0.246268908122777	3.94295499116047	0.000146987522892699	0.00127114541860004	-0.0670447381766605	0.196528827204939	-0.0244270168846241	0.941874636349608
ELOVL1	FALSE	FALSE	chr1	-	cassette exon	43367486	43367738	253	coding exon	processed_transcript;protein_coding	chr1:43365624-43367485	chr1:43365624-43367914	inclusion	TRUE	FALSE	0.261016157415873	0.286524301479061	0.2492577408803	-3.72665605987616	-0.00735349974785177	-0.0509637367890689	0.959453119846329	1	0.0255762222980549	0.918205634370744	0.0287139032779354	1
EMC3	FALSE	FALSE	chr3	-	unannotated splice site	9986507	10026040	39534	not an annotated exon	""	chr3:9977447-9986506	chr3:9977447-10026040	skipping	FALSE	FALSE	0.204466089281624	0.280898863982013	0.162508957758121	-11.8389906223893	-0.173958388201822	-2.97051387295783	0.00369983785240871	0.0172243012444203	0.0591041614013628	0.219027299508437	0.0311973384553164	0.854865954890601
EMC4	FALSE	FALSE	chr15	+	cassette exon	34228429	34228589	161	coding exon	nonsense_mediated_decay;protein_coding	chr15:34227847-34228428	chr15:34227847-34229752	skipping	TRUE	TRUE	0.249450498588508	0.228978857942986	0.255649649395898	2.66707914529112	0.0939763721200745	1.94530012671334	0.0544649133128542	0.136503441545333	-0.025351557670289	0.62666596507753	-0.0090450643669715	1
EMC7	FALSE	FALSE	chr15	-	unannotated splice site	33962587	34088133	125547	not an annotated exon	""	chr15:34088134-34090316	chr15:33962587-34090316	skipping	FALSE	FALSE	0.0769859713288896	0.0593313245623682	0.0791143028374605	1.97829782750923	0.250605672722955	1.81025071933166	0.0731726240714722	0.173300901439469	-0.0481949651573038	0.784713954825261	-0.00107950027341749	1
EMC8	FALSE	FALSE	chr16	-	cassette exon	85780379	85780473	95	coding exon	nonsense_mediated_decay;protein_coding;retained_intron	chr16:85779868-85780378	chr16:85779868-85781210	skipping	TRUE	FALSE	0.279395630119308	0.309187282738944	0.26017760608211	-4.9009676656834	-0.112876001394601	-2.24882542545628	0.026652655594492	0.0805201343796394	0.054085987380916	0.16287048030762	0.038921856889967	0.685750082706529
EMILIN1	FALSE	FALSE	chr2	+	cassette exon	27085160	27085297	138	coding exon	protein_coding	chr2:27085298-27085677	chr2:27085009-27085677	skipping	TRUE	TRUE	0.0923690106834967	0.0719831177740049	0.0964580027858623	2.44748850118574	0.208448403721766	2.32601582391524	0.0219768628929799	0.0681964513677235	-0.0293843520350544	0.798373901371683	0.011807607088704	1
EMP3	FALSE	FALSE	chr19	+	cassette exon	48325991	48326053	63	coding exon	protein_coding	chr19:48326054-48326829	chr19:48325611-48326829	inclusion	TRUE	FALSE		0.0917352568396266	0.0803285671165562	-1.14066897230704	0.0460536542537848	0.482401505052888	0.630564591905794	0.800127179664518	-0.0038669437634858	1	0.00563163662492962	1
EMP3	FALSE	FALSE	chr19	+	cassette exon	48327521	48327623	103	coding exon	protein_coding	chr19:48327624-48329351	chr19:48326923-48329351	skipping	TRUE	TRUE	0.0170080167874369	0.0177742445242665	0.0164299284547038	-0.134431606956266	0.0202553276733419	0.375559785743502	0.708016514916305	0.854494026696364	0.000148181349546952	1	0.00471277377471963	1
ENAH	FALSE	FALSE	chr1	-	cassette exon	225517196	225517306	111	coding exon	protein_coding	chr1:225514901-225517195	chr1:225514901-225519197	skipping	TRUE	TRUE	0.318637963797754	0.328175006554258	0.327373578780084	-0.0801427774173413	-0.0652172113041914	-1.42251193170689	0.157899158332683	0.313168809964727	0.00410681625922819	0.985099221234231	-0.0097325060258425	1
ENO1	FALSE	FALSE	chr1	-	alternative 3' splice site	8874915	8874917	3	coding exon	nonsense_mediated_decay;protein_coding;retained_intron	chr1:8874918-8878579	chr1:8874915-8878579	skipping	TRUE	FALSE	0.0106190920334081	0.00956195638436728	0.0115625082615994	0.20005518772321	0.020411939454355	0.486433075679438	0.627693545377042	0.798349195148587	0.037618422972118	0.273239436222291	0.0492279508523846	0.340618133050714
ENPP2	FALSE	FALSE	chr8	-	alternative 5' splice site	119582418	119582429	12	coding exon	protein_coding	chr8:119580168-119582417	chr8:119580168-119582429	skipping	TRUE	FALSE	0.452664596176758	0.428104507572074	0.457044186214783	2.89396786427089	0.233251233709818	2.92528263055644	0.00423359730659027	0.0191723894004175	-0.0516742439798712	0.505681501300475	-0.00909679360825363	1
ENPP2	FALSE	FALSE	chr8	-	cassette exon	119595847	119596002	156	coding exon	protein_coding	chr8:119593861-119595846	chr8:119593861-119600677	inclusion	TRUE	TRUE	0.291054411005914	0.334691692763188	0.257688607885851	-7.70030848773367	-0.127466376311886	-2.63258034805986	0.00977760479640245	0.0367389256572553	0.0495874936554042	0.202014451395194	0.0303137823493995	0.790958395735541
ENSG00000124593	FALSE	FALSE	chr6	+	other	41789531	41789567	37	not an annotated exon	""	chr6:41789337-41789530	chr6:41789337-41789567	inclusion	TRUE	FALSE	0.182290138318779	0.242930590529692	0.148790864114154	-9.41397264155371	-0.164071843392791	-3.30889011571863	0.00129118661715549	0.00761061643838098	0.0950639897452864	0.0026163017010682	0.0760988873068805	0.126028637584781
ENSG00000183889	FALSE	FALSE	chr16	+	cassette exon	16349229	16349298	70	coding exon	protein_coding	chr16:16348733-16349228	chr16:16348733-16350091	inclusion	TRUE	TRUE	0.194569746715703	0.143064938254887	0.238594963002579	9.55300247476926	0.225475801807031	4.83579446850349	4.65603265933297e-06	6.51652966024339e-05	-0.0909946873977823	0.00378091067385408	-0.0575147989105138	0.283277700446563
ENSG00000183889	FALSE	FALSE	chr16	+	cassette exon	16335861	16336137	277	non-coding annotation only	retained_intron	chr16:16336138-16340305	chr16:16333885-16340305	skipping	TRUE	TRUE	0.333137248916722	0.345741534935961	0.304072011915963	-4.1669523019998	0.0428352434847679	0.85540873072968	0.394310373416258	0.589214149707794	-0.034118056285753	0.454738786718127	-0.0309063804966395	0.790958395735541
ENSG00000183889	FALSE	FALSE	chr16	+	cassette exon	16336052	16336137	86	non-coding annotation only	processed_transcript	chr16:16333885-16336051	chr16:16333885-16340305	inclusion	TRUE	FALSE	0.116877492822352	0.116653637031304	0.12177212160605	0.511848457474648	-0.051393571887418	-0.850286177560729	0.397138231236452	0.590687794996795	0.0209772345706469	0.781474063744412	0.0133902711470264	1
ENSG00000183889	FALSE	FALSE	chr16	+	unannotated splice site	16323752	16324383	632	not an annotated exon	""	chr16:16323290-16323751	chr16:16323290-16324383	inclusion	TRUE	FALSE	0.131618349834942	0.144597648392726	0.128691207280117	-1.59064411126086	0.0711299225361484	0.733252350533105	0.465070133315277	0.654663411300015	-0.0171927959484296	0.918835444758079	-0.00447721904609187	1
ENSG00000183889	FALSE	FALSE	chr16	+	unannotated splice site	16328199	16328355	157	not an annotated exon	""	chr16:16328356-16328650	chr16:16328199-16328650	inclusion	TRUE	FALSE		0.562572619851372	0.485775328963015	-7.67972908883576	-0.0787331763017295	-0.632025539161608	0.528812504788303	0.717101805735655	0.058947356205558	0.664166203999123	0.0524195197354543	0.91701834432199
ENSG00000183889	FALSE	FALSE	chr16	+	unannotated splice site	16324384	16368671	44288	not an annotated exon	""	chr16:16323290-16324383	chr16:16323290-16368671	skipping	FALSE	FALSE	0.434190825082529	0.427701175803637	0.435654396359941	0.795322055630432	0.00205395334821769	0.121160936181131	0.903799615748709	0.985939725420874	0.00206718139477364	0.960291504975306	0.00291395835670632	1
ENSG00000183889	FALSE	FALSE	chr16	+	unannotated splice site	16333764	16336137	2374	not an annotated exon	""	chr16:16336138-16340305	chr16:16333764-16340305	skipping	TRUE	FALSE	0.150772473873681	0.142169102149276	0.159726073934415	1.75569717851388	-0.00553074524836505	-0.0558454465671236	0.955573115853365	1	0.0394684072012528	0.724659214924882	0.0456132779869391	0.894056176820071
ENSG00000205236	FALSE	FALSE	chr7	-	unannotated splice site	102483890	102583068	99179	not an annotated exon	""	chr7:102583069-102683278	chr7:102483890-102683278	skipping	FALSE	FALSE	0.320800123595288	0.296296296296296	0.333118885871179	3.68225895748832	0.0686432360187294	0.821715715203574	0.413136737782357	0.604854948427808	-0.013596263274677	0.928627702405052	-0.000764832519126491	1
ENSG00000205236	FALSE	FALSE	chr7	-	unannotated splice site	102476271	102569924	93654	not an annotated exon	""	chr7:102569925-102671551	chr7:102476271-102671551	inclusion	FALSE	FALSE		0.367505464094495	0.404754086545542	3.72486224510464	0.0510471644943006	0.660235716437289	0.510620512812137	0.700532619634562	-0.0122035314951035	0.933493501441889	-0.00305376159927151	1
ENSG00000205236	FALSE	FALSE	chr7	-	unannotated splice site	102538526	102637633	99108	not an annotated exon	""	chr7:102637634-102638713	chr7:102538526-102638713	inclusion	FALSE	FALSE		0.529411764705882	0.5	-2.94117647058824	-0.0369047415577612	-0.520383071911208	0.603935465950715	0.778428083252337	0.011492299456093	0.928627702405052	0.00539004648277388	1
ENSG00000205236	FALSE	FALSE	chr7	-	unannotated splice site	102540092	102639199	99108	not an annotated exon	""	chr7:102639200-102640203	chr7:102540092-102640203	skipping	FALSE	FALSE	0.484943292721199	0.474033627990949	0.489433990600731	1.54003626097816	0.0285720644138015	0.52032126231797	0.603956305979052	0.778428083252337	-0.00851447346754139	0.936985596165461	-0.00370765632246635	1
ENSG00000205236	FALSE	FALSE	chr7	-	unannotated splice site	102485160	102584338	99179	not an annotated exon	""	chr7:102584339-102686713	chr7:102485160-102686713	inclusion	FALSE	FALSE		0.2953181272509	0.333155270655271	3.78371434043703	0.0252818704002309	0.253514721683798	0.800380770874593	0.917310980242432	0.0454065907686213	0.680546396015288	0.0594162187011042	0.801020692772742
ENSG00000205236	FALSE	FALSE	chr7	-	unannotated splice site	102491124	102590296	99173	not an annotated exon	""	chr7:102590297-102688194	chr7:102491124-102688194	inclusion	FALSE	FALSE		0.5	0.5	0	8.42407439370808e-05	0.0227444969891394	0.981898956190803	1	2.87978789921204e-05	1	5.2975037327172e-05	1
ENSG00000255439	FALSE	FALSE	chr16	-	cassette exon	31093312	31093421	110	coding exon	nonsense_mediated_decay;protein_coding	chr16:31091343-31093311	chr16:31091343-31094556	skipping	TRUE	TRUE	0.0524869103126595	0.0267319396868819	0.0734315234474779	4.6699583760596	0.513695481196106	7.0666258227962	1.94107052131919e-10	8.92105519325212e-09	-0.0637354644460438	0.418553547379619	0.0394006443325801	0.851693937237774
ENSG00000255439	FALSE	FALSE	chr16	-	unannotated splice site	31092783	31093311	529	not an annotated exon	""	chr16:31091343-31092782	chr16:31091343-31093311	inclusion	TRUE	FALSE	0.0348397039279382	0.025887922823983	0.0383231342760386	1.24352114520556	0.201144209204844	2.43969250601285	0.0164082959786824	0.0550237929172838	-0.00152777969666081	1	0.0432395072606727	0.8557441766956
ENSG00000255439	FALSE	FALSE	chr16	-	unannotated splice site	31091343	31092866	1524	not an annotated exon	""	chr16:31092867-31093311	chr16:31091343-31093311	inclusion	TRUE	FALSE	0.0479683398249251	0.0534529102031987	0.0476185488435534	-0.583436135964531	-0.022821619191994	-0.309718930355668	0.757400434698343	0.890705006365513	0.0490116997632499	0.467803958187632	0.0530690298786124	0.728221025506894
ENSG00000257524	FALSE	FALSE	chr9	-	alternative 5' splice site	127890637	127890655	19	NMD-only exon	nonsense_mediated_decay	chr9:127887592-127890636	chr9:127887592-127890655	skipping	TRUE	FALSE	0.135110063153561	0.147212144322614	0.128990237885162	-1.82219064374516	-0.137420305958116	-1.8050317422424	0.0739914089385935	0.174753320694553	0.00985413839962353	0.956403764562175	-0.0190823303165062	1
ENSG00000259316	FALSE	FALSE	chr15	-	cassette exon	64376743	64376905	163	non-coding annotation only	nonsense_mediated_decay;processed_transcript	chr15:64376906-64380957	chr15:64366076-64380957	inclusion	TRUE	FALSE		0.764939251566917	0.870800914217729	10.5861662650812	0.0918372749362698	0.895252491265518	0.37278075292153	0.573324618395283	-0.0589485192279785	0.52807380302532	-0.0504887406623195	0.859518375996927
ENSG00000260537	FALSE	FALSE	chr16	+	cassette exon	70365017	70365131	115	coding exon	protein_coding	chr16:70365132-70366084	chr16:70325689-70366084	skipping	TRUE	FALSE	0.361264169717718	0.351584751402557	0.376979927481791	2.53951760792336	-0.00889178193992428	-0.147748343309415	0.882830219891667	0.975472897287707	0.0488756675093872	0.334038183987725	0.0560276107844694	0.527999013694237
ENSG00000260537	FALSE	FALSE	chr16	+	unannotated splice site	70330069	70366861	36793	not an annotated exon	""	chr16:70366862-70370222	chr16:70330069-70370222	inclusion	FALSE	FALSE		0.5	0.5	0	0	0	1	1	0	1	0	1
ENSG00000260537	FALSE	FALSE	chr16	+	unannotated splice site	70331885	70370385	38501	not an annotated exon	""	chr16:70370386-70371371	chr16:70331885-70371371	inclusion	FALSE	FALSE		0.5	0.5	0	0	0	1	1	0	1	0	1
ENSG00000262560	FALSE	FALSE	chr15	+	unannotated splice site	43792384	43792611	228	not an annotated exon	""	chr15:43792612-43792974	chr15:43792384-43792974	inclusion	TRUE	FALSE		0.042520689611481	0.048347598398998	0.582690878751706	0.169775623611082	2.23842590681339	0.0273663387258121	0.0818583271824863	-0.0415635208267412	0.60308222081733	-0.0113557101763863	1
ENSG00000262560	FALSE	FALSE	chr15	+	unannotated splice site	43793687	43793709	23	not an annotated exon	""	chr15:43793084-43793686	chr15:43793084-43793709	inclusion	TRUE	FALSE	0.00542962900827981	0.0042164053496003	0.00615250090086233	0.193609555126203	0.0609627575587673	2.20091215352898	0.0299750078705138	0.0873564710947877	-0.00948633004607603	0.78944915403528	0.00239367378240544	1
ENSG00000267168	FALSE	FALSE	chr17	-	unannotated splice site	76735772	76736153	382	not an annotated exon	""	chr17:76735159-76735771	chr17:76735159-76736153	inclusion	TRUE	FALSE	0.0582031511933778	0.0754065581956724	0.0466367785984454	-2.8769779597227	-0.246773377536126	-4.76236094577797	6.28136610039188e-06	8.39042612837797e-05	0.0724326096459167	0.0655918948991346	0.0307098473175209	0.801020692772742
ENSG00000267645	FALSE	FALSE	chr7	-	cassette exon	102667090	102667264	175	NMD-only exon	nonsense_mediated_decay	chr7:102667265-102668914	chr7:102666164-102668914	skipping	TRUE	FALSE	0.0662388081328594	0.078731371125547	0.0617737426020035	-1.69576285235434	-0.165120885504997	-2.74621820038864	0.00711640053226705	0.0292305292394206	0.0113274157097572	0.910322860007568	-0.0235379241298896	0.941874636349608
ENSG00000267645	FALSE	FALSE	chr7	-	unannotated splice site	102568185	102667264	99080	not an annotated exon	""	chr7:102667265-102668914	chr7:102568185-102668914	skipping	FALSE	TRUE	0.289443552036933	0.281529996148568	0.292097264872442	1.05672687238734	0.0301458421598419	2.5323111933398	0.01284069851715	0.0456334541868624	-0.00378566071998605	0.801481525860693	0.00225831429846819	1
ENSG00000267645	FALSE	FALSE	chr7	-	unannotated splice site	102476271	102669004	192734	not an annotated exon	""	chr7:102669005-102671551	chr7:102476271-102671551	inclusion	FALSE	FALSE		0.264989071811009	0.192475953893043	-7.25131179179658	-0.0699681103749673	-0.52109675762391	0.603451421226651	0.778428083252337	0.00402828424710751	1	-0.0109187778278047	1
ENSG00000267645	FALSE	FALSE	chr7	-	unannotated splice site	102541663	102640773	99111	not an annotated exon	""	chr7:102640774-102666076	chr7:102541663-102666076	inclusion	FALSE	FALSE		0.544117647058824	0.513888888888889	-3.02287581699346	0.031900910026435	0.286425974633116	0.775138587085689	0.899435801664425	0.0258784742438135	0.865357879812485	0.0379706650531123	0.975998954946361
ENSG00000268790	FALSE	FALSE	chr19	-	cassette exon	16654035	16654125	91	non-coding annotation only	nonsense_mediated_decay;processed_transcript	chr19:16654126-16659394	chr19:16647262-16659394	skipping	TRUE	TRUE	0.085210595727894	0.098010589073881	0.0771921102381004	-2.08184788357806	-0.119611862789576	-1.49528649524453	0.137897323635382	0.282864172306354	0.0513123112037588	0.493613798746261	0.0341205612658062	0.91701834432199
ENSG00000270249	FALSE	FALSE	chr7	-	unannotated splice site	102584218	102683278	99061	not an annotated exon	""	chr7:102583069-102584217	chr7:102583069-102683278	skipping	FALSE	FALSE	0.481250721126111	0.444444444444444	0.49982853223594	5.53840877914952	0.0791103520561085	0.823132922712152	0.412334129168434	0.604200074666887	-0.0156107265087974	0.928627702405052	-0.000811690086417805	1
ENSG00000270249	FALSE	FALSE	chr7	-	unannotated splice site	102488599	102587770	99172	not an annotated exon	""	chr7:102587771-102590158	chr7:102488599-102590158	skipping	FALSE	FALSE	0.481308411214953	0.444444444444444	0.5	5.55555555555556	0.0666355608640572	0.756106513048624	0.451311168536302	0.641952858298605	-0.00775387307483946	0.985099221234231	0.00572085293103752	1
ENSG00000270249	FALSE	FALSE	chr7	-	unannotated splice site	102491124	102590296	99173	not an annotated exon	""	chr7:102590297-102592284	chr7:102491124-102592284	inclusion	FALSE	FALSE		0.514285714285714	0.5	-1.42857142857142	-0.0238888317429622	-0.448632351945681	0.654648522752	0.81622999504161	0.00317021418173689	1	-0.00157736886636986	1
ENSG00000270249	FALSE	FALSE	chr7	-	unannotated splice site	102592285	102688194	95910	not an annotated exon	""	chr7:102590297-102592284	chr7:102590297-102688194	skipping	FALSE	FALSE		0.485714285714286	0.499888888888889	1.41746031746032	0.0238123486468311	0.447209571852874	0.655671963085469	0.81622999504161	-0.00310206706771398	1	0.00164114759484497	1
ENSG00000271793	FALSE	FALSE	chr6	-	cassette exon	85641292	85641451	160	non-coding annotation only	nonsense_mediated_decay;processed_transcript	chr6:85641452-85642796	chr6:85640565-85642796	inclusion	TRUE	TRUE		0.840333195871773	0.931468716953505	9.11355210817329	0.28303582900639	2.84314136813312	0.005397106500689	0.0236845925275397	-0.0992049151262736	0.224122403729318	-0.0544368431308965	0.846802145998523
ENSG00000271793	FALSE	FALSE	chr6	-	alternative 3' splice site	85612921	85612923	3	non-coding annotation only	nonsense_mediated_decay;processed_transcript;retained_intron	chr6:85612924-85614980	chr6:85612921-85614980	inclusion	TRUE	FALSE		0.839967079233205	0.832686368956129	-0.7280710277076	-0.262014628931963	-2.39728037510344	0.0183368704476195	0.0599650926849557	0.0104128511324251	0.983784690777205	-0.0464234722505328	0.91701834432199
ENSG00000272822	FALSE	FALSE	chr12	-	unannotated splice site	48922202	48923604	1403	not an annotated exon	""	chr12:48923605-48923781	chr12:48922202-48923781	inclusion	TRUE	FALSE	0.0991194657646375	0.103017587873282	0.0910122941466833	-1.20052937265989	0.0624877935074774	1.08950719698232	0.278472755584652	0.468159091321504	0.0332514693038316	0.554776835242308	0.0534683578478433	0.527999013694237
ENSG00000273269	FALSE	FALSE	chr2	-	unannotated splice site	47172414	47176440	4027	not an annotated exon	""	chr2:47170765-47172413	chr2:47170765-47176440	inclusion	TRUE	FALSE	0.116942977155	0.13003913305752	0.111921515398424	-1.81176176590957	-0.0358028804878441	-0.539283288492644	0.590855233864671	0.768156976442564	-0.0138303850678548	0.884312406457001	-0.0244370207843876	0.953897833946922
ENSG00000273734	FALSE	FALSE	chr19	-	unannotated splice site	2324193	2324196	4	not an annotated exon	""	chr19:2324197-2328386	chr19:2324193-2328386	inclusion	TRUE	FALSE		0.798906036782816	0.780614008026309	-1.8292028756507	0.0165485495147952	0.145308326356945	0.884759923971136	0.97585810218516	-0.064635136488739	0.560596984934392	-0.073020063314213	0.790958395735541
ENSG00000285043	FALSE	FALSE	chr16	+	unannotated splice site	30064506	30065927	1422	not an annotated exon	""	chr16:30065928-30067233	chr16:30064506-30067233	skipping	TRUE	FALSE	0.217094799875828	0.30389497040876	0.179891016344226	-12.4003954064533	-0.113797357200649	-2.50875892796375	0.0136749307204731	0.0481453823812929	0.0305095279253994	0.475628551183765	0.0107283921184137	1
ENSG00000285238	FALSE	FALSE	chr12	-	unannotated splice site	6602155	6602175	21	not an annotated exon	""	chr12:6602176-6602375	chr12:6602155-6602375	inclusion	TRUE	FALSE	0.426269539103709	0.419859030997593	0.414088418153883	-0.577061284371011	-0.00878054615794376	-0.129672632548607	0.897078330874554	0.983230229875719	-0.01398099178102	0.885425137608643	-0.0185632299694955	1
ENSG00000286001	FALSE	FALSE	chr5	+	unannotated splice site	306755	306760	6	not an annotated exon	""	chr5:306761-311292	chr5:306755-311292	skipping	TRUE	FALSE	0.209358916007158	0.219699091726438	0.205729571410086	-1.39695203163518	-0.0493440274735291	-1.32625306805306	0.187689254221671	0.355022888547221	0.0170767352211314	0.680546396015288	0.00921913960184568	1
ENSG00000286185	FALSE	FALSE	chr1	+	cassette exon	149553774	149553882	109	coding exon	protein_coding	chr1:149553883-149554494	chr1:149539672-149554494	skipping	FALSE	TRUE	0.248548345465541	0.249214190392708	0.248258309159532	-0.0955881233176692	-0.00152416016035045	-0.393545428688166	0.694730139106026	0.842344813939249	3.05823572353812e-05	1	-0.000305083970441815	1
ENSG00000286185	FALSE	FALSE	chr1	+	cassette exon	149488905	149488956	52	coding exon	protein_coding	chr1:149488186-149488904	chr1:149488186-149493659	skipping	FALSE	TRUE	0.249959009673717	0.25	0.25	0	-3.15809934882598e-05	-0.00862744530063542	0.993133068051493	1	-0.000124836755202301	1	-0.000155264602326861	1
ENSG00000286221	FALSE	FALSE	chr16	-	unannotated splice site	80980770	80981805	1036	not an annotated exon	""	chr16:80976180-80980769	chr16:80976180-80981805	inclusion	TRUE	FALSE	0.344528129980333	0.335588628936601	0.346845232984191	1.12566040475895	0.0523006651382199	0.676733194525562	0.500092217153925	0.690826007530665	-0.0250014778690555	0.796459516275949	-0.01796418728251	1
ENSG00000286221	FALSE	FALSE	chr16	-	unannotated splice site	80976180	80980879	4700	not an annotated exon	""	chr16:80980880-80981805	chr16:80976180-80981805	inclusion	TRUE	FALSE	0.157041875649284	0.167817645670028	0.152813655451688	-1.50039902183406	0.0190955275917207	0.173106879650289	0.86290714168378	0.963792180251737	0.0959629316199001	0.292718211649474	0.118192576703453	0.425255625789379
ENSG00000288534	FALSE	FALSE	chr11	+	unannotated splice site	57737669	57738026	358	not an annotated exon	""	chr11:57738027-57738353	chr11:57737669-57738353	skipping	TRUE	FALSE	0.155223060036677	0.119658218605327	0.179168296906294	5.95100783009669	0.332177614353938	3.94459521351474	0.00014611695469272	0.00127114541860004	-0.0816831861041383	0.268661481983372	-0.0225618133684068	1
ENSG00000288534	FALSE	FALSE	chr11	+	unannotated splice site	57816297	57816299	3	not an annotated exon	""	chr11:57815501-57816296	chr11:57815501-57816299	skipping	TRUE	FALSE	0.0631792601299701	0.0579222125120292	0.0637573450900338	0.58351325780046	-0.0416379735146112	-0.499837597518945	0.618255575213894	0.791007615358949	0.0433789431290495	0.622164109157198	0.0421679447074776	0.863932451492619
ENSG00000288681	FALSE	FALSE	chr11	+	unannotated splice site	308439	314356	5918	not an annotated exon	""	chr11:314357-314921	chr11:308439-314921	skipping	TRUE	FALSE	0.312560785304642	0.254702660749129	0.34840739291319	9.37047321640613	0.11218425152484	1.08557234424534	0.280202449637441	0.469673992714115	-0.0120371344927637	0.965807695505628	0.0108384692702866	1
ENY2	FALSE	FALSE	chr8	+	alternative 3' splice site	109340489	109340490	2	coding exon	processed_transcript;protein_coding;retained_intron	chr8:109339391-109340488	chr8:109339391-109340490	skipping	TRUE	FALSE	0.0857575711219154	0.0889182820796345	0.0960671392235092	0.714885714387474	0.0344466354545698	0.544948321503512	0.586967085109071	0.765492654148061	-0.00896488328058052	0.944599360963861	-0.00292651749400979	1
EPB41L2	FALSE	FALSE	chr6	-	cassette exon	130878104	130878250	147	coding exon	protein_coding	chr6:130870127-130878103	chr6:130870127-130885095	skipping	TRUE	FALSE	0.292605643629111	0.349865976859225	0.259638452921782	-9.02275239374428	-0.163775915174662	-1.98497281329493	0.0498065792902345	0.127075901099841	0.0171384171432562	0.888276717405852	-0.0163385603743274	1
EPN1	FALSE	FALSE	chr19	+	alternative 3' splice site	55692951	55692953	3	coding exon	protein_coding	chr19:55692797-55692950	chr19:55692797-55692953	skipping	TRUE	FALSE		0.33268327800154	0.388903352750787	5.62200747492475	0.0709270467874893	0.610406621637841	0.542950148292308	0.730448360103695	-0.0445582458895116	0.737594343865282	-0.0370201254841546	0.983234759464368
ERCC1	FALSE	FALSE	chr19	-	cassette exon	45413963	45414034	72	coding exon	nonsense_mediated_decay;processed_transcript;protein_coding	chr19:45413746-45413962	chr19:45413746-45414860	skipping	TRUE	TRUE	0.206057504460371	0.218591669764874	0.19928119983413	-1.93104699307441	-0.0995323251303813	-1.76081886555895	0.0812370134795595	0.188849680686249	0.0129514799416217	0.871115466918902	-0.00691923981786021	1
ESYT1	FALSE	FALSE	chr12	+	alternative 3' splice site	56134080	56134109	30	coding exon	protein_coding	chr12:56133874-56134079	chr12:56133874-56134109	inclusion	TRUE	FALSE	0.247572223510006	0.269518747576371	0.253761745380002	-1.57570021963689	0.0131262354129011	0.218390396563164	0.827557063638707	0.935501972651795	-0.0212660596642671	0.772242103851949	-0.0223044032545935	0.951761297417903
ETFA	FALSE	FALSE	chr15	-	cassette exon	76295591	76295737	147	coding exon	nonsense_mediated_decay;processed_transcript;protein_coding;retained_intron	chr15:76292701-76295590	chr15:76292701-76311349	skipping	TRUE	TRUE	0.105810767101385	0.0629742019280093	0.135663459921242	7.26892579932324	0.320048041439659	3.83232950962049	0.000218617700798071	0.00181789437754093	-0.0602996536336042	0.456930378657232	0.000105275801142468	1
FAM120A	FALSE	FALSE	chr9	+	unannotated splice site	93515667	93515669	3	not an annotated exon	""	chr9:93498887-93515666	chr9:93498887-93515669	skipping	TRUE	FALSE	0.210044389144514	0.204176851297811	0.213352763689623	0.917591239181167	0.0405805244264622	0.555254824877113	0.579924307353967	0.760047232875084	-0.0049663625513977	1	0.0031939318800316	1
FAM120A	FALSE	FALSE	chr9	+	alternative 3' splice site	93561109	93561111	3	coding exon	protein_coding	chr9:93558719-93561108	chr9:93558719-93561111	skipping	TRUE	FALSE		0.157456970819395	0.153826205530442	-0.363076528895234	-0.00161763201509924	-0.018756126249614	0.985073025973079	1	0.00639359701225528	0.995734046107217	0.00722728810456588	1
FAM227B	FALSE	FALSE	chr15	+	unannotated splice site	49424032	49424440	409	not an annotated exon	""	chr15:49423441-49424031	chr15:49423441-49424440	skipping	TRUE	FALSE	0.0718356007157555	0.0620521191521618	0.0785268137661151	1.64746946139532	0.0505436145942577	0.751724794942984	0.453930862142281	0.644246169115146	-0.066911926375539	0.201835417638974	-0.068108708960425	0.474131077937937
FASTK	FALSE	FALSE	chr7	-	cassette exon	151078842	151078911	70	non-coding annotation only	retained_intron	chr7:151078702-151078841	chr7:151078702-151078922	skipping	TRUE	FALSE	0.118625780285407	0.0852591300005664	0.152231784209617	6.69726542090502	0.341815013497709	3.44479582394604	0.000827952700368711	0.00538406717773229	0.010860437042935	0.977526261187499	0.0894533073483713	0.561653851765132
FAT1	FALSE	FALSE	chr4	-	cassette exon	186590368	186590403	36	coding exon	protein_coding	chr4:186590404-186595688	chr4:186589221-186595688	skipping	TRUE	TRUE	0.232049270947718	0.11282381146409	0.299543018410461	18.6719206946371	0.536605783872671	6.97607958061275	3.00852937394513e-10	1.23277209648041e-08	-0.154300825799855	0.00753408092695726	-0.0629759582939117	0.647905945847166
FBLN1	FALSE	FALSE	chr22	+	cassette exon	45562912	45563362	451	coding exon	protein_coding	chr22:45550616-45562911	chr22:45550616-45574510	inclusion	TRUE	FALSE	0.45642602647394	0.38409435651384	0.499896752671313	11.5802396157473	0.225461314392103	2.89817843451488	0.00458651498741223	0.020715454810344	-0.0422404843994455	0.620314310192263	0.000356996685968775	1
FBLN2	FALSE	FALSE	chr3	+	cassette exon	13621775	13621915	141	coding exon	protein_coding	chr3:13621916-13626444	chr3:13619832-13626444	inclusion	TRUE	TRUE	0.0612608491732189	0.09430613392784	0.0433493481835206	-5.09567857443194	-0.378624265599894	-5.97439068712589	3.33601751130797e-08	9.29983242291673e-07	0.0888186291352819	0.0842536324072403	0.0206288301250411	0.982438621677276
FBLN2	FALSE	FALSE	chr3	+	cassette exon	13631329	13631457	129	coding exon	protein_coding	chr3:13631458-13636444	chr3:13626580-13636444	skipping	FALSE	FALSE	0.0660831414516952	0.117343651192514	0.0387104578677843	-7.86331933247295	-0.252119292272274	-4.31505300263939	3.67209808095945e-05	0.000378448653737672	0.0965792536094915	0.0163199310619857	0.058176396725968	0.479294981995654
FBLN2	FALSE	FALSE	chr3	+	cassette exon	13630699	13630815	117	coding exon	protein_coding	chr3:13630816-13631328	chr3:13629946-13631328	skipping	TRUE	TRUE	0.0256807609090764	0.0168371869147934	0.0324222426315566	1.55850557167632	0.270335302876334	4.24173030028931	4.85591465726554e-05	0.000478694659401742	-0.0380233941022029	0.584038730429288	0.0154140707752474	1
FBLN2	FALSE	FALSE	chr3	+	cassette exon	13627832	13627969	138	coding exon	protein_coding	chr3:13626580-13627831	chr3:13626580-13636444	skipping	FALSE	TRUE	0.0671480559639912	0.0956062901225482	0.0517261729833164	-4.38801171392318	-0.188820737296648	-3.64303281193946	0.000423891311646601	0.00304146487533774	0.0919331856333754	0.00697026541680148	0.0668390204410434	0.253864116044917
FBLN2	FALSE	FALSE	chr3	+	cassette exon	13629164	13629292	129	coding exon	protein_coding	chr3:13629049-13629163	chr3:13629049-13630698	skipping	FALSE	TRUE	0.22994952901459	0.253659561516131	0.215144442142707	-3.85151193734243	-0.0316125431983727	-1.79596453494971	0.0754319908715277	0.177539239414578	0.00168184756081872	0.983784690777205	-0.00508422224683465	1
FBLN2	FALSE	FALSE	chr3	+	cassette exon	13629820	13629945	126	coding exon	protein_coding	chr3:13629946-13630698	chr3:13629049-13630698	skipping	FALSE	FALSE	0.388330137680613	0.442865641629925	0.349930589205378	-9.29350524245474	-0.0534198044137008	-1.35053212529573	0.179805168416994	0.343742202240697	-0.0132676165625143	0.790442522429866	-0.0277148812061204	0.748927830086642
FBLN2	FALSE	FALSE	chr3	+	cassette exon	13626445	13626579	135	coding exon	protein_coding	chr3:13619832-13626444	chr3:13619832-13628904	skipping	FALSE	FALSE	0.0540753337987527	0.0602066376650128	0.0501977890996756	-1.00088485653371	0.045989435784229	0.494968440785417	0.621676617998289	0.792782541863324	-0.0207853215325605	0.872881226588809	-0.0143728958662647	1
FBN1	FALSE	FALSE	chr15	-	unannotated splice site	48415645	48474650	59006	not an annotated exon	""	chr15:48474651-48481654	chr15:48415645-48481654	skipping	FALSE	FALSE	0.0322056585424387	0.0354191485612194	0.0299654320369552	-0.545371652426415	-0.124592409377331	-3.46276896520233	0.000779997733850404	0.00510148517851005	0.032823465388659	0.297142398214828	0.0110572964722101	0.983234759464368
FBN1	FALSE	FALSE	chr15	-	cassette exon	48487075	48487200	126	coding exon	protein_coding;retained_intron	chr15:48487201-48487311	chr15:48474651-48487311	skipping	FALSE	TRUE	0.0379105618702509	0.0536686820068552	0.0302496950232937	-2.34189869835615	-0.162925133808687	-3.23096702634563	0.00165673702111139	0.00931332662611546	0.111270857700745	0.000392011449314977	0.0955945479860961	0.0410245036847029
FBN1	FALSE	FALSE	chr15	-	cassette exon	48481655	48481780	126	coding exon	protein_coding;retained_intron	chr15:48474651-48481654	chr15:48474651-48487311	skipping	FALSE	FALSE	0.0255482488414551	0.0323264944277809	0.0220928204406416	-1.02336739871393	-0.158202430247301	-3.14658785070762	0.0021602094162804	0.0113904995732863	0.113119387311824	0.00025414645910219	0.0988467071907436	0.0410245036847029
FBN1	FALSE	FALSE	chr15	-	cassette exon	48468412	48468534	123	coding exon	nonsense_mediated_decay;protein_coding;retained_intron	chr15:48468535-48470633	chr15:48464022-48470633	skipping	FALSE	FALSE	0.0713638536963277	0.0919447526450191	0.0585276246359339	-3.34171280090852	-0.126016129508926	-2.57883721548152	0.0113257533115462	0.0406746430966932	0.0931507165782696	0.00234910077695566	0.0823515569798875	0.0768892500279554
FBN1	FALSE	FALSE	chr15	-	cassette exon	48465568	48465693	126	coding exon	nonsense_mediated_decay;protein_coding;retained_intron	chr15:48464022-48465567	chr15:48464022-48470633	skipping	FALSE	TRUE	0.0722969675529161	0.0912974644689576	0.061901056008835	-2.93964084601226	-0.127315349301847	-2.40413100226461	0.0179974942383115	0.0591967871416803	0.0996302266830653	0.00247201683692532	0.0897522361596615	0.0768892500279554
FBN1	FALSE	FALSE	chr15	-	cassette exon	48444541	48444660	120	coding exon	nonsense_mediated_decay;protein_coding;retained_intron	chr15:48441847-48444540	chr15:48441847-48460245	skipping	FALSE	TRUE	0.0399085647580612	0.045938856107319	0.034891791070949	-1.104706503637	-0.0956199021093959	-1.99329246690688	0.0488739146026042	0.12507162043902	0.0386883685430367	0.347055250182958	0.0245087742503595	0.861425786161427
FBN1	FALSE	FALSE	chr15	-	cassette exon	48456637	48456762	126	coding exon	nonsense_mediated_decay;protein_coding;retained_intron	chr15:48456763-48460245	chr15:48441847-48460245	skipping	FALSE	FALSE	0.0478248918031302	0.0566146997489117	0.0411380584816432	-1.54766412672685	-0.089580561064369	-1.88002657020972	0.0629301443066581	0.153423240707488	0.0221045495680037	0.680546396015288	0.00617520426597945	1
FBN1	FALSE	FALSE	chr15	-	cassette exon	48513549	48513668	120	coding exon	protein_coding;retained_intron	chr15:48513669-48515386	chr15:48445505-48515386	skipping	FALSE	FALSE	0.0573536179113102	0.0616943330235413	0.0559920839331271	-0.570224909041418	-0.0527409709701308	-1.51900225768554	0.131825587374376	0.274349942153578	0.0295642058547966	0.306569736437153	0.0232818796811054	0.77737470890332
FBN1	FALSE	FALSE	chr15	-	cassette exon	48497266	48497391	126	coding exon	protein_coding;retained_intron	chr15:48497392-48498984	chr15:48432989-48498984	skipping	FALSE	FALSE	0.144497571830535	0.153521551243727	0.140020642973911	-1.35009082698165	0.0318714388113539	1.46688864076075	0.1454530414332	0.295158588254363	-0.0175700933278625	0.343484295654107	-0.0137183758616994	0.790958395735541
FBN1	FALSE	FALSE	chr15	-	cassette exon	48495469	48495588	120	coding exon	protein_coding;retained_intron	chr15:48495589-48496099	chr15:48485497-48496099	skipping	FALSE	FALSE	0.0755496519359832	0.102654302678538	0.063262611448193	-3.93916912303451	-0.0457894448974489	-1.17814933332856	0.241451881939829	0.419610552109025	0.0317665422682985	0.334038183987725	0.0274532559105225	0.745349701160936
FBN1	FALSE	FALSE	chr15	-	cassette exon	48460246	48460317	72	coding exon	nonsense_mediated_decay;protein_coding;retained_intron	chr15:48456763-48460245	chr15:48456763-48465789	skipping	FALSE	TRUE	0.067171627728427	0.0666853059781332	0.0672561484854495	0.057084250731626	0.0370244416481796	1.0992575934967	0.274218463553184	0.464461388938033	-0.00773369422436918	0.869850214955277	-0.000887612531053948	1
FBN1	FALSE	FALSE	chr15	-	cassette exon	48446706	48446822	117	coding exon	nonsense_mediated_decay;protein_coding;retained_intron	chr15:48445505-48446705	chr15:48445505-48515386	skipping	FALSE	FALSE	0.0416406423084938	0.0472458338977761	0.0395844908149133	-0.766134308286279	-0.0374498697055018	-0.878787690602195	0.381561895047789	0.578954371867799	0.0250169628193542	0.549633883024578	0.021308910896116	0.865330761437268
FBN1	FALSE	FALSE	chr15	-	cassette exon	48465790	48465858	69	coding exon	nonsense_mediated_decay;protein_coding;retained_intron	chr15:48465694-48465789	chr15:48465694-48472550	skipping	FALSE	FALSE	0.0904680667982503	0.107398147441573	0.0839091907422848	-2.34889566992883	-0.0220302616841978	-0.748030836602611	0.456146109197083	0.645321513052946	-0.0169805325189385	0.555667810583822	-0.0250916440716726	0.610373302317913
FBN1	FALSE	FALSE	chr15	-	cassette exon	48434594	48434713	120	coding exon	nonsense_mediated_decay;protein_coding;retained_intron	chr15:48432989-48434593	chr15:48432989-48498984	skipping	FALSE	FALSE	0.0760860405835811	0.0859485580288894	0.0712980225436161	-1.46505354852734	0.0109860010443517	0.402554304813276	0.688110376861112	0.836704823634123	0.00269157229716711	0.981644904845569	0.00565579554095928	1
FBN1	FALSE	FALSE	chr15	-	cassette exon	48470634	48470756	123	coding exon	nonsense_mediated_decay;protein_coding;retained_intron	chr15:48470757-48472550	chr15:48441847-48472550	skipping	FALSE	TRUE	0.0548763483737942	0.0650639726426985	0.0500231646270573	-1.50408080156412	-0.012290624817723	-0.385968570665994	0.70031601858894	0.848771635136245	-0.0148867371058687	0.674039906707569	-0.0204246220387587	0.790958395735541
FDPS	FALSE	FALSE	chr1	+	alternative 3' splice site	155310043	155310063	21	coding exon	protein_coding;retained_intron	chr1:155308966-155310042	chr1:155308966-155310063	inclusion	TRUE	FALSE	0.350727705851858	0.273210459914677	0.39941849642985	12.6208036515174	0.297720171831868	3.94244350898655	0.000147260010270043	0.00127114541860004	-0.0499223651400465	0.511894312387036	0.00742283904817461	1
FDPS	FALSE	FALSE	chr1	+	cassette exon	155308970	155309076	107	coding exon	protein_coding	chr1:155309077-155310063	chr1:155308966-155310063	inclusion	TRUE	FALSE	0.231628636210268	0.245436530532421	0.228642757569358	-1.67937729630635	0.0686981559993243	0.89930175952097	0.370589581069785	0.571858060443892	0.0411259307911272	0.602277484042631	0.0642069799776633	0.618142836076918
FEZ2	FALSE	FALSE	chr2	-	cassette exon	36558438	36558513	76	coding exon	nonsense_mediated_decay;processed_transcript;protein_coding	chr2:36558514-36578596	chr2:36555749-36578596	skipping	TRUE	TRUE	0.0964980899635301	0.0916756529443437	0.0990706217282963	0.739496878395254	0.12608260033194	1.73497784235142	0.0857358924939456	0.196326182103777	-0.0360744753352304	0.648089822822384	-0.0145827197230884	1
FGF5	FALSE	FALSE	chr4	+	cassette exon	80274909	80275012	104	coding exon	nonsense_mediated_decay;processed_transcript;protein_coding	chr4:80275013-80286324	chr4:80267180-80286324	inclusion	TRUE	FALSE		0.816992564193213	0.815508788587402	-0.148377560581114	-0.146830083033254	-1.86082396459688	0.0656493070651871	0.15857478219368	-0.00710736467754487	0.985099221234231	-0.0413837830037568	0.855196191594143
FGFR1	FALSE	FALSE	chr8	-	alternative 5' splice site	38428346	38428351	6	coding exon	nonsense_mediated_decay;processed_transcript;protein_coding;retained_intron	chr8:38428094-38428345	chr8:38428094-38428351	inclusion	TRUE	FALSE	0.360247235740796	0.33548349545925	0.381852747837781	4.63692523785311	0.0938523803747572	2.70484066699439	0.00799773708390572	0.0321516593644957	-0.0247830228561981	0.444881132730103	-0.00839794138854273	1
FGFR1	FALSE	FALSE	chr8	-	cassette exon	38412728	38413804	1077	coding exon	protein_coding;retained_intron	chr8:38413805-38413917	chr8:38412596-38413917	skipping	TRUE	FALSE	0.0974022222782213	0.0859713889332701	0.114404603985812	2.84332150525418	0.230531240409563	2.15944972169878	0.0331359742454958	0.0936008707715374	-0.032502727252546	0.81545898627253	0.0130520564375187	1
FHL2	FALSE	FALSE	chr2	-	cassette exon	105396647	105396957	311	coding exon	protein_coding	chr2:105386541-105396646	chr2:105386541-105398969	skipping	TRUE	FALSE	0.116141997484874	0.0704239092380304	0.143808186850195	7.33842776121642	0.495657928097924	5.87750144861698	5.17756796451445e-08	1.36850721305631e-06	-0.0856700389013654	0.284749579267845	0.00932246935731517	1
FHL2	FALSE	FALSE	chr2	-	cassette exon	105396647	105396697	51	coding exon	nonsense_mediated_decay;protein_coding	chr2:105396698-105398841	chr2:105386541-105398841	skipping	TRUE	TRUE	0.41275236999385	0.361879218046172	0.452818946199494	9.09397281533219	0.324331402357722	2.78126780017322	0.00644007479315192	0.0272125464712437	-0.0962101427797703	0.343484295654107	-0.0415638702604284	0.96580989741943
FIBP	FALSE	FALSE	chr11	-	alternative 5' splice site	65885509	65885529	21	coding exon	nonsense_mediated_decay;protein_coding	chr11:65885187-65885508	chr11:65885187-65885529	inclusion	TRUE	FALSE	0.150482256240438	0.136744662845766	0.163152024877487	2.64073620317208	0.088859141369204	2.1078670849706	0.0374692998810958	0.101459465681216	-0.0301566148922347	0.435229924448723	-0.0158952201897191	0.947283790071782
FIP1L1	FALSE	FALSE	chr4	+	cassette exon	53414615	53414722	108	coding exon	protein_coding;retained_intron	chr4:53399840-53414614	chr4:53399840-53425871	skipping	TRUE	TRUE	0.356526344360409	0.328420630633423	0.395110875412279	6.66902447788552	0.145227968017593	3.62830625947683	0.000445886433321375	0.00317916092185743	-0.0326697302674639	0.373151492447988	-0.00625276425371967	1
FIP1L1	FALSE	FALSE	chr4	+	cassette exon	53440582	53440608	27	coding exon	nonsense_mediated_decay;protein_coding	chr4:53440609-53442652	chr4:53428184-53442652	inclusion	TRUE	TRUE	0.379752715238509	0.44378514237735	0.338540631608105	-10.5244510769245	-0.152054179887676	-3.55549057191989	0.000571460150129866	0.0039422636320318	0.0474686414318987	0.166121926955096	0.0222912629507317	0.859040754071165
FIP1L1	FALSE	FALSE	chr4	+	cassette exon	53391430	53391498	69	coding exon	protein_coding;retained_intron	chr4:53391499-53399729	chr4:53391140-53399729	inclusion	TRUE	FALSE	0.474760541283906	0.490920296813328	0.440448832710486	-5.04714641028418	-0.0756133762997982	-0.817083554966201	0.415766615648658	0.606876506360981	-0.0128041924510967	0.948088553727551	-0.0321357674581511	0.970467838347115
FKBP10	FALSE	FALSE	chr17	+	unannotated splice site	41820707	41820946	240	not an annotated exon	""	chr17:41820462-41820706	chr17:41820462-41820946	inclusion	TRUE	FALSE	0.047957366113446	0.0459365068842768	0.0537426929643501	0.780618608007321	0.132010152029449	2.74735870502873	0.0070934117168091	0.0291713340373252	-0.00301751270495337	1	0.0259861497421022	0.852250873181727
FKBP8	FALSE	FALSE	chr19	-	alternative 3' splice site	18538434	18538436	3	coding exon	nonsense_mediated_decay;protein_coding	chr19:18538437-18539370	chr19:18538434-18539370	skipping	TRUE	FALSE	0.28384988324352	0.284553625072804	0.285812511455918	0.125888638311367	-0.0183831407348908	-0.551616261033077	0.582406065775163	0.762711986792965	0.0113204594153766	0.788078192463113	0.00932073714677528	1
FLII	FALSE	FALSE	chr17	-	alternative 3' splice site	18251814	18251816	3	coding exon	nonsense_mediated_decay;protein_coding;retained_intron	chr17:18251817-18251998	chr17:18251814-18251998	inclusion	TRUE	FALSE		0.577649641538071	0.569569251630746	-0.808038990732529	-0.0285887111647547	-0.468293334491299	0.640604236766472	0.805134888855422	0.0150235312445662	0.85740388599001	0.011476688732156	1
FLNA	FALSE	FALSE	chrX	-	cassette exon	154357251	154357274	24	coding exon	nonsense_mediated_decay;protein_coding	chrX:154355073-154357250	chrX:154355073-154357433	skipping	TRUE	TRUE	0.418914964890556	0.481839900581403	0.37874538859146	-10.3094511989943	-0.230295435370336	-2.64830394349309	0.00936232520864885	0.0355768357928657	0.064075858661467	0.422460531353506	0.0244805290211178	1
FLNB	FALSE	FALSE	chr3	+	cassette exon	58141858	58141929	72	coding exon	protein_coding	chr3:58138530-58141857	chr3:58138530-58142649	skipping	TRUE	FALSE	0.151364736753767	0.141978713206805	0.127946671859256	-1.40320413475488	0.0171020553277473	0.153428569132198	0.87836050818849	0.973231700552616	0.0568805865201519	0.632497315433318	0.0713522795877324	0.790958395735541
FMN2	FALSE	FALSE	chr1	+	unannotated splice site	240258033	240285507	27475	not an annotated exon	""	chr1:240285508-240294821	chr1:240258033-240294821	inclusion	TRUE	FALSE	0.303830508686861	0.273194805315733	0.342634375539548	6.94395702238147	0.360228234911312	3.33621009606074	0.00118199940388149	0.00708991176825562	0.0291070726274796	0.850138753223707	0.115237755041062	0.425255625789379
FMN2	FALSE	FALSE	chr1	+	cassette exon	240245260	240245565	306	coding exon	protein_coding	chr1:240245566-240257944	chr1:240211236-240257944	skipping	TRUE	FALSE	0.414436829095516	0.459862766874127	0.364880997147611	-9.49817697265154	-0.159553110747673	-2.18618492886001	0.0310662962511578	0.0896914036928589	0.0565851110282577	0.386009838227096	0.0314335820756618	0.91701834432199
FN1	FALSE	FALSE	chr2	-	cassette exon	215380811	215381080	270	coding exon	processed_transcript;protein_coding	chr2:215379318-215380810	chr2:215379318-215382211	skipping	TRUE	TRUE	0.494993555266115	0.60600683994313	0.423750053663629	-18.2256786279501	-0.418014168602084	-11.1513293152139	2.05695007420034e-19	6.99568720235535e-17	0.128820830115424	0.000129224789324505	0.0592918506099746	0.115768042333729
FN1	FALSE	FALSE	chr2	-	cassette exon	215392931	215393203	273	coding exon	protein_coding	chr2:215393204-215394527	chr2:215391815-215394527	inclusion	TRUE	TRUE	0.138987533184488	0.0957315636776188	0.177353124656784	8.16215609791656	0.342584727384705	11.039427451655	3.63734143143391e-19	1.03088318402556e-16	-0.0650840838047265	0.0301691255045431	-0.000526356981022253	1
FN1	FALSE	FALSE	chr2	-	cassette exon	215372109	215372375	267	coding exon	protein_coding;retained_intron	chr2:215372016-215372108	chr2:215372016-215373321	skipping	TRUE	TRUE	0.193251753708158	0.213806779230313	0.179789194936143	-3.40175842941697	-0.168743652736577	-7.02499761460778	2.37483323763272e-10	1.042167019577e-08	0.0634662831266293	0.00025414645910219	0.0375435348096653	0.120841806739256
FN1	FALSE	FALSE	chr2	-	unannotated splice site	215406505	215406510	6	not an annotated exon	""	chr2:215406511-215407126	chr2:215406505-215407126	skipping	TRUE	FALSE	0.0138465721871998	0.0102987454237614	0.0151948003828318	0.48960549590704	0.127499649406515	4.27291688747267	4.31329864276164e-05	0.000434009724379655	-0.0444967241011916	0.0373348280038065	-0.0242631892944774	0.653466689288776
FN1	FALSE	FALSE	chr2	-	alternative 3' splice site	215372301	215372375	75	coding exon	protein_coding;retained_intron	chr2:215372376-215373321	chr2:215372301-215373321	skipping	TRUE	FALSE	0.0554934000232861	0.0580400156993655	0.0548774575069556	-0.316255819240988	-0.049035630591569	-2.75291506200722	0.00698237849492846	0.028959840562502	0.0199508840353891	0.147852166061878	0.0127000543471261	0.735940228989576
FN1	FALSE	FALSE	chr2	-	unannotated splice site	215372109	215372112	4	not an annotated exon	""	chr2:215372016-215372108	chr2:215372016-215372112	skipping	TRUE	FALSE	0.000611670212946722	0.000615704700842784	0.000613626250892479	-0.000207844995030475	1.06524336543582e-16	2.91633052427992e-14	0.999999999999977	1	-3.81273629963851e-17	1	-2.14003971945129e-17	1
FOSL1	FALSE	FALSE	chr11	-	cassette exon	65894014	65894121	108	coding exon	protein_coding	chr11:65893297-65894013	chr11:65893297-65896808	skipping	TRUE	TRUE		0.139214890423433	0.122285989003125	-1.69289014203078	0.0907552096645805	0.926493275793216	0.356398296601485	0.557292232984667	-0.0107001502255095	0.971905873218505	0.00740427604818261	1
FRG1	FALSE	FALSE	chr4	+	unannotated splice site	189957503	189959922	2420	not an annotated exon	""	chr4:189959923-189960747	chr4:189957503-189960747	inclusion	TRUE	FALSE	0.136273370845872	0.132737409380278	0.131942070475776	-0.0795338904501813	-0.0702738840815865	-0.879251167172455	0.381311784050543	0.578954371867799	-0.00443946782920774	1	-0.0210102258376035	1
FRMD6	FALSE	FALSE	chr14	+	other	51651997	51652217	221	not an annotated exon	""	chr14:51652218-51689690	chr14:51651997-51689690	inclusion	TRUE	FALSE	0.0840429060544256	0.0721931859290038	0.0959200953826524	2.37269094536485	0.148836722359689	1.55123686071184	0.123912239036578	0.261106273211525	0.0775899270349571	0.343484295654107	0.125442349938698	0.239676000764423
FRMD6	FALSE	FALSE	chr14	+	alternative 5' splice site	51701136	51701159	24	coding exon	protein_coding;retained_intron	chr14:51701160-51702511	chr14:51701136-51702511	skipping	TRUE	FALSE	0.360933610282649	0.345382973371129	0.365241036675129	1.98580633040001	0.0230162930810878	0.713482017456479	0.47716105649572	0.666457804165071	-0.00920382835086302	0.828078373457571	-0.00577037865846245	1
FST	FALSE	FALSE	chr5	+	other	53485687	53485950	264	not an annotated exon	""	chr5:53485228-53485686	chr5:53485228-53485950	inclusion	TRUE	FALSE	0.140531598406474	0.137345094779099	0.147518436338758	1.01733415596585	0.097203226585807	1.15822092508584	0.249452393105486	0.430653598452669	-0.0279153302443913	0.791643123662757	-0.0113656982887914	1
FTSJ1	FALSE	FALSE	chrX	+	alternative 3' splice site	48482403	48482408	6	coding exon	processed_transcript;protein_coding	chrX:48481716-48482402	chrX:48481716-48482408	skipping	TRUE	FALSE	0.249905784492495	0.224046768822109	0.258448881363236	3.44021125411265	0.0882754651756666	0.982191963430911	0.328306768315879	0.524211886874321	0.0356740748944731	0.726933980894644	0.0621202075305824	0.758999082625987
FUBP3	FALSE	FALSE	chr9	+	cassette exon	130634667	130634738	72	coding exon	nonsense_mediated_decay;protein_coding	chr9:130632279-130634666	chr9:130632279-130635998	skipping	TRUE	FALSE		0.283423640205631	0.22507995893218	-5.83436812734505	0.0460586686360041	0.440803241694309	0.660326318524068	0.818825175572389	-0.0106511449276848	0.978013965311945	-0.00245905133244585	1
FXR1	FALSE	FALSE	chr3	+	cassette exon	180975313	180975404	92	coding exon	nonsense_mediated_decay;protein_coding	chr3:180970359-180975312	chr3:180970359-180976121	inclusion	TRUE	TRUE	0.453284488949078	0.450017063446389	0.467198352562756	1.7181289116367	0.0452805283162037	1.04931483218361	0.296489107978268	0.492603544813917	-0.0135752757064553	0.800312332292369	-0.00597279325837518	1
FXYD5	FALSE	FALSE	chr19	+	alternative 5' splice site	35154810	35154869	60	coding exon	protein_coding	chr19:35154870-35155550	chr19:35154810-35155550	inclusion	TRUE	FALSE		0.100454559001256	0.137685879623005	3.72313206217491	0.119367440151234	1.35380355802392	0.178881634180215	0.343521421709153	-0.0164899138719709	0.90438525416237	0.00679016535831655	1
G3BP2	FALSE	FALSE	chr4	-	cassette exon	75653983	75654081	99	coding exon	nonsense_mediated_decay;protein_coding;retained_intron	chr4:75648742-75653982	chr4:75648742-75655065	inclusion	TRUE	FALSE	0.131031039873944	0.158118979862126	0.112586117904948	-4.55328619571783	-0.178341394990059	-3.58643362407626	0.000514481364539352	0.00360773426968731	0.00658159422589572	0.95806703072724	-0.0321327679546808	0.790958395735541
G6PC3	FALSE	FALSE	chr17	+	cassette exon	44074969	44075087	119	coding exon	nonsense_mediated_decay;protein_coding	chr17:44075088-44075309	chr17:44074771-44075309	inclusion	TRUE	FALSE		0.707982373382032	0.75697199903183	4.89896256497977	0.152574151775804	2.05298635581758	0.0426335356221256	0.113455911307394	0.00982346729774338	0.95336784998345	0.0454734383392844	0.792304263098106
GANAB	FALSE	FALSE	chr11	-	cassette exon	62634310	62634375	66	coding exon	nonsense_mediated_decay;protein_coding	chr11:62633515-62634309	chr11:62633515-62634820	inclusion	TRUE	TRUE	0.203033031784592	0.202200700720885	0.195706245063805	-0.649445565707965	0.0160427679738279	0.620004826357887	0.536623875152652	0.724516792137424	-0.0147812691810153	0.560596984934392	-0.0139531944362902	0.852325246216829
GAPDH	FALSE	FALSE	chr12	+	other	6534570	6534661	92	not an annotated exon	""	chr12:6534662-6534809	chr12:6534570-6534809	inclusion	TRUE	FALSE	0.0317576179540114	0.0147780908383277	0.0444740536034622	2.96959627651345	0.561681183185105	7.67797548380621	9.65537902374739e-12	6.19583850184268e-10	-0.197151739586239	0.00025414645910219	-0.108226843963861	0.140266180204508
GAPDH	FALSE	FALSE	chr12	+	unannotated splice site	6537101	6783290	246190	not an annotated exon	""	chr12:6537011-6537100	chr12:6537011-6783290	skipping	FALSE	FALSE	0.00157795772744488	0.000830709960849989	0.00186172937512533	0.103101941427534	9.36379676632775e-05	0.0256076912341115	0.979619798670316	1	-9.61858206594189e-07	1	1.98316134613127e-05	1
GGNBP2	FALSE	FALSE	chr17	+	unannotated splice site	36578187	36578192	6	not an annotated exon	""	chr17:36578193-36579244	chr17:36578187-36579244	inclusion	TRUE	FALSE	0.361471970952874	0.338315509024958	0.391168405499395	5.28528964744365	0.132085931147915	3.18428609843097	0.00191984662227154	0.0102987355872958	-0.0287802084034015	0.468292433198249	-0.00457920557072615	1
GLIPR1	FALSE	FALSE	chr12	+	cassette exon	75487739	75487809	71	coding exon	protein_coding	chr12:75487810-75490405	chr12:75482080-75490405	inclusion	TRUE	FALSE	0.0205013622313166	0.0163844067006772	0.0251439333252338	0.875952662455658	0.187114328597399	2.79958209849665	0.00611051170036198	0.0260975202964901	-0.0712179453934882	0.180154543315143	-0.0426306233991099	0.790958395735541
GLMP	FALSE	FALSE	chr1	-	cassette exon	156294759	156295016	258	coding exon	nonsense_mediated_decay;protein_coding	chr1:156294566-156294758	chr1:156294566-156295525	skipping	TRUE	FALSE	0.184969330584189	0.194216361022103	0.178731343271184	-1.54850177509197	-0.118567319176913	-1.3060467341544	0.194445913686194	0.364559290213201	0.042423472107574	0.676010069228796	0.0238027772966329	1
GLS	FALSE	FALSE	chr2	+	cassette exon	190932716	190935289	2574	coding exon	protein_coding	chr2:190931638-190932715	chr2:190931638-190953564	skipping	TRUE	FALSE	0.166472625205268	0.207859938578343	0.121257510998561	-8.6602427579782	-0.353399461133002	-5.57270211312182	2.01971321584719e-07	4.51910832045809e-06	0.140385657212541	0.00114057330825421	0.0874928680214451	0.189994392512747
GLS	FALSE	FALSE	chr2	+	cassette exon	190913193	190913364	172	NMD-only exon	nonsense_mediated_decay	chr2:190910322-190913192	chr2:190910322-190921023	inclusion	TRUE	FALSE	0.0951164094268262	0.138598717863037	0.0603909085606238	-7.82078093024137	-0.346979736388285	-5.31700401132994	6.15775552841734e-07	1.17441969211467e-05	-0.0109292607660971	0.941406122136108	-0.0906918221855916	0.189994392512747
GLUL	FALSE	FALSE	chr1	-	cassette exon	182391175	182391404	230	coding exon	protein_coding	chr1:182388751-182391174	chr1:182388751-182391678	inclusion	TRUE	FALSE	0.0713499353978876	0.054358484646637	0.0891878675584673	3.48293829118303	0.368811883641643	4.0786960545386	8.94292902480392e-05	0.000822024367928598	-0.0490250798337375	0.637209752049209	0.0244113984232382	1
GNAS	FALSE	FALSE	chr20	+	cassette exon	58898941	58898985	45	coding exon	nonsense_mediated_decay;processed_transcript;protein_coding;retained_intron	chr20:58898986-58903530	chr20:58895685-58903530	skipping	TRUE	TRUE	0.31032726908503	0.318750084666468	0.30984061990497	-0.890946476149757	-0.0383189082477155	-1.8331483574782	0.0696686967856751	0.166159353273549	0.00200907147180244	0.983784690777205	-0.00619790096316095	0.989489116931456
GNB1	FALSE	FALSE	chr1	-	unannotated splice site	1787322	1787325	4	not an annotated exon	""	chr1:1787054-1787321	chr1:1787054-1787325	skipping	TRUE	FALSE	0.0707736959243105	0.0737233927409105	0.0698908482770405	-0.383254446387009	0.000183708259301123	0.00286852111569369	0.997716802823268	1	-0.00254180158489226	1	-0.00297616895147097	1
GOLGA2	FALSE	FALSE	chr9	-	cassette exon	128272785	128272865	81	coding exon	protein_coding	chr9:128272866-128273849	chr9:128268525-128273849	skipping	TRUE	TRUE	0.221293846459486	0.138750630298353	0.282686340214645	14.3935709916293	0.486660553205095	5.96208383827336	3.52819230507352e-08	9.67692099157663e-07	-0.137266589253643	0.0262369838461694	-0.0539419278780484	0.781325204460825
GOLGA2	FALSE	FALSE	chr9	-	cassette exon	128267194	128267274	81	coding exon	nonsense_mediated_decay;protein_coding	chr9:128267275-128267457	chr9:128266326-128267457	inclusion	TRUE	TRUE	0.210488495710511	0.216323291352618	0.194259861643611	-2.20634297090075	-0.176948592442509	-2.9451804801872	0.00399060975481192	0.0183406267244802	0.0567378078722652	0.268661481983372	0.0277185341514228	0.894056176820071
GOLIM4	FALSE	FALSE	chr3	-	unannotated splice site	168029220	168029222	3	not an annotated exon	""	chr3:168027838-168029219	chr3:168027838-168029222	inclusion	TRUE	FALSE	0.264631504212217	0.275087326773924	0.235558041416997	-3.95292853569273	0.0140681883349984	0.150129575834772	0.880955982946924	0.974034882315504	0.0299011287640462	0.798373901371683	0.0386460216088775	0.921382924544024
GOLM2	FALSE	FALSE	chr15	+	cassette exon	44402887	44403054	168	coding exon	protein_coding	chr15:44380977-44402886	chr15:44380977-44413335	inclusion	TRUE	TRUE	0.324278985583681	0.360055177223089	0.307718944928497	-5.23362322945916	-0.123724676696069	-3.12608223112719	0.00230242691288644	0.0118824794092971	0.0436208866713129	0.16287048030762	0.0240690357662941	0.800986253623328
GON4L	FALSE	FALSE	chr1	-	unannotated splice site	155661424	155767541	106118	not an annotated exon	""	chr1:155767542-155771066	chr1:155661424-155771066	skipping	FALSE	FALSE	0.498660251200346	0.499485596707819	0.498511184434882	-0.0974412272936764	-0.00209098724900709	-0.525848475718159	0.60012383255301	0.776939914165507	-3.78093798834593e-05	1	-0.000513230539873024	1
GPNMB	FALSE	FALSE	chr7	+	alternative 3' splice site	23266481	23266516	36	coding exon	protein_coding	chr7:23260774-23266480	chr7:23260774-23266516	inclusion	TRUE	FALSE	0.134724403600088	0.1492632097564	0.124498606365547	-2.47646033908523	-0.148391386474801	-2.09520423953662	0.0386050441408855	0.103955467239233	0.020598938999018	0.828078373457571	-0.00878476157323239	1
GPR176	FALSE	FALSE	chr15	-	unannotated splice site	39802255	39805404	3150	not an annotated exon	""	chr15:39805405-39807005	chr15:39802255-39807005	inclusion	TRUE	FALSE	0.0918783675919062	0.0774638800303849	0.10846524948373	3.10013694533447	0.185036803503218	2.30572250430828	0.0231301566064857	0.0711906449037628	-0.0079293419116735	0.983443966831359	0.0320325512857386	0.929960400809207
GPR176	FALSE	FALSE	chr15	-	unannotated splice site	39805220	39807005	1786	not an annotated exon	""	chr15:39802255-39805219	chr15:39802255-39807005	inclusion	TRUE	FALSE	0.13286680685408	0.115304412673535	0.138788999572142	2.34845868986067	0.121514704001199	1.4914336836282	0.138904059194425	0.284585967060386	-0.035256718587228	0.697539468876902	-0.014635114761666	1
GPS1	FALSE	FALSE	chr17	+	alternative 3' splice site	82055162	82055164	3	coding exon	nonsense_mediated_decay;protein_coding;retained_intron	chr17:82054976-82055161	chr17:82054976-82055164	skipping	TRUE	FALSE	0.137607385063688	0.126524690471478	0.15089475285967	2.43700623881923	0.154075018576571	2.03646057374028	0.0442700282155657	0.116896246864238	-0.0255130397879566	0.791643123662757	0.00422438387611556	1
GRHPR	FALSE	FALSE	chr9	+	alternative 5' splice site	37422806	37422833	28	coding exon	protein_coding	chr9:37422834-37424844	chr9:37422806-37424844	inclusion	TRUE	FALSE		0.802518240422006	0.822191995653738	1.96737552317325	-0.0427355178037894	-0.44263883747178	0.658992595754881	0.818825175572389	0.0208156763218562	0.877357273965244	0.0152338016175928	1
GSN	FALSE	FALSE	chr9	+	cassette exon	121300056	121300126	71	coding exon	processed_transcript;protein_coding	chr9:121281563-121300055	chr9:121281563-121301962	inclusion	TRUE	TRUE	0.278247602521032	0.270835590130758	0.298618695197473	2.77831050667153	0.112932233455408	2.15313659964028	0.0336418249821319	0.0939058558479313	-0.087382206767112	0.00882972504211535	-0.0784344704731356	0.136124721976895
GSTM2	FALSE	FALSE	chr1	+	unannotated splice site	109659111	109671583	12473	not an annotated exon	""	chr1:109671584-109693205	chr1:109659111-109693205	skipping	FALSE	FALSE	0.204641589597681	0.195696780688747	0.214492208374266	1.87954276855195	0.114680720961462	1.1913823717078	0.236241581699649	0.414794847372487	-0.0379076957217437	0.72977551125966	-0.0193127347412553	1
GSTM2	FALSE	FALSE	chr1	+	unannotated splice site	109671584	109690564	18981	not an annotated exon	""	chr1:109690565-109693205	chr1:109671584-109693205	inclusion	FALSE	FALSE	0.288585640147095	0.257975788525165	0.286062004462961	2.80862159377963	0.105156922381114	1.01493007567714	0.312517337901962	0.511465230676173	-0.0245006873457173	0.864201202457099	-0.00553074966786987	1
GSTM4	FALSE	FALSE	chr1	+	unannotated splice site	109674747	109693205	18459	not an annotated exon	""	chr1:109671584-109674746	chr1:109671584-109693205	skipping	FALSE	FALSE	0.490888197392903	0.488897187014366	0.492526610400864	0.362942338649791	0.0104691686987542	1.86402523394291	0.0651660803018279	0.157863135500313	-0.00460260966105115	0.343484295654107	-0.00311872942217815	0.844122950101577
GSTM4	FALSE	FALSE	chr1	+	unannotated splice site	109659111	109671583	12473	not an annotated exon	""	chr1:109671584-109674746	chr1:109659111-109674746	skipping	TRUE	FALSE	0.317267107920359	0.284721503874397	0.33486944117719	5.01479373027936	0.18816284230801	1.41442494053037	0.160252983178494	0.315953852631919	-0.0671591718861354	0.639939818267749	-0.0375776923846802	1
GSTM4	FALSE	FALSE	chr1	+	unannotated splice site	109657672	109669371	11700	not an annotated exon	""	chr1:109669372-109669470	chr1:109657672-109669470	skipping	FALSE	FALSE	0.192471746698245	0.23641394886116	0.168566261942221	-6.78476869189393	-0.11174049152623	-1.38378571311239	0.169415525480103	0.330379703072151	0.00999628604822234	0.959959064667841	-0.0131617203326629	1
GSTM4	FALSE	FALSE	chr1	+	unannotated splice site	109657280	109668989	11710	not an annotated exon	""	chr1:109668990-109669289	chr1:109657280-109669289	skipping	FALSE	FALSE	0.484308420713114	0.486341239333745	0.483989871798656	-0.235136753508863	-0.00110016631293266	-0.153044693171289	0.878662454014367	0.973231700552616	-0.0053114242678973	0.405836168446977	-0.0065514945027673	0.549137222982238
GTF2I	FALSE	FALSE	chr7	+	cassette exon	74718879	74718941	63	coding exon	protein_coding;retained_intron	chr7:74718942-74728785	chr7:74716951-74728785	inclusion	TRUE	TRUE	0.383151405332605	0.360134982653868	0.389854989542612	2.97200068887434	0.0960313037874167	2.39267497470396	0.0185378241350486	0.0603899807311307	-0.0126240403332361	0.803023876177493	0.00652376311619007	1
GUK1	FALSE	FALSE	chr1	+	cassette exon	228148371	228148456	86	coding exon	processed_transcript;protein_coding	chr1:228148457-228148664	chr1:228147700-228148664	skipping	TRUE	TRUE	0.0924951383409548	0.0639668811605196	0.10981753798811	4.58506568275906	0.270552345681098	4.95488902060882	2.84951479764908e-06	4.52166663574845e-05	-0.0520722907350944	0.301409388079967	-0.00121445085139339	1
GUK1	FALSE	FALSE	chr1	+	alternative 3' splice site	228146842	228146860	19	coding exon	processed_transcript;protein_coding	chr1:228146068-228146841	chr1:228146068-228146860	skipping	TRUE	FALSE	0.0552754376910492	0.0396259764991134	0.0659899115524389	2.63639350533255	0.201213360577299	3.81590115693568	0.000231748943609077	0.00189922447521559	-0.019179833234501	0.786997649565782	0.0223006321066811	0.91701834432199
HDDC2	FALSE	FALSE	chr6	-	cassette exon	125298714	125298816	103	coding exon	protein_coding	chr6:125298817-125300537	chr6:125292910-125300537	inclusion	TRUE	TRUE	0.419268657435662	0.400359292169469	0.427411119631951	2.7051827462482	0.0278756238909811	0.633023154571739	0.528121489353349	0.717101805735655	-0.00399296207440235	0.983878662274079	0.00150373867345621	1
HDLBP	FALSE	FALSE	chr2	-	cassette exon	241315102	241315292	191	coding exon	protein_coding	chr2:241268542-241315101	chr2:241268542-241315569	inclusion	TRUE	FALSE	0.303071355474977	0.212025230323886	0.346121668000794	13.4096437676909	0.492198117707797	5.40996793381942	4.1182733224827e-07	8.64583183318745e-06	-0.0939777269190055	0.266209078400592	-0.00131434655936216	1
HDLBP	FALSE	FALSE	chr2	-	cassette exon	241272761	241272886	126	coding exon	protein_coding	chr2:241268542-241272760	chr2:241268542-241315569	inclusion	TRUE	FALSE	0.279259618412065	0.258885235004836	0.298008710943495	3.91234759386592	0.0834174146376769	0.941026826847794	0.348892890228199	0.549090569026426	0.0177630749125121	0.89255631335651	0.0397703279633577	0.907169199855509
HIF1A	FALSE	FALSE	chr14	+	alternative 3' splice site	61720379	61720381	3	coding exon	processed_transcript;protein_coding	chr14:61695840-61720378	chr14:61695840-61720381	skipping	TRUE	FALSE		0.732732930390984	0.735503157460994	0.277022707001007	-0.0838284215783309	-0.781783228302929	0.436170834269683	0.626707649916009	0.0252064244213709	0.864201202457099	0.0113154798820234	1
HIF1A	FALSE	FALSE	chr14	+	cassette exon	61745691	61745817	127	coding exon	processed_transcript;protein_coding	chr14:61744814-61745690	chr14:61744814-61746933	skipping	TRUE	TRUE	0.0476173160172554	0.0447138180183485	0.0488234269588658	0.410960894051726	-0.0199641392878565	-0.467103491443543	0.641412456850073	0.805555304928766	0.0647232230585627	0.0173204469074213	0.0723598631402373	0.0768892500279554
HINT1	FALSE	FALSE	chr5	-	alternative 5' splice site	131165060	131165094	35	coding exon	protein_coding	chr5:131162677-131165059	chr5:131162677-131165094	inclusion	TRUE	FALSE	0.0334238864935093	0.037806967353362	0.0248715394894135	-1.29354278639485	-0.203385769001705	-2.43901023238574	0.0164375694219231	0.0550237929172838	0.0376957419672439	0.692825861502882	-0.000807389575927	1
HLA-E	FALSE	FALSE	chr6	+	unannotated splice site	29888743	30490515	601773	not an annotated exon	""	chr6:30490516-30491136	chr6:29888743-30491136	skipping	FALSE	TRUE	0.148031913071076	0.10000667376827	0.193476148694297	9.34694749260275	0.397532473613321	3.12911828724075	0.00228083522295632	0.011806880659474	-0.0597076739446703	0.685374189563761	0.0181632811994183	1
HLA-E	FALSE	FALSE	chr6	+	unannotated splice site	29829694	30491412	661719	not an annotated exon	""	chr6:30491413-30491536	chr6:29829694-30491536	inclusion	FALSE	FALSE		0.847343188668636	0.70907596568475	-13.8267222983886	-0.519388419584741	-2.08553479457852	0.0395165633844265	0.105990403841037	-0.0623910857326773	0.85740388599001	-0.190237139949035	0.686024928078753
HMGA1	FALSE	FALSE	chr6	+	alternative 5' splice site	34240883	34240915	33	coding exon	protein_coding	chr6:34240916-34242711	chr6:34240883-34242711	inclusion	TRUE	FALSE		0.785330128555403	0.814986582824098	2.96564542686948	-0.0577487386079093	-0.701311219910356	0.48472156387903	0.674248686606373	0.030475910453997	0.751645034600265	0.0233116387263318	1
HMGN1	FALSE	FALSE	chr21	-	cassette exon	39345830	39347292	1463	non-coding annotation only	retained_intron	chr21:39345275-39345829	chr21:39345275-39348291	skipping	TRUE	FALSE		0.409107944952676	0.686830882731199	27.7722937778523	0.498502428821151	3.93216345909624	0.000153657674714578	0.00131918664983427	-0.0923462761623847	0.455103805975985	0.00174012011699485	1
HMGN3	FALSE	FALSE	chr6	-	alternative 5' splice site	79202276	79202316	41	coding exon	protein_coding	chr6:79201727-79202275	chr6:79201727-79202316	inclusion	TRUE	FALSE	0.439436130344183	0.443479897375908	0.439360596494597	-0.411930088131018	-0.00462104121442372	-0.117557894832894	0.906646904662759	0.985939725420874	0.0103432297015573	0.845256697310884	0.0112431804939611	1
HNRNPAB	FALSE	FALSE	chr5	+	cassette exon	178210132	178210272	141	coding exon	protein_coding	chr5:178210273-178210552	chr5:178209448-178210552	skipping	TRUE	TRUE	0.205429692122768	0.215443303940777	0.196623518642715	-1.88197852980618	-0.020815518249698	-0.301980512797208	0.763275820709819	0.892824794415407	0.0649190828269851	0.236565297211588	0.0724016686229091	0.449327775415958
HNRNPDL	FALSE	FALSE	chr4	-	cassette exon	82425563	82425667	105	NMD-only exon	nonsense_mediated_decay	chr4:82425668-82426036	chr4:82424884-82426036	inclusion	TRUE	FALSE	0.107183183712278	0.132017388736232	0.0941617734606079	-3.78556152756239	-0.173250548720229	-3.85522010308896	0.000201498046448393	0.00169208606412589	0.0120205834453491	0.854012442237037	-0.0245359951240638	0.846802145998523
HNRNPH3	FALSE	TRUE	chr10	+	alternative 5' splice site	68338643	68338687	45	coding exon	processed_transcript;protein_coding	chr10:68338688-68339139	chr10:68338643-68339139	skipping	TRUE	FALSE	0.253011591300187	0.218331692928001	0.286393751621619	6.80620586936189	0.177213404794065	4.24587591668204	4.780173225707e-05	0.000475967234582403	-0.029026071437711	0.484876974073463	0.00523677155824653	1
HNRNPH3	FALSE	TRUE	chr10	+	cassette exon	68337858	68337996	139	coding exon	processed_transcript;protein_coding	chr10:68337334-68337857	chr10:68337334-68338502	skipping	TRUE	TRUE	0.111872941843577	0.160766271787029	0.0833945548639106	-7.7371716923118	-0.196486484891946	-3.43491063484467	0.000855497129147391	0.00553145577230091	0.0628236782265337	0.171005072611653	0.0305667599160536	0.853966070835217
HNRNPH3	FALSE	TRUE	chr10	+	other	68332217	68332235	19	not an annotated exon	""	chr10:68332236-68337198	chr10:68332217-68337198	inclusion	TRUE	FALSE	0.405880888262827	0.431809066570222	0.383404887363997	-4.84041792062248	-0.049779395308239	-1.62693284261013	0.106806893396906	0.231966079158289	-0.000286718970515419	1	-0.0114901498958733	0.947283790071782
HNRNPUL1	FALSE	FALSE	chr19	+	alternative 3' splice site	41305646	41305675	30	coding exon	protein_coding;retained_intron	chr19:41304262-41305645	chr19:41304262-41305675	inclusion	TRUE	FALSE	0.149207502898136	0.146571638512376	0.138460792605808	-0.81108459065678	0.0509598232865276	0.471610114053273	0.638202587215226	0.80384949881791	-0.0782919115023957	0.418253520925653	-0.081524414533868	0.691535124746916
HSPG2	FALSE	FALSE	chr1	-	cassette exon	21852700	21852832	133	coding exon	protein_coding	chr1:21852833-21852918	chr1:21843439-21852918	inclusion	FALSE	FALSE		0.287053623016219	0.438245043082204	15.1191420065984	0.564220136437927	4.50863663715027	1.76180433431832e-05	0.000205907097629436	-0.0197976885085891	0.94181723490176	0.102647505507762	0.64777709135746
HSPG2	FALSE	FALSE	chr1	-	cassette exon	21851791	21851926	136	coding exon	protein_coding	chr1:21851927-21852918	chr1:21843439-21852918	inclusion	FALSE	TRUE		0.631995510719445	0.486464266547213	-14.5531244172232	-0.480336843818534	-3.82774596949577	0.000224400800242205	0.00184791070611075	-0.0170302713179419	0.95641168112493	-0.127607098939848	0.474131077937937
HSPG2	FALSE	FALSE	chr1	-	cassette exon	21852088	21852233	146	coding exon	protein_coding	chr1:21851927-21852087	chr1:21851927-21852918	skipping	FALSE	FALSE		0.337868321062428	0.291275431447132	-4.65928896152961	-0.0887606476640328	-2.63281914482398	0.00979776700121451	0.0367389256572553	0.0402390808799145	0.106461359346479	0.0279180553006758	0.632324922787646
HSPG2	FALSE	FALSE	chr1	-	cassette exon	21844148	21844299	152	coding exon	protein_coding	chr1:21843439-21844147	chr1:21843439-21852087	skipping	FALSE	TRUE		0.086260516830204	0.0888942813786096	0.263376454840565	0.217585344928574	2.35025028160909	0.0207860908012761	0.0656392709518478	0.0257028867479435	0.837889846895872	0.078256399794836	0.608087013173841
HSPG2	FALSE	FALSE	chr1	-	cassette exon	21888668	21888718	51	coding exon	protein_coding	chr1:21888067-21888667	chr1:21888067-21889980	inclusion	TRUE	TRUE	0.133464670058384	0.112310873074299	0.143451821631482	3.11409485571826	0.119855747623125	1.42283679737465	0.157805160009633	0.313168809964727	-0.00132543570803667	1	0.0252723839728591	0.985187378373503
HSPG2	FALSE	FALSE	chr1	-	cassette exon	21847354	21847492	139	coding exon	protein_coding;retained_intron	chr1:21847493-21847688	chr1:21842381-21847688	skipping	FALSE	FALSE	0.0794003162631672	0.0862765593213041	0.0723013122518496	-1.39752470694544	0.076244259678118	1.005182872671	0.317164406547238	0.515373218665627	-0.0120829965652666	0.933493501441889	0.00273404136182719	1
HSPG2	FALSE	FALSE	chr1	-	cassette exon	21842770	21842921	152	coding exon	protein_coding	chr1:21842381-21842769	chr1:21842381-21847688	skipping	FALSE	FALSE		0.205995428976107	0.0884498756526943	-11.7545553323412	-0.120029158757278	-0.912468555697659	0.363673747068579	0.564001100674984	0.0257032711111306	0.897586392226939	0.00359639092720834	1
HSPG2	FALSE	FALSE	chr1	-	unannotated splice site	21884675	21884677	3	not an annotated exon	""	chr1:21884678-21884766	chr1:21884675-21884766	inclusion	TRUE	FALSE	0.208753031410642	0.221376331153112	0.198792133710563	-2.25841974425491	0.017324782517553	0.259954111772088	0.795418092443842	0.913921829260072	0.00219332635176123	1	0.00648412489748943	1
IDS	FALSE	FALSE	chrX	-	cassette exon	149487131	149487313	183	coding exon	nonsense_mediated_decay;protein_coding	chrX:149487314-149490313	chrX:149487099-149490313	inclusion	TRUE	FALSE	0.151931553127783	0.13718259706999	0.184887190614673	4.77045935446829	0.0747521936225576	0.958094863849281	0.340258448392131	0.537241867679498	-0.0551710636164203	0.432335691738233	-0.0487490530457369	0.790958395735541
IFI16	FALSE	FALSE	chr1	+	cassette exon	159049432	159049599	168	coding exon	protein_coding;retained_intron	chr1:159049600-159051678	chr1:159045465-159051678	inclusion	TRUE	TRUE	0.456703679387936	0.450025657600605	0.464121935342424	1.40962777418189	0.0270180266735809	2.65782210758097	0.00911876220847215	0.0349244485033939	-0.00414619907490377	0.728914463953287	0.00112974628048872	1
IFI16	FALSE	FALSE	chr1	+	cassette exon	159045297	159045464	168	coding exon	protein_coding;retained_intron	chr1:159045465-159051678	chr1:159032692-159051678	skipping	TRUE	TRUE	0.0865926412241284	0.0999486847987906	0.0717561293151529	-2.81925554836377	-0.149910556127944	-2.62423179262583	0.0100048052717671	0.0374327202742352	0.0214878107197504	0.75927318889578	-0.00806987135029166	1
IFITM2	FALSE	FALSE	chr11	+	unannotated splice site	309013	314921	5909	not an annotated exon	""	chr11:308439-309012	chr11:308439-314921	skipping	TRUE	FALSE		0.494972687218685	0.493097879535739	-0.18748076829469	-0.00167742524701097	-0.369667734245119	0.712396455146948	0.857529843978305	-0.000299234606227003	1	-0.000730682974764231	1
IFITM3	FALSE	FALSE	chr11	-	alternative 3' splice site	319986	319990	5	coding exon	processed_transcript;protein_coding;retained_intron	chr11:319991-320564	chr11:319986-320564	skipping	TRUE	FALSE	0.0133387097296401	0.0114001634030177	0.0126924295484385	0.129226614542082	0.0211903562768269	0.423912950115692	0.67251329666117	0.826757759696648	-0.0363775990996101	0.414284980485699	-0.0384367441776249	0.685750082706529
IGFBP3	FALSE	FALSE	chr7	-	unannotated splice site	45915990	45917439	1450	not an annotated exon	""	chr7:45917440-45920737	chr7:45915990-45920737	skipping	FALSE	FALSE	0.0227975574009769	0.0250493933162264	0.0244222945847499	-0.0627098731476452	0.0941065049122603	1.21616596705738	0.22670148755332	0.403568577419474	0.0961787798760836	0.0761034271704599	0.135250070249689	0.070031242102986
IGFBP3	FALSE	FALSE	chr7	-	unannotated splice site	45913639	45913834	196	not an annotated exon	""	chr7:45913835-45914804	chr7:45913639-45914804	skipping	TRUE	TRUE	0.00216953366649387	0.00206426488743037	0.00219415662056985	0.012989173313948	-0.00301249239780313	-0.622947585238968	0.534695838397696	0.723184051445892	0.000617778696377796	0.957466868091158	5.860114176498e-05	1
IKBIP	FALSE	FALSE	chr12	-	cassette exon	98624249	98626766	2518	coding exon	protein_coding	chr12:98626767-98634295	chr12:98614341-98634295	inclusion	TRUE	FALSE	0.485473459635362	0.390135420156161	0.543473966310348	15.3338546154187	0.260887953840288	4.08490770133627	8.73965623434968e-05	0.00081409154091957	-0.0151612373097545	0.874742372435097	0.0404371777609511	0.790958395735541
ILF3	FALSE	FALSE	chr19	+	alternative 3' splice site	10683125	10683136	12	coding exon	protein_coding;retained_intron	chr19:10682705-10683124	chr19:10682705-10683136	skipping	TRUE	FALSE		0.590902972878129	0.634661808155862	4.37588352777335	0.0927420282010657	1.35241527453997	0.179262752008105	0.343742202240697	-0.0097792488384985	0.944599360963861	0.00888239156099425	1
ILK	FALSE	FALSE	chr11	+	cassette exon	6608046	6608211	166	coding exon	nonsense_mediated_decay;protein_coding;retained_intron	chr11:6608212-6608393	chr11:6604361-6608393	skipping	TRUE	TRUE	0.0526112915346348	0.0460279983370325	0.0573466471517067	1.13186488146742	0.0863450776363344	1.13624034172912	0.258492754124108	0.44355895901922	-0.0498967306247862	0.475628551183765	-0.0398913870464972	0.855196191594143
IMMT	FALSE	FALSE	chr2	-	alternative 3' splice site	86171313	86171345	33	coding exon	protein_coding;retained_intron	chr2:86171346-86173649	chr2:86171313-86173649	inclusion	TRUE	FALSE	0.365489049544632	0.36057858055048	0.384819271701573	2.42406911510932	0.125795953457731	2.28242867105185	0.0245194182608596	0.0747897233230346	-0.0447822052231454	0.345828646836278	-0.024983678418245	0.902506498809721
INF2	FALSE	FALSE	chr14	+	cassette exon	104715284	104715340	57	coding exon	nonsense_mediated_decay;protein_coding	chr14:104714857-104715283	chr14:104714857-104718794	skipping	TRUE	FALSE		0.34045075761067	0.554244254946983	21.3793497336314	0.62040596837143	4.51538874432456	1.70090714894297e-05	0.000199475352191553	-0.205805044466217	0.0383463237997526	-0.105234480766893	0.686024928078753
INO80E	FALSE	FALSE	chr16	+	cassette exon	30001212	30001229	18	coding exon	protein_coding	chr16:30001041-30001211	chr16:30001041-30001413	skipping	TRUE	TRUE		0.584886109230612	0.708309087526064	12.3422978295452	0.255675246144253	2.14770219054991	0.0341057997644346	0.0946116027723018	-0.0848571264515198	0.435559528965515	-0.0438684260532728	0.952200057742632
IQCG	FALSE	FALSE	chr3	+	unannotated splice site	197951312	197951328	17	not an annotated exon	""	chr3:197951329-197954002	chr3:197951312-197954002	inclusion	TRUE	FALSE	0.00642436091363277	0.00575638053954786	0.0071794046602462	0.142302412069834	0.0141710599225479	0.471000917337341	0.638636091092612	0.80384949881791	-0.00633851322747988	0.882259826212136	-0.00435021760737042	1
ISOC2	FALSE	FALSE	chr19	-	cassette exon	55455636	55455845	210	coding exon	protein_coding	chr19:55455846-55456348	chr19:55455331-55456348	skipping	TRUE	FALSE	0.278435482677524	0.245738028475416	0.310166167372185	6.44281388967688	0.316995141014116	3.07636129152897	0.00268417082501671	0.0134248014351204	-0.0955814678953358	0.277879681420355	-0.0424607899084853	0.921382924544024
ITGB1	FALSE	FALSE	chr10	-	cassette exon	32906465	32906580	116	coding exon	protein_coding	chr10:32901636-32906464	chr10:32901636-32908367	skipping	TRUE	FALSE		0.645155299686538	0.930601120385111	28.5445820698573	0.494149065586606	2.87431461888615	0.00493748305710689	0.0218082855548318	-0.170881745805166	0.223153971207964	-0.0930943398340098	0.846802145998523
ITGB1	FALSE	FALSE	chr10	-	cassette exon	32953593	32953809	217	coding exon	protein_coding	chr10:32935559-32953592	chr10:32935559-32958144	skipping	TRUE	FALSE		0.768454521856583	0.928454472264147	15.9999950407565	0.311932618479033	2.23060362110805	0.0279195225223061	0.0825411450626581	-0.0898726000209221	0.500159705708498	-0.0368310307229935	1
ITGB1	FALSE	FALSE	chr10	-	cassette exon	32933351	32933583	233	coding exon	protein_coding	chr10:32932601-32933350	chr10:32932601-32935491	inclusion	TRUE	FALSE	0.0133531934373112	0.0209987209264961	0.00993030420417673	-1.10684167223194	-0.0975000448835988	-1.70101475682895	0.0919574151467727	0.206570124778186	0.0264528227315689	0.680546396015288	0.00956310525896801	1
ITGB1BP1	FALSE	FALSE	chr2	-	cassette exon	9407449	9407598	150	coding exon	nonsense_mediated_decay;processed_transcript;protein_coding;retained_intron	chr2:9406906-9407448	chr2:9406906-9408112	skipping	TRUE	TRUE	0.076114394909556	0.0383005082055988	0.0970964095349	5.87959013293013	0.578717860131225	8.74875271226293	4.42507744555389e-14	4.06748334927812e-12	-0.152781567553949	0.00417472189167607	-0.0517400455840894	0.685750082706529
ITGB1BP1	FALSE	FALSE	chr2	-	cassette exon	9419990	9420294	305	coding exon	protein_coding	chr2:9418733-9419989	chr2:9418733-9423372	inclusion	TRUE	FALSE	0.190328225603427	0.254913031499872	0.145516414559403	-10.9396616940469	-0.261761498767411	-3.44246074219747	0.000834382923833313	0.00541552733579599	0.0585626045106349	0.412317219365656	0.0108879691513352	1
ITGB1BP1	FALSE	FALSE	chr2	-	cassette exon	9422479	9423250	772	coding exon	protein_coding	chr2:9418733-9422478	chr2:9418733-9423372	inclusion	TRUE	FALSE	0.328696593805728	0.432969771122233	0.263282929845474	-16.9686841276759	-0.231564892519731	-2.70283659245164	0.00804284051991775	0.0322948059129165	0.00306228069865159	1	-0.0482316837211916	0.83491037968757
ITGB5	FALSE	FALSE	chr3	-	cassette exon	124817621	124817710	90	coding exon	processed_transcript;protein_coding	chr3:124817711-124819738	chr3:124809157-124819738	skipping	TRUE	TRUE	0.0355574831818434	0.0419906059191265	0.032353179164854	-0.963742675427246	-0.146605789888267	-3.13847875668656	0.00221544462014718	0.0115563299894487	0.0705500789768344	0.0262785015871527	0.0509110817096933	0.409302684141482
ITGB5	FALSE	FALSE	chr3	-	cassette exon	124809022	124809156	135	coding exon	processed_transcript;protein_coding	chr3:124809157-124817620	chr3:124796818-124817620	skipping	TRUE	TRUE	0.0447697546308488	0.0395531358773206	0.0472524290699501	0.769929319262955	0.122653358716229	2.6127779326038	0.010324277179804	0.0380421090883136	-0.019827058606547	0.718981040134451	0.00393613528658622	1
JAK1	FALSE	FALSE	chr1	-	unannotated splice site	64877112	64879148	2037	not an annotated exon	""	chr1:64879149-64883276	chr1:64877112-64883276	skipping	FALSE	FALSE	0.177037165550702	0.224697613481843	0.148953342585815	-7.57442708960275	-0.117785408073098	-2.23179248577682	0.0277948142166508	0.0824001858843089	0.0315058099572179	0.549633883024578	0.0110177966643739	1
JOSD2	FALSE	FALSE	chr19	-	cassette exon	50507574	50507699	126	coding exon	protein_coding	chr19:50506573-50507573	chr19:50506573-50510285	skipping	TRUE	TRUE		0.134127722137537	0.185204798270001	5.10770761324641	0.272340718300099	3.46864331971655	0.000775884377745523	0.0050941752291748	-0.0608904639645195	0.404856144971538	-0.011939196563261	1
KARS1	FALSE	FALSE	chr16	-	cassette exon	75644283	75644462	180	coding exon	nonsense_mediated_decay;protein_coding	chr16:75641724-75644282	chr16:75641724-75647577	inclusion	TRUE	FALSE	0.263935731978272	0.279756663112782	0.240125633732739	-3.96310293800435	-0.00520606811493034	-0.0407574355518427	0.967568172092441	1	0.0137037173906477	0.973039865376012	0.0151013047006872	1
KCNK2	FALSE	FALSE	chr1	+	cassette exon	215124633	215124750	118	coding exon	nonsense_mediated_decay;protein_coding	chr1:215086679-215124632	chr1:215086679-215169198	skipping	TRUE	TRUE	0.116634347117246	0.124578299178707	0.10344640985803	-2.11318893206769	-0.217707856623297	-2.47047743336325	0.0151348621809948	0.0523638517574398	0.0200161570931882	0.874574993213875	-0.0250023550162416	1
KCTD10	FALSE	FALSE	chr12	-	alternative 3' splice site	109458079	109458081	3	NMD-only exon	nonsense_mediated_decay	chr12:109458082-109460635	chr12:109458079-109460635	inclusion	TRUE	FALSE	0.27468814999399	0.293409188757594	0.283297255011346	-1.01119337462486	-0.00902089883550914	-0.127892548793491	0.898483376087446	0.983910873542643	-0.0073249002738538	0.977526261187499	-0.010715765518298	1
KCTD2	FALSE	FALSE	chr17	-	unannotated splice site	75040164	75040202	39	not an annotated exon	""	chr17:75040203-75042180	chr17:75040164-75042180	inclusion	TRUE	FALSE	0.267360578802411	0.311036505671233	0.24661596966918	-6.44205360020529	-0.0584273527971758	-3.21141349216531	0.00176256238630473	0.00978296493276409	0.0276242458582203	0.0262664236271228	0.0197053368887174	0.413255410606574
KDM1A	FALSE	FALSE	chr1	+	cassette exon	23044427	23044486	60	coding exon	nonsense_mediated_decay;protein_coding;retained_intron	chr1:23030635-23044426	chr1:23030635-23050386	skipping	TRUE	FALSE	0.45973803734329	0.447417331388263	0.46681060806281	1.93932766745473	0.0574869715168178	0.773187466119969	0.441182250924104	0.631507085603064	0.00490347229617676	1	0.0186969704581667	1
KLC1	FALSE	FALSE	chr14	+	cassette exon	103687081	103687211	131	coding exon	nonsense_mediated_decay;protein_coding	chr14:103687212-103700654	chr14:103679546-103700654	inclusion	TRUE	TRUE	0.349595284599301	0.437624955219444	0.282481030294081	-15.5143924925363	-0.287652733336556	-5.80871003742979	7.06015260370466e-08	1.80538188009019e-06	0.0583657145353675	0.183173176962928	0.00485502101203498	1
KLC1	FALSE	FALSE	chr14	+	alternative 5' splice site	103679519	103679545	27	coding exon	nonsense_mediated_decay;protein_coding	chr14:103679546-103700654	chr14:103679519-103700654	skipping	TRUE	FALSE	0.241873716366056	0.182095694837861	0.283408922064136	10.1313227226276	0.272694545139192	3.68352233253291	0.000368594103303326	0.00273709289374369	-0.0917730528719111	0.102941822235845	-0.0478625325800786	0.790958395735541
KLC1	FALSE	FALSE	chr14	+	cassette exon	103692359	103692425	67	coding exon	nonsense_mediated_decay;protein_coding;retained_intron	chr14:103687212-103692358	chr14:103687212-103700654	inclusion	TRUE	FALSE	0.479492533452568	0.42497400565134	0.524661624007899	9.96876183565585	0.185861490140441	3.47641331254256	0.00074535248479675	0.004912681784484	-0.0286291845219485	0.636971589795831	0.00764494072483662	1
KLC1	FALSE	FALSE	chr14	+	unannotated splice site	103679384	103679407	24	not an annotated exon	""	chr14:103677524-103679383	chr14:103677524-103679407	skipping	TRUE	FALSE	0.192583529109641	0.170415351704884	0.203464775260883	3.30494235559992	0.111011386590913	2.52888913700291	0.0129590016595009	0.0459578359165407	-0.0812439567085219	0.00319944004041488	-0.0715781281462904	0.0997597076755252
KLC1	FALSE	FALSE	chr14	+	cassette exon	103684986	103686211	1226	coding exon	protein_coding	chr14:103679546-103684985	chr14:103679546-103700654	inclusion	TRUE	FALSE	0.274137448485342	0.262961283128057	0.286734672079365	2.37733889513085	0.0536750812967569	0.859356820636875	0.392139324910223	0.587259288427859	0.0414963551967303	0.468292433198249	0.061281773046659	0.48353713966026
KTN1	FALSE	FALSE	chr14	+	cassette exon	55663955	55664041	87	coding exon	nonsense_mediated_decay;protein_coding	chr14:55661613-55663954	chr14:55661613-55667240	inclusion	TRUE	TRUE	0.413178496168199	0.332067745294336	0.468500838364425	13.6433093070089	0.242642881660682	5.18310639031843	1.09225107902108e-06	1.98649514425172e-05	-0.0913517538582353	0.004578424307534	-0.054093512033171	0.359184038655864
KTN1	FALSE	FALSE	chr14	+	cassette exon	55673172	55673255	84	coding exon	nonsense_mediated_decay;protein_coding	chr14:55673013-55673171	chr14:55673013-55675834	inclusion	TRUE	TRUE	0.280735717297906	0.306380941215867	0.260006473334008	-4.63744678818588	-0.138311212365289	-2.48053097264916	0.0147385458777644	0.051096630509966	0.0575144903470112	0.196061702825362	0.0372946748872107	0.778284174533608
LAMA4	FALSE	FALSE	chr6	-	other	112254442	112254458	17	not an annotated exon	""	chr6:112254292-112254441	chr6:112254292-112254458	skipping	TRUE	FALSE		0.534104119727066	0.587487139223601	5.33830194965355	0.0455979039481907	0.412404486497389	0.680908473388555	0.832411832492622	-0.00293199166967657	1	0.00674888658380553	1
LAMB1	FALSE	FALSE	chr7	-	unannotated splice site	107998357	108111810	113454	not an annotated exon	""	chr7:107994961-107998356	chr7:107994961-108111810	skipping	FALSE	FALSE	0.157484006569094	0.154457843078495	0.15502884964804	0.0571006569545535	0.0776647976835159	0.647704757231679	0.518617051108729	0.708904732811946	0.046508855565814	0.733093170000787	0.0726053164155683	0.801020692772742
LAMB2	FALSE	FALSE	chr3	-	cassette exon	49129839	49130018	180	coding exon	protein_coding	chr3:49130019-49130230	chr3:49124101-49130230	skipping	FALSE	FALSE	0.218467403445276	0.252870591414068	0.200119704738658	-5.27508866754098	-0.0550898621665196	-2.40738260879057	0.017846702282779	0.0589287713240111	0.0251271584182527	0.154360888725574	0.0174886441606083	0.686024928078753
LAMB2	FALSE	FALSE	chr3	-	cassette exon	49124190	49124286	97	coding exon	protein_coding;retained_intron	chr3:49124101-49124189	chr3:49124101-49130230	skipping	FALSE	FALSE	0.38449870924489	0.466892024289552	0.33475685567781	-13.2135168611742	-0.123523330973179	-2.40430793938419	0.0179892598112887	0.0591967871416803	0.026017953278796	0.645915822795799	0.00321807948504589	1
LAMB2	FALSE	FALSE	chr3	-	unannotated splice site	49121855	49121860	6	not an annotated exon	""	chr3:49121861-49121943	chr3:49121855-49121943	skipping	TRUE	FALSE	0.0279270705696394	0.0206133453374159	0.0291494185118623	0.853607317444638	0.105979977582638	1.89248558358608	0.0612340689120365	0.150257625086462	-0.0200356479098685	0.775356502399398	-4.60484349141381e-05	1
LAMP1	FALSE	FALSE	chr13	+	unannotated splice site	113310603	113310708	106	not an annotated exon	""	chr13:113309863-113310602	chr13:113309863-113310708	inclusion	FALSE	FALSE	0.0252755102497242	0.0257724607609477	0.0241386512655208	-0.16338094954269	0.0167379489603103	0.246759398515579	0.805585574390332	0.920321309540316	0.0456220687999628	0.461040221867933	0.0579059871456729	0.609934712265837
LAMP2	FALSE	FALSE	chrX	-	cassette exon	120436494	120439293	2800	coding exon	protein_coding	chrX:120439294-120441729	chrX:120431463-120441729	inclusion	TRUE	FALSE	0.3603454038944	0.287611492744551	0.417597973428007	12.9986480683456	0.311984076186001	7.62295482961983	1.26833155767196e-11	7.39823151622888e-10	-0.0399625085884951	0.357309083544454	0.0224408529015143	0.846802145998523
LAPTM4A	FALSE	FALSE	chr2	-	unannotated splice site	20041008	20041011	4	not an annotated exon	""	chr2:20041012-20051409	chr2:20041008-20051409	skipping	TRUE	FALSE	0.01306011294828	0.0122692597417853	0.0155898623211121	0.332060257932681	0.067885539411492	1.26177695370464	0.2098789512005	0.386013696086633	-0.0210732309026439	0.731211994371504	-0.00981028808522734	1
LGALS1	FALSE	FALSE	chr22	+	cassette exon	37678483	37678654	172	coding exon	nonsense_mediated_decay;processed_transcript;protein_coding	chr22:37677066-37678482	chr22:37677066-37679602	skipping	TRUE	TRUE	0.019213733116253	0.0151134100455925	0.0223236115130587	0.721020146746617	0.144269895470703	5.59201743617458	1.85467483395368e-07	4.23338866461508e-06	-0.0148381284402538	0.637209752049209	0.0147001445274339	0.829640025388377
LGALS1	FALSE	FALSE	chr22	+	cassette exon	37678376	37678392	17	NMD-only exon	nonsense_mediated_decay	chr22:37677066-37678375	chr22:37677066-37678482	inclusion	TRUE	FALSE	0.0148738484351484	0.0125384197282761	0.0157287296653603	0.31903099370842	0.053403745706485	1.19973819150414	0.23299344508733	0.410788339420431	-0.0153680464182834	0.784713954825261	-0.00628148050023662	1
LGALS1	FALSE	FALSE	chr22	+	alternative 3' splice site	37676856	37676985	130	NMD-only exon	nonsense_mediated_decay	chr22:37675712-37676855	chr22:37675712-37676985	inclusion	TRUE	FALSE	0.00238901437758503	0.00180650854802436	0.00274798521339192	0.0941476665367561	0.00827844781176394	0.691558581203177	0.49077044161541	0.681547681475713	-0.00480879864205537	0.724659214924882	-0.00385417842517663	0.983234759464368
LIMA1	FALSE	FALSE	chr12	-	alternative 3' splice site	50192562	50192564	3	coding exon	protein_coding	chr12:50192565-50195829	chr12:50192562-50195829	inclusion	TRUE	FALSE	0.161983403947799	0.157101725871594	0.171489186286768	1.43874604151738	0.0240565875413052	0.784504549560617	0.434544680976359	0.625428040626574	0.0275795864037796	0.272819710231876	0.038127412224924	0.283277700446563
LMO7	FALSE	FALSE	chr13	+	alternative 3' splice site	75835152	75835232	81	coding exon	processed_transcript;protein_coding	chr13:75834388-75835151	chr13:75834388-75835232	skipping	TRUE	FALSE	0.485684786035147	0.477650831781875	0.50717494079834	2.95241090164647	0.114800673943827	2.485724260406	0.0145374803656969	0.0506059065749593	-0.0182534904365292	0.736942848901488	0.00404520701894797	1
LMO7	FALSE	FALSE	chr13	+	unannotated splice site	75821610	75823139	1530	not an annotated exon	""	chr13:75823140-75823564	chr13:75821610-75823564	inclusion	FALSE	FALSE	0.112294616150461	0.137638441404642	0.0919695320188292	-4.56689093858131	-0.0928646750498253	-2.39009552869129	0.0186614537875067	0.0604453374583909	-0.00092399446964554	1	-0.0218970624010245	0.83414611106599
LMO7	FALSE	FALSE	chr13	+	cassette exon	75838140	75838196	57	coding exon	protein_coding	chr13:75836458-75838139	chr13:75836458-75840084	skipping	TRUE	TRUE	0.0886345258268644	0.101920319124846	0.0756685821461411	-2.62517369787049	-0.211359647271898	-2.21047308504481	0.0292845731521954	0.0855642897685713	0.0651379611440001	0.467803958187632	0.0299826425839958	0.983234759464368
LMO7	FALSE	FALSE	chr13	+	cassette exon	75713182	75713252	71	coding exon	processed_transcript;protein_coding	chr13:75636727-75713181	chr13:75636727-75727028	skipping	TRUE	TRUE	0.365738561427743	0.416719081005585	0.334814106369615	-8.19049746359702	-0.103800038536279	-1.398528705304	0.164958106927887	0.323542400035609	0.0171248530004596	0.869525739108476	-0.00292102044613888	1
LOXL1	FALSE	FALSE	chr15	+	cassette exon	73946417	73946554	138	coding exon	nonsense_mediated_decay;protein_coding	chr15:73942963-73946416	chr15:73942963-73947066	skipping	FALSE	TRUE	0.0376667511741215	0.030026861744886	0.0401089715269406	1.00821097820546	0.20188393388883	2.61011588769728	0.0103998340052245	0.0380730198619683	-0.0793266944956628	0.201606548611068	-0.0489481843886064	0.790958395735541
LOXL2	FALSE	FALSE	chr8	-	cassette exon	23298836	23298947	112	coding exon	protein_coding	chr8:23298123-23298835	chr8:23298123-23302026	skipping	TRUE	TRUE	0.0170326190549902	0.0140243878846038	0.019364219819279	0.533983193467519	0.156553271101164	2.9703065604034	0.00370213590404917	0.0172243012444203	-0.032311558921407	0.548359975491591	-0.00329089933214693	1
LOXL2	FALSE	FALSE	chr8	-	unannotated splice site	23328566	23328583	18	not an annotated exon	""	chr8:23328584-23333400	chr8:23328566-23333400	inclusion	TRUE	FALSE	0.0239970019726216	0.0243589201178374	0.0247861460990894	0.0427225981251989	0.103055309349988	2.15513610610715	0.0334808904726874	0.0939058558479313	0.0164984720711518	0.788449142494701	0.0426677215877549	0.568473491579471
LRRFIP1	FALSE	FALSE	chr2	+	cassette exon	237762603	237765915	3313	coding exon	protein_coding	chr2:237760206-237762602	chr2:237760206-237769942	skipping	TRUE	FALSE	0.256275366127862	0.378621666565213	0.187056079792401	-19.1565586772812	-0.396062758900083	-7.62056510964463	1.28343328273303e-11	7.39823151622888e-10	0.123597513937822	0.00147677948473481	0.0580081333546229	0.388844137308143
LRRFIP1	FALSE	FALSE	chr2	+	cassette exon	237751200	237751271	72	coding exon	protein_coding	chr2:237751272-237753308	chr2:237749325-237753308	inclusion	TRUE	TRUE	0.129845483433963	0.138004851574312	0.128820511393546	-0.918434018076625	-0.046720360661896	-0.450880844987236	0.653023191611435	0.815404772364578	0.00158227005533745	1	-0.00858633912394222	1
LSM1	FALSE	FALSE	chr8	-	cassette exon	38169802	38169917	116	coding exon	nonsense_mediated_decay;processed_transcript;protein_coding	chr8:38169918-38171964	chr8:38163841-38171964	skipping	TRUE	TRUE	0.0894168961757207	0.113426348707375	0.0834190412700804	-3.00073074372944	-0.130809396921601	-1.89941907671417	0.0603069449140026	0.148733806854622	0.0555165018715391	0.345828646836278	0.036603194014071	0.855196191594143
LSM14A	FALSE	TRUE	chr19	+	cassette exon	34226408	34226464	57	coding exon	protein_coding;retained_intron	chr19:34226465-34227364	chr19:34221739-34227364	inclusion	TRUE	FALSE	0.420541711632202	0.396573465760824	0.434466746193316	3.78932804324922	0.100628634829492	1.851638230442	0.0669422867593853	0.160784404850755	-0.0418629881016645	0.386009838227096	-0.0271554188097155	0.865330761437268
LTBP2	FALSE	FALSE	chr14	-	cassette exon	74501441	74501590	150	coding exon	nonsense_mediated_decay;protein_coding	chr14:74501030-74501440	chr14:74501030-74508829	skipping	FALSE	TRUE	0.130823464857232	0.173743783116203	0.10891744396961	-6.48263391465924	-0.113046012197397	-2.67821583113891	0.00861611812418862	0.0337129414531257	0.0603939362771004	0.0355431933292239	0.0463718043758508	0.409302684141482
LTBP2	FALSE	FALSE	chr14	-	cassette exon	74507973	74508095	123	coding exon	nonsense_mediated_decay;protein_coding	chr14:74507311-74507972	chr14:74507311-74508603	skipping	TRUE	TRUE	0.0365106494448495	0.0281561096077055	0.0406998303583842	1.25437207506787	0.160015666021496	2.24311251112574	0.0270310710082757	0.0809979493384543	-0.0176103891638691	0.863017141541745	0.014936056832371	1
LTBP2	FALSE	FALSE	chr14	-	cassette exon	74508604	74508729	126	coding exon	nonsense_mediated_decay;protein_coding	chr14:74508730-74508829	chr14:74501030-74508829	skipping	FALSE	FALSE	0.125999234874478	0.140700157359623	0.118765744066687	-2.19344132929358	-0.0524349132937032	-1.53739356139908	0.127263342629558	0.267174461903165	0.03735896870395	0.146565359571566	0.0326034230237447	0.499584556565982
LTBP2	FALSE	FALSE	chr14	-	cassette exon	74508830	74508952	123	coding exon	nonsense_mediated_decay;protein_coding	chr14:74508730-74508829	chr14:74508730-74511244	skipping	FALSE	FALSE	0.0736398585044178	0.0876225551934798	0.0672685142508134	-2.03540409426664	-0.104956134682981	-1.24136795929774	0.217289464237378	0.395399394259669	0.0677658528153376	0.343484295654107	0.0569348479108568	0.77459555409508
LTBP2	FALSE	FALSE	chr14	-	cassette exon	74510091	74510213	123	coding exon	nonsense_mediated_decay;protein_coding	chr14:74510214-74511244	chr14:74501030-74511244	skipping	FALSE	TRUE	0.0799109738966052	0.101039008798276	0.0700209574977871	-3.10180513004885	-0.0924886095241643	-1.1014205897168	0.273280842909757	0.463790879566186	0.0743972490913736	0.284306495141247	0.0675993595383574	0.661864351585469
LTBP3	FALSE	FALSE	chr11	-	cassette exon	65540245	65540382	138	coding exon	nonsense_mediated_decay;processed_transcript;protein_coding;retained_intron	chr11:65540383-65540485	chr11:65540154-65540485	skipping	FALSE	FALSE	0.0785346491310552	0.0951379379349378	0.0674366033871486	-2.77013345477892	-0.395142053559604	-3.83239517266158	0.000218566666721993	0.00181789437754093	0.14985798607735	0.0391342200676274	0.0893875847728875	0.593770447481842
LTBR	FALSE	FALSE	chr12	+	cassette exon	6388398	6388505	108	coding exon	nonsense_mediated_decay;protein_coding	chr12:6386445-6388397	chr12:6386445-6388799	skipping	TRUE	TRUE	0.118125865031815	0.148977941305567	0.101868971300737	-4.71089700048297	-0.294976341422477	-2.81988742188517	0.00576318789067339	0.0250326973386721	0.0534861965673254	0.645915822795799	-0.00257771892255743	1
LY6E	FALSE	FALSE	chr8	+	alternative 3' splice site	143020883	143020887	5	coding exon	protein_coding	chr8:143018587-143020882	chr8:143018587-143020887	skipping	TRUE	FALSE	0.187718582350935	0.192643797955982	0.182394188379953	-1.02496095760289	0.187664703721978	1.41947563523534	0.158779777812953	0.313959316477822	-0.0134391767498342	0.981124350335276	0.0260805555218651	1
LYRM2	FALSE	FALSE	chr6	-	alternative 5' splice site	89637725	89637741	17	coding exon	processed_transcript;protein_coding	chr6:89637354-89637724	chr6:89637354-89637741	inclusion	TRUE	FALSE	0.195068480978304	0.227880616963436	0.173315662012636	-5.45649549507997	-0.206165291873053	-2.94282127952436	0.0040187330583909	0.0184200958646731	0.0609999625533822	0.310264901267305	0.026233968519757	0.947283790071782
MACF1	FALSE	FALSE	chr1	+	cassette exon	39480920	39481030	111	coding exon	processed_transcript;protein_coding	chr1:39481031-39484600	chr1:39480010-39484600	inclusion	TRUE	FALSE	0.15235869600235	0.153882325410755	0.141258395695441	-1.26239297153142	-0.068937080191597	-1.16413705998383	0.24705790676362	0.427605058983751	0.0382942532254718	0.484409629793165	0.0300174559886694	0.863932451492619
MACROH2A1	FALSE	FALSE	chr5	-	cassette exon	135350823	135350913	91	coding exon	nonsense_mediated_decay;protein_coding	chr5:135346058-135350822	chr5:135346058-135352945	skipping	TRUE	FALSE	0.311706309932409	0.218026721825224	0.405815433003214	18.778871117799	0.392269979394479	6.33798716464533	6.23917932884654e-09	2.16524988749052e-07	-0.0818728428786081	0.125908713173051	-0.00932721757703208	1
MACROH2A1	FALSE	FALSE	chr5	-	cassette exon	135352946	135353045	100	coding exon	nonsense_mediated_decay;protein_coding	chr5:135353046-135360496	chr5:135350914-135360496	inclusion	TRUE	FALSE	0.313686200548027	0.250224532637953	0.371014756394242	12.0790223756289	0.296817912502224	4.40667487957209	2.57928889547271e-05	0.000284810439399438	-0.0679113185870011	0.251643441873892	-0.0141335431011427	1
MACROH2A1	FALSE	FALSE	chr5	-	alternative 3' splice site	135360605	135360607	3	coding exon	nonsense_mediated_decay;processed_transcript;protein_coding	chr5:135360608-135369405	chr5:135360605-135369405	inclusion	TRUE	FALSE	0.429181009043963	0.419821429135594	0.426453181132819	0.663175199722504	0.0446688131460773	1.29574297062668	0.197960275366199	0.369518604017807	0.0138687827295175	0.724659214924882	0.026468429583307	0.685750082706529
MAGED2	FALSE	FALSE	chrX	+	cassette exon	54809060	54809223	164	coding exon	protein_coding	chrX:54809224-54809302	chrX:54807803-54809302	skipping	TRUE	TRUE	0.259819263000859	0.268173703161034	0.238166338107679	-3.00073650533548	-0.120179046695477	-1.11933106789726	0.26560241793904	0.45324326312628	0.0548821624106965	0.635407090514777	0.0382312128399988	0.96580989741943
MAP4	FALSE	FALSE	chr3	-	other	47852939	47853039	101	not an annotated exon	""	chr3:47853040-47853162	chr3:47852939-47853162	skipping	TRUE	FALSE	0.272510089935629	0.215450382709866	0.315635695269765	10.01853125599	0.301722998112415	4.16775741542045	6.4180575060209e-05	0.000611423349523168	-0.0403405286208515	0.62666596507753	0.0196937955026689	1
MAP4	FALSE	FALSE	chr3	-	cassette exon	47918719	47918841	123	coding exon	protein_coding	chr3:47918842-47921764	chr3:47917175-47921764	skipping	TRUE	TRUE	0.0885426593143673	0.0688649742977174	0.0974004979322251	2.85355236345078	0.154043808274156	3.04702695677668	0.00293610833776061	0.0143886231364897	-0.104266150422277	0.000920849651809318	-0.0892686897972902	0.070031242102986
MAP4	FALSE	FALSE	chr3	-	alternative 5' splice site	47870813	47870857	45	coding exon	protein_coding	chr3:47869328-47870812	chr3:47869328-47870857	skipping	TRUE	FALSE	0.0919971109335104	0.0763227281040336	0.0990452136674357	2.2722485563402	0.202698316649783	3.01536969909592	0.00323243987344341	0.0155984951875324	-0.0506213175403243	0.418553547379619	-0.014690254878872	1
MAP4	FALSE	FALSE	chr3	-	cassette exon	47867246	47867338	93	coding exon	protein_coding	chr3:47857513-47867245	chr3:47857513-47870812	skipping	TRUE	FALSE	0.0810860084908622	0.072051374759211	0.0908455508058648	1.87941760466538	0.0896301339624668	1.78947526109413	0.0764771939118852	0.179145964077454	0.00482555037268655	0.983784690777205	0.0258040277664856	0.86095732319391
MAP4	FALSE	FALSE	chr3	-	cassette exon	47869212	47869327	116	coding exon	protein_coding	chr3:47869328-47870812	chr3:47857513-47870812	skipping	TRUE	FALSE	0.109100069074572	0.109475110725866	0.11375883681775	0.42837260918844	0.0532175211634809	0.972706980386605	0.3329777670762	0.530425005070799	0.0166047952257715	0.810022194117783	0.0316310642665179	0.818254984179186
MAP4K4	FALSE	FALSE	chr2	+	unannotated splice site	101867310	101867318	9	not an annotated exon	""	chr2:101867319-101869621	chr2:101867310-101869621	inclusion	TRUE	FALSE	0.113801458255711	0.0840013567188071	0.126645615993287	4.26442592744794	0.19829340205783	3.09150942027644	0.00256206382997189	0.0128899098901398	-0.0734898073751801	0.141604252558916	-0.0428235662210642	0.779717338012822
MAP4K4	FALSE	FALSE	chr2	+	cassette exon	101871494	101871685	192	coding exon	processed_transcript;protein_coding	chr2:101870416-101871493	chr2:101870416-101873646	inclusion	TRUE	TRUE	0.436350429964728	0.470906903265781	0.427313244981558	-4.35936582842224	-0.0759106045902291	-1.62359977249245	0.107517896287398	0.232761531046111	0.0151823569367032	0.798373901371683	0.00101987449864563	1
MAP4K4	FALSE	FALSE	chr2	+	alternative 5' splice site	101887238	101887261	24	coding exon	protein_coding	chr2:101887262-101887777	chr2:101887238-101887777	inclusion	TRUE	FALSE	0.294865072436069	0.288684353705648	0.298175096415947	0.949074271029876	0.0230536632426633	0.869091015338688	0.386818018194551	0.582367454572672	0.00633690046984983	0.863205297776067	0.0126860485546008	0.879197121967282
MAP4K4	FALSE	FALSE	chr2	+	cassette exon	101860825	101860986	162	coding exon	protein_coding	chr2:101859865-101860824	chr2:101859865-101864929	skipping	TRUE	TRUE		0.813076155162196	0.847392446138321	3.43162909761254	-0.103825074003622	-0.853954408374081	0.395131345121412	0.589921731675997	0.01777226210568	0.941406122136108	-0.00213033505392553	1
MAP4K4	FALSE	FALSE	chr2	+	alternative 3' splice site	101859643	101859735	93	coding exon	protein_coding	chr2:101859083-101859642	chr2:101859083-101859735	skipping	TRUE	FALSE	0.432376401443795	0.441688070508558	0.419251231803974	-2.24368387045841	-0.0135320119140009	-0.381238919058853	0.703811234075749	0.851389289008994	0.00331399203380488	0.983784690777205	0.000903011695793942	1
MAP4K4	FALSE	FALSE	chr2	+	alternative 3' splice site	101866428	101866430	3	coding exon	processed_transcript;protein_coding	chr2:101865037-101866427	chr2:101865037-101866430	skipping	TRUE	FALSE	0.163202462931487	0.162980465586039	0.158381151721611	-0.459931386442819	0.0128613117875837	0.305435928124934	0.760650567233462	0.892426276008454	-0.00331473427800597	0.993800733214574	-0.00105411894911681	1
MAP7D1	FALSE	FALSE	chr1	+	cassette exon	36174898	36175008	111	coding exon	protein_coding	chr1:36175009-36176198	chr1:36173479-36176198	skipping	TRUE	TRUE	0.409769236003792	0.344884937492724	0.460691700892859	11.5806763400135	0.166359710704682	3.98568764395854	0.000125847448007063	0.00111751219496611	-0.0386976884613913	0.297142398214828	-0.00867524668729042	1
MAP7D1	FALSE	FALSE	chr1	+	alternative 3' splice site	36179512	36179514	3	coding exon	protein_coding	chr1:36179316-36179511	chr1:36179316-36179514	inclusion	TRUE	FALSE	0.116944754195474	0.102406313026376	0.12728516057538	2.48788475490039	0.0574417152969985	0.83893597825931	0.403448068699578	0.596480782740467	0.050822919428373	0.4047453079066	0.0731967980801911	0.425255625789379
MAPK3	FALSE	FALSE	chr16	-	cassette exon	30115595	30115645	51	NMD-only exon	nonsense_mediated_decay	chr16:30115646-30116635	chr16:30114709-30116635	inclusion	TRUE	TRUE	0.153911731585991	0.245597253161843	0.0926377122051711	-15.2959540956672	-0.428008554579843	-3.53594130130727	0.000610477770906815	0.00415499096233084	0.137420647587378	0.152973851514803	0.0672619211557698	0.844122950101577
MAPKAP1	FALSE	FALSE	chr9	-	cassette exon	125506310	125506417	108	coding exon	protein_coding	chr9:125484584-125506309	chr9:125484584-125543058	skipping	TRUE	TRUE	0.357679850984178	0.387851765380148	0.341634939662196	-4.62168257179525	-0.0520871965920847	-1.35098927687323	0.179659151031169	0.343742202240697	0.0265048365943731	0.452281040878004	0.0197966048693773	0.86095732319391
MATR3	FALSE	FALSE	chr5	+	alternative 3' splice site	139325296	139325439	144	coding exon	protein_coding;retained_intron	chr5:139322968-139325295	chr5:139322968-139325439	inclusion	TRUE	FALSE	0.117588466490142	0.109496366478503	0.126260621913956	1.67642554354538	0.0151953047491986	0.333273715630258	0.739605138899131	0.879509467620959	0.00223016293648883	1	0.00605088367448522	1
MAZ	FALSE	FALSE	chr16	+	cassette exon	29809540	29809771	232	coding exon	protein_coding	chr16:29808742-29809539	chr16:29808742-29810076	inclusion	TRUE	FALSE	0.37948222525051	0.384578470122328	0.379271455892189	-0.530701423013896	-0.0377422505816986	-0.737704155466006	0.462371581230594	0.652073309501671	0.029289230568839	0.560312785880035	0.0263149371810574	0.86095732319391
MBNL1	FALSE	FALSE	chr3	+	cassette exon	152299405	152300367	963	coding exon	processed_transcript;protein_coding	chr3:152300368-152414940	chr3:152269093-152414940	skipping	TRUE	TRUE	0.145508660414513	0.212617921162896	0.0854649569501568	-12.7152964212739	-0.742437047815949	-4.96425778216616	2.74078260385941e-06	4.40083513534134e-05	0.0798385481901548	0.658211357946092	-0.0715194979302342	0.879197121967282
MBNL1	FALSE	FALSE	chr3	+	cassette exon	152446704	152446757	54	coding exon	protein_coding	chr3:152446758-152447619	chr3:152445540-152447619	inclusion	TRUE	TRUE	0.117392627221096	0.0827723371857155	0.148044279227842	6.52719420421269	0.299070895256016	4.64281963786064	1.01697666457403e-05	0.000126231300591835	-0.095630953910345	0.0407911927821504	-0.0465342793843826	0.728221025506894
MBNL1	FALSE	FALSE	chr3	+	cassette exon	152455542	152455577	36	coding exon	processed_transcript;protein_coding	chr3:152447774-152455541	chr3:152447774-152459270	skipping	TRUE	TRUE	0.122803343491124	0.170521780275024	0.0902641943623878	-8.02575859126358	-0.32716636330953	-4.17085455583844	6.34393085492054e-05	0.000609483300496745	0.0672249075115279	0.345828646836278	0.00652114976186415	1
MBNL1	FALSE	FALSE	chr3	+	cassette exon	152456267	152456361	95	coding exon	protein_coding	chr3:152456362-152459270	chr3:152447774-152459270	skipping	TRUE	TRUE	0.0885114064617868	0.118230275278889	0.0642765867509688	-5.39536885279198	-0.300312771056776	-3.98001219041908	0.000128477611584177	0.00113789676301507	0.0592199840542011	0.411254892222859	0.00303345862539346	1
MEAF6	FALSE	FALSE	chr1	-	cassette exon	37496547	37496604	58	coding exon	processed_transcript;protein_coding	chr1:37496605-37501803	chr1:37495919-37501803	inclusion	TRUE	FALSE	0.140682323033323	0.129411448105434	0.161368508211998	3.19570601065644	0.0911805840167487	1.03968222200746	0.300921981893197	0.497650733319173	0.0270726536361083	0.801972247284422	0.0525603501792337	0.801020692772742
METAP2	FALSE	FALSE	chr12	+	alternative 3' splice site	95476071	95476073	3	coding exon	nonsense_mediated_decay;protein_coding;retained_intron	chr12:95474331-95476070	chr12:95474331-95476073	skipping	TRUE	FALSE	0.142001023335101	0.143523811012156	0.14301582883643	-0.0507982175726174	0.126230081440098	1.32426013472628	0.18834773871573	0.355872588540111	-0.0475967241481295	0.645567265457208	-0.0282274940858344	0.989489116931456
METTL26	FALSE	FALSE	chr16	-	cassette exon	634889	634956	68	coding exon	nonsense_mediated_decay;protein_coding	chr16:634957-635280	chr16:634798-635280	inclusion	TRUE	TRUE		0.782237611807449	0.793313600824162	1.10759890167136	0.0514541530004869	0.477235596779892	0.634215340740133	0.802442847417111	-0.0573837124660524	0.607467752842146	-0.0566113302452847	0.855196191594143
METTL9	FALSE	FALSE	chr16	+	other	21655227	21655229	3	not an annotated exon	""	chr16:21625116-21655226	chr16:21625116-21655229	skipping	TRUE	FALSE	0.39554269537813	0.427184322429931	0.380307567149097	-4.68767552808336	-0.0383375093745924	-1.5885372036293	0.115229955899872	0.245703498442298	0.0222553476139998	0.266514004109091	0.0178318411558927	0.719163563139003
MFAP2	FALSE	FALSE	chr1	-	alternative 3' splice site	16977196	16977198	3	coding exon	processed_transcript;protein_coding	chr1:16977199-16978236	chr1:16977196-16978236	inclusion	TRUE	FALSE		0.864695324230772	0.879730793521381	1.50354692906087	0.136110552601891	1.16975638253339	0.244852035504005	0.424435154306382	0.0711683541444658	0.516610862194275	0.114241144486418	0.482705558022424
MFAP5	FALSE	FALSE	chr12	-	cassette exon	8651662	8651691	30	coding exon	nonsense_mediated_decay;processed_transcript;protein_coding;retained_intron	chr12:8651692-8654436	chr12:8650590-8654436	skipping	TRUE	TRUE	0.315046568482399	0.243659793739449	0.345288639563713	10.1628845824264	0.236536265672191	3.79778689353254	0.000247097304217617	0.00199614710604303	-0.0908699955652639	0.0385427112972637	-0.0548894121459777	0.580010609871179
MFAP5	FALSE	FALSE	chr12	-	cassette exon	8662047	8662106	60	coding exon	nonsense_mediated_decay;processed_transcript;protein_coding;retained_intron	chr12:8662107-8662626	chr12:8660899-8662626	skipping	FALSE	TRUE	0.0253650472617352	0.0151247229642362	0.0294583238864735	1.43336009222373	0.261700053491757	3.12148272516279	0.0023354995740901	0.0119804435165617	-0.0742215890194279	0.306258673303413	-0.0294901675293922	0.967495893884277
MFAP5	FALSE	FALSE	chr12	-	cassette exon	8648487	8648555	69	NMD-only exon	nonsense_mediated_decay	chr12:8648556-8649500	chr12:8648204-8649500	inclusion	TRUE	TRUE	0.0491590340131103	0.0411474790822673	0.0584993100865265	1.73518310042592	0.0245680426635918	0.362803745258843	0.717494927247896	0.861044547484154	0.0402264305054148	0.540903766869024	0.0532547601113776	0.685750082706529
MFF	FALSE	FALSE	chr2	+	cassette exon	227352514	227352573	60	coding exon	protein_coding;retained_intron	chr2:227352574-227355676	chr2:227340381-227355676	skipping	TRUE	FALSE	0.229665654651402	0.211902094381535	0.274669426032934	6.2767331651399	0.0817389754292451	1.24520542033851	0.215881695404026	0.393747470442382	-0.00653052926623625	0.981644904845569	0.0105559818560013	1
MFF	FALSE	FALSE	chr2	+	cassette exon	227342745	227342819	75	coding exon	processed_transcript;protein_coding	chr2:227340381-227342744	chr2:227340381-227347225	inclusion	TRUE	FALSE	0.219293039021008	0.208958677244914	0.225911857874164	1.69531806292491	0.0439883405955977	0.591715660742949	0.555337534757112	0.742122968844377	0.0146205223934273	0.895916087472835	0.0272083881619366	0.954354195671919
MFF	FALSE	FALSE	chr2	+	cassette exon	227347226	227347384	159	coding exon	protein_coding	chr2:227340381-227347225	chr2:227340381-227355676	skipping	TRUE	FALSE	0.272628793463765	0.264931520383532	0.308983508238501	4.40519878549695	0.0471083605585637	0.579663032731343	0.563407642465049	0.747911550360513	0.0345308131257435	0.7016274742757	0.0515422905622059	0.790958395735541
MFGE8	FALSE	FALSE	chr15	-	cassette exon	88899656	88899811	156	coding exon	nonsense_mediated_decay;protein_coding;retained_intron	chr15:88899533-88899655	chr15:88899533-88901550	skipping	TRUE	TRUE	0.127718584107879	0.125766259272889	0.13096153779997	0.519527852708066	0.0464806490849536	0.935867478489374	0.351530478699887	0.550186451016253	-0.00248889873901922	1	0.00745640860511882	1
MICAL2	FALSE	FALSE	chr11	+	cassette exon	12249184	12249246	63	coding exon	processed_transcript;protein_coding	chr11:12249247-12256784	chr11:12239586-12256784	inclusion	TRUE	TRUE	0.261758407133164	0.263922759446578	0.257549379905633	-0.637337954094491	-0.08124497975205	-1.5053737027211	0.135288570600235	0.279307371959592	0.0280780576879509	0.626913037754793	0.0151332617076089	1
MMRN2	FALSE	FALSE	chr10	+	unannotated splice site	86970200	86970475	276	not an annotated exon	""	chr10:86968606-86970199	chr10:86968606-86970475	skipping	TRUE	FALSE	0.132907927058586	0.139422202965419	0.135868783705772	-0.355341925964686	0.0902973113658822	1.27448755859057	0.205358512904206	0.379166287940936	-0.0367356177031595	0.626913037754793	-0.0233828823358468	0.980954039261069
MORF4L1	FALSE	FALSE	chr15	+	cassette exon	78884967	78885083	117	coding exon	protein_coding	chr15:78880580-78884966	chr15:78880580-78886140	inclusion	TRUE	TRUE	0.0660757612271746	0.0707353270988091	0.065435313791059	-0.530001330775008	-0.041064099085614	-1.10340694938107	0.272421752343372	0.463067134130206	0.0338283229364009	0.268661481983372	0.0309591525700534	0.628787243625167
MORF4L2	FALSE	FALSE	chrX	-	cassette exon	103684681	103684729	49	coding exon	protein_coding	chrX:103684730-103685170	chrX:103678601-103685170	inclusion	TRUE	TRUE	0.279280606013422	0.237702683385345	0.300936958385899	6.3234275000554	0.161240154719256	4.3503835160009	3.2061723072795e-05	0.00034182420116168	-0.0819806514164943	0.000661403877590181	-0.061202197728789	0.0963461781022394
MORF4L2	FALSE	FALSE	chrX	-	alternative 3' splice site	103678601	103678651	51	coding exon	processed_transcript;protein_coding	chrX:103678652-103685170	chrX:103678601-103685170	inclusion	TRUE	FALSE	0.143815904977591	0.146798993889941	0.146506675868439	-0.0292318021502702	-0.085831521265237	-2.58640800951704	0.0110950717293985	0.0401002539337771	0.0331214019389171	0.220527953217602	0.0200927922993385	0.801020692772742
MORF4L2	FALSE	FALSE	chrX	-	alternative 3' splice site	103678601	103678651	51	coding exon	processed_transcript;protein_coding	chrX:103678652-103684680	chrX:103678601-103684680	inclusion	TRUE	FALSE	0.282399195825456	0.263719121207387	0.30110190276671	3.7382781559323	-0.029888323529657	-0.461933743406107	0.645103031959995	0.807803907104544	0.0170951845727148	0.844189346103293	0.013598808392831	1
MORF4L2	FALSE	FALSE	chrX	-	alternative 3' splice site	103678601	103678620	20	coding exon	protein_coding	chrX:103678621-103685170	chrX:103678601-103685170	inclusion	TRUE	FALSE	0.0509177587599553	0.0471342934213289	0.0510718733949529	0.393757997362398	0.00937391844047917	0.232440351956663	0.8166572413662	0.929398834576988	-0.000216973957161923	1	0.00184204350358545	1
MPRIP	FALSE	FALSE	chr17	+	cassette exon	17164109	17167915	3807	coding exon	protein_coding	chr17:17167916-17171717	chr17:17161357-17171717	inclusion	TRUE	FALSE		0.163693815671543	0.0713822938978997	-9.23115217736436	-0.113508572544284	-0.871154388581527	0.385798945152101	0.581725546066663	0.0298870313562023	0.865357879812485	0.0104394936621662	1
MRPL11	FALSE	FALSE	chr11	-	alternative 5' splice site	66438632	66438709	78	coding exon	protein_coding	chr11:66438260-66438631	chr11:66438260-66438709	skipping	TRUE	FALSE		0.363451235153351	0.21321075225783	-15.024048289552	-0.383257080500551	-2.12098287873154	0.0363471674296633	0.0991312882343904	-0.0428284230744175	0.865357879812485	-0.136873608509718	0.687935454745823
MRPL18	FALSE	FALSE	chr6	+	cassette exon	159790467	159790639	173	coding exon	protein_coding	chr6:159790640-159790939	chr6:159790061-159790939	inclusion	TRUE	FALSE		0.923292326482378	0.852438063752998	-7.08542627293805	-0.410572357270199	-4.10359465651374	8.25672544400682e-05	0.000775721636327824	0.0481205600422789	0.686653973959783	-0.0346766622882805	0.970467838347115
MRPL33	FALSE	FALSE	chr2	+	cassette exon	27774424	27774530	107	coding exon	processed_transcript;protein_coding	chr2:27774531-27779432	chr2:27772693-27779432	skipping	TRUE	TRUE	0.282945746227572	0.277765539157844	0.272144649999555	-0.562088915828996	-0.0735611504281749	-1.06547807250073	0.289150911738022	0.482532998440144	0.030797221791002	0.689289910634612	0.0200821769748176	0.997350345140798
MRPS22	FALSE	FALSE	chr3	+	alternative 3' splice site	139346878	139346880	3	coding exon	nonsense_mediated_decay;protein_coding;retained_intron	chr3:139344199-139346877	chr3:139344199-139346880	skipping	TRUE	FALSE		0.148300885761129	0.123682989562051	-2.46178961990772	0.125168375037718	0.99786241960335	0.320730773045331	0.518936897776961	-0.064170437870662	0.631919423855584	-0.0483036449067858	0.944113575193574
MRPS6	FALSE	FALSE	chr21	+	unannotated splice site	34094863	34125340	30478	not an annotated exon	""	chr21:34073746-34094862	chr21:34073746-34125340	skipping	TRUE	FALSE		0.838872963901531	0.883562613156116	4.4689649254585	-0.114988960476223	-0.744613673345321	0.458234353398763	0.647467817162108	0.0500897397594026	0.793030961044261	0.0338555741657893	1
MSANTD3	FALSE	FALSE	chr9	+	unannotated splice site	100450557	100498764	48208	not an annotated exon	""	chr9:100442357-100450556	chr9:100442357-100498764	skipping	TRUE	FALSE	0.131864839503449	0.105721807613685	0.14371281446099	3.79910068473055	0.341970462644229	2.56585004096808	0.0117315517487864	0.0420432112725213	-0.0990147893497309	0.418553547379619	-0.0409423357184654	0.983234759464368
MTCH1	FALSE	FALSE	chr6	-	cassette exon	36972652	36972676	25	non-coding annotation only	processed_transcript	chr6:36970695-36972651	chr6:36970695-36972702	inclusion	TRUE	FALSE	0.420837128472212	0.423007580499026	0.413023204290403	-0.998437620862264	-0.0117784677634051	-0.582357326606416	0.561598648224711	0.74651957708879	-0.013509863184297	0.467803958187632	-0.0186754503054633	0.531656996651018
MTHFD1L	FALSE	FALSE	chr6	+	cassette exon	150898860	150899021	162	coding exon	protein_coding	chr6:150887982-150898859	chr6:150887982-150905649	inclusion	TRUE	FALSE	0.20434750252869	0.213715406996118	0.203903753250977	-0.981165374514109	0.0309336809101948	0.383240306995853	0.702331426998557	0.850348587832714	0.0595447293544665	0.404856144971538	0.0776128888151068	0.499584556565982
MXRA7	FALSE	FALSE	chr17	-	cassette exon	76683847	76683927	81	coding exon	protein_coding	chr17:76683928-76685071	chr17:76677703-76685071	inclusion	TRUE	TRUE	0.253945277296509	0.211094060931758	0.286667457245924	7.5573396314166	0.267484301685336	4.63865493876382	1.0340607961923e-05	0.000126961760572203	-0.0603587474922513	0.229566343614231	-0.01173831417049	1
MXRA7	FALSE	FALSE	chr17	-	cassette exon	76679566	76680879	1314	coding exon	protein_coding	chr17:76680880-76685071	chr17:76677703-76685071	inclusion	TRUE	FALSE	0.228454355587096	0.192814231816348	0.248906067120697	5.60918353043491	0.072352847997814	0.721067813399535	0.47250129008454	0.662659608762977	0.0521088374516262	0.624365915862068	0.0780631394004177	0.685750082706529
MXRA8	FALSE	FALSE	chr1	-	cassette exon	1353439	1353629	191	non-coding annotation only	retained_intron	chr1:1353630-1353847	chr1:1353333-1353847	skipping	TRUE	FALSE	0.0607543733820469	0.0570687225361477	0.0638896441988079	0.682092166266015	-0.00386864286227606	-0.0656173083330324	0.947809699461548	1	-0.00168249514066763	1	-0.00286376734081883	1
MYL12A	FALSE	FALSE	chr18	+	cassette exon	3249361	3249443	83	coding exon	protein_coding	chr18:3249444-3253232	chr18:3247910-3253232	inclusion	TRUE	FALSE	0.0137383142641803	0.012128036214302	0.0152797103640629	0.315167414976095	0.184723148896091	3.13099230391258	0.00226760176028713	0.0117742192163917	-0.07369621800365	0.0907134195738417	-0.0461081124179959	0.685750082706529
MYL6	FALSE	FALSE	chr12	+	unannotated splice site	56155199	56159730	4532	not an annotated exon	""	chr12:56159731-56159974	chr12:56155199-56159974	skipping	TRUE	TRUE	0.310487270252944	0.362490320397924	0.28242562611562	-8.00646942823042	-0.0840970439779704	-4.28955170770904	4.04823553414072e-05	0.000413454926474852	0.0270977305352597	0.0636307163522027	0.0133307199515991	0.763742089132858
MYL6	FALSE	FALSE	chr12	+	cassette exon	56160626	56160670	45	coding exon	protein_coding;retained_intron	chr12:56160671-56161386	chr12:56160321-56161386	skipping	TRUE	TRUE	0.14880313977548	0.132156546257883	0.155428151441738	2.3271605183855	0.151621262975473	2.97400746387378	0.00366130891590202	0.0171280765102927	-0.0647670338530633	0.0817007279998681	-0.0429227700860993	0.618142836076918
MYL6	FALSE	FALSE	chr12	+	cassette exon	56160626	56160945	320	coding exon	protein_coding	chr12:56160321-56160625	chr12:56160321-56162263	skipping	TRUE	FALSE	0.00265399070515037	0.00350790766108444	0.00195408685552156	-0.155382080556288	-0.00455441729244084	-0.763036862927936	0.447185498487046	0.63872306023177	0.000188165539835438	1	-0.000796749804763278	1
MYL6	FALSE	FALSE	chr12	+	cassette exon	56159587	56159730	144	coding exon	processed_transcript;protein_coding;retained_intron	chr12:56159731-56159974	chr12:56158712-56159974	skipping	TRUE	FALSE	0.00173350949218336	0.00122939859860813	0.00216973603368707	0.0940337435078938	-0.000780836329261844	-0.167351389546326	0.867421697340539	0.96692926668475	0.000253043899794911	1	0.000125487932262973	1
MYL6B	FALSE	FALSE	chr12	+	unannotated splice site	56155419	56159974	4556	not an annotated exon	""	chr12:56155199-56155418	chr12:56155199-56159974	inclusion	TRUE	FALSE	0.0462055324813217	0.035191095708015	0.048683710690841	1.3492614982826	0.194276096902325	4.65190791579951	9.80639603207069e-06	0.000122616003327472	-0.0634217208223721	0.0359156853889359	-0.0317717748323883	0.687935454745823
MYL6B	FALSE	FALSE	chr12	+	unannotated splice site	56159587	56159974	388	not an annotated exon	""	chr12:56158712-56159586	chr12:56158712-56159974	skipping	TRUE	FALSE	0.00692338390465934	0.00536163615106726	0.00828694396063501	0.292530780956775	0.0736694345514146	1.80811972143354	0.0735060349858233	0.173848417932397	0.0147953765682361	0.767663771811897	0.0340640462604825	0.621637841725645
MYL9	FALSE	FALSE	chr20	+	cassette exon	36548032	36548193	162	coding exon	protein_coding	chr20:36548194-36549076	chr20:36545069-36549076	skipping	TRUE	TRUE	0.091345199852699	0.0890294385975654	0.0922275121194992	0.319807352193385	0.115677646945523	3.17655473371794	0.00196701172737296	0.0104365162009289	-0.0510843068775605	0.0436546869529747	-0.0347311040731651	0.501962193080131
MYL9	FALSE	FALSE	chr20	+	unannotated splice site	36548032	36548126	95	not an annotated exon	""	chr20:36545069-36548031	chr20:36545069-36548126	skipping	TRUE	FALSE	0.0178299211114818	0.0162543038949806	0.0174663227752452	0.121201888026459	0.0287799450419102	0.716299501838757	0.475427372761475	0.665128957121258	0.0133113030914034	0.791643123662757	0.022247804259925	0.846209634779681
MYLK	FALSE	FALSE	chr3	-	alternative 3' splice site	123618768	123618770	3	coding exon	nonsense_mediated_decay;processed_transcript;protein_coding;retained_intron	chr3:123618771-123620206	chr3:123618768-123620206	skipping	TRUE	FALSE	0.116812836056112	0.109884915321304	0.1195913773006	0.970646197929556	-0.024373276947847	-0.469117456632665	0.639977152427262	0.804941677294792	0.0057890921267672	0.971905873218505	0.00141287771328166	1
MYO1B	FALSE	FALSE	chr2	+	cassette exon	191400749	191400835	87	coding exon	protein_coding	chr2:191400469-191400748	chr2:191400469-191408114	inclusion	TRUE	TRUE	0.158819649989283	0.113868059790405	0.193197025119394	7.93289653289895	0.337448699283814	7.32767855997862	5.43513396576e-11	2.75893889814176e-09	-0.0944553925690437	0.00718701496315975	-0.03654277923452	0.674991735339203
MYO1B	FALSE	FALSE	chr2	+	cassette exon	191402632	191402718	87	coding exon	protein_coding	chr2:191402719-191408114	chr2:191400469-191408114	inclusion	TRUE	TRUE	0.351912596452054	0.321779528210734	0.386861500309774	6.50819720990398	0.0884808630531615	2.00042476822807	0.0480862385355803	0.123707486580566	0.00946843879280065	0.882353636133277	0.0310580799596896	0.748927830086642
MYO9B	FALSE	FALSE	chr19	+	alternative 3' splice site	17202842	17202844	3	coding exon	protein_coding	chr19:17202304-17202841	chr19:17202304-17202844	skipping	TRUE	FALSE	0.434418882466031	0.454075522850331	0.427080480863691	-2.69950419866397	0.0349027960880817	0.332484798259881	0.740198931998433	0.879600477891919	-0.0148815355058581	0.944599360963861	-0.00984787231341947	1
MZT2B	FALSE	FALSE	chr2	+	cassette exon	130182627	130182775	149	coding exon	protein_coding	chr2:130182776-130190468	chr2:130182453-130190468	inclusion	TRUE	FALSE		0.949665955561648	0.96064447885635	1.09785232947023	-0.0391952729364269	-0.430253330948812	0.667937192432068	0.8237367987446	-0.051943292452114	0.555667810583822	-0.0702953778838172	0.685750082706529
NAA38	FALSE	FALSE	chr17	-	cassette exon	7857383	7857562	180	coding exon	protein_coding	chr17:7857199-7857382	chr17:7857199-7883234	skipping	TRUE	FALSE	0.323072404977451	0.432068510649252	0.251760439662997	-18.0308070986255	-0.473505226943524	-5.60469255200982	1.7536376257453e-07	4.05722555453045e-06	0.0653023892760098	0.455741087970464	-0.0285386052069457	0.97654520506004
NAA38	FALSE	FALSE	chr17	-	alternative 5' splice site	7856985	7857014	30	coding exon	protein_coding	chr17:7856844-7856984	chr17:7856844-7857014	inclusion	TRUE	FALSE	0.111948978999719	0.0897027658564659	0.127077576696223	3.73748108397574	0.160373112722568	2.16116587974246	0.0329996107993163	0.0935263969403956	-0.0172149968676427	0.8705043106488	0.0154854806894538	1
NAA50	FALSE	FALSE	chr3	-	alternative 3' splice site	113724093	113724095	3	coding exon	protein_coding	chr3:113724096-113745941	chr3:113724093-113745941	inclusion	TRUE	FALSE		0.691205595177778	0.67807953746698	-1.31260577107979	-0.162583419297726	-1.10084283875477	0.273556161249565	0.463790879566186	0.0336051779268547	0.8705043106488	0.00350217603177926	1
NACA	FALSE	FALSE	chr12	-	cassette exon	56724962	56725256	295	coding exon	protein_coding	chr12:56724524-56724961	chr12:56724524-56725262	inclusion	TRUE	FALSE	0.381686422271543	0.442755953801905	0.353984664926925	-8.87712888749801	-0.128443091300402	-1.69904787826797	0.0923287103170892	0.20713056978128	0.00264945438784406	1	-0.0256240988436981	0.975998954946361
NAP1L1	FALSE	FALSE	chr12	-	alternative 5' splice site	76048393	76048420	28	coding exon	nonsense_mediated_decay;protein_coding;retained_intron	chr12:76047719-76048392	chr12:76047719-76048420	skipping	TRUE	FALSE	0.322461210763451	0.302586998467526	0.33502278007536	3.24357816078348	0.0646794287993152	2.59601807232068	0.0108083565664596	0.0394835882733932	-0.0100611085286059	0.72977551125966	0.00254384209849746	1
NAP1L1	FALSE	FALSE	chr12	-	cassette exon	76067371	76067570	200	coding exon	protein_coding	chr12:76060280-76067370	chr12:76060280-76074202	skipping	TRUE	FALSE	0.0591734203690372	0.0470777307368931	0.0684686013307025	2.13908705938095	0.109291905272009	2.18186178752892	0.031393140714418	0.090099638455473	-0.0188574862608869	0.755102806883977	0.00209434038959238	1
NAP1L1	FALSE	FALSE	chr12	-	cassette exon	76068909	76068994	86	coding exon	protein_coding	chr12:76068995-76074202	chr12:76060280-76074202	inclusion	TRUE	FALSE		0.632472664695079	0.763401857620434	13.0929192925356	0.229272457261844	1.61125783829042	0.110275509297788	0.237672374601887	-0.0973190685060852	0.452281040878004	-0.0648552243427292	0.894056176820071
NAP1L1	FALSE	FALSE	chr12	-	alternative 3' splice site	76056159	76056161	3	coding exon	nonsense_mediated_decay;protein_coding	chr12:76056162-76059797	chr12:76056159-76059797	skipping	TRUE	FALSE	0.0157037199700824	0.016387669962749	0.0145826776972672	-0.180499226548177	0.00207443493556958	0.0405092083126517	0.967765584026057	1	0.0129998230901646	0.851968286160255	0.0158964440666423	0.983234759464368
NAP1L4	FALSE	FALSE	chr11	-	cassette exon	2949227	2949264	38	coding exon	processed_transcript;protein_coding;retained_intron	chr11:2949265-2951258	chr11:2945647-2951258	inclusion	TRUE	TRUE	0.0824295004856378	0.0728064432092146	0.0867704520853555	1.39640088761408	0.154106357702317	1.68327630339022	0.0953503345426273	0.212786409304118	-0.0421300832953819	0.681838806271626	-0.0154943230086542	1
NARS1	FALSE	FALSE	chr18	-	alternative 3' splice site	57620649	57620651	3	coding exon	nonsense_mediated_decay;protein_coding;retained_intron	chr18:57620652-57621707	chr18:57620649-57621707	inclusion	TRUE	FALSE		0.739347662471817	0.793401402567152	5.40537400953344	0.0472107215230583	0.420874995991189	0.674731829063876	0.827836562282195	-0.032576030567316	0.823063273377401	-0.0281270088018128	1
NAV1	FALSE	FALSE	chr1	+	cassette exon	201790554	201790577	24	coding exon	protein_coding	chr1:201790578-201790688	chr1:201789793-201790688	inclusion	TRUE	FALSE		0.136906794049297	0.106002276301354	-3.0904517747943	-0.195512755482406	-1.89689112554248	0.0606711232965167	0.14909139474816	0.021286134189783	0.889027930644747	-0.0184694014243343	1
NAV1	FALSE	FALSE	chr1	+	cassette exon	201788468	201788638	171	coding exon	nonsense_mediated_decay;processed_transcript;protein_coding	chr1:201786578-201788467	chr1:201786578-201789739	skipping	TRUE	FALSE	0.14222810427853	0.118161154214636	0.163147924914458	4.49867706998226	0.144702429086689	1.53545692268412	0.127737804791472	0.267839873055363	0.0497989602047993	0.620314310192263	0.0915262894425593	0.488994393703433
NBPF1	FALSE	FALSE	chr1	-	cassette exon	16587050	16587261	212	coding exon	protein_coding	chr1:16587262-16587724	chr1:16580957-16587724	skipping	FALSE	FALSE	0.499849261380766	0.499551971326165	0.5	0.0448028673835144	0.0020264964401316	0.546895107869737	0.585633705668891	0.765000074182841	-0.000506077528359296	0.95197078235111	-0.000146850544128474	1
NBPF1	FALSE	FALSE	chr1	-	cassette exon	16581420	16581492	73	coding exon	nonsense_mediated_decay;protein_coding	chr1:16580957-16581419	chr1:16580957-16587724	skipping	FALSE	FALSE	0.5	0.5	0.5	0	0	0	1	1	0	1	0	1
NBPF10	FALSE	FALSE	chr1	-	cassette exon	146068003	146068175	173	coding exon	protein_coding	chr1:146067289-146068002	chr1:146067289-146072728	skipping	FALSE	TRUE	0.25	0.25	0.25	0	1.33155420679478e-17	3.6454131553499e-15	0.999999999999997	1	-4.76592037454814e-18	1	-2.67504964931411e-18	1
NBPF10	FALSE	FALSE	chr1	-	cassette exon	146101855	146101906	52	coding exon	protein_coding	chr1:146101907-146112053	chr1:146097185-146112053	inclusion	FALSE	FALSE		0.25	0.25	0	0	0	1	1	0	1	0	1
NBPF10	FALSE	FALSE	chr1	-	cassette exon	146106573	146106624	52	coding exon	protein_coding	chr1:146106625-146112053	chr1:146097185-146112053	inclusion	FALSE	TRUE		0.25	0.25	0	0	0	1	1	0	1	0	1
NBPF10	FALSE	FALSE	chr1	-	cassette exon	146111281	146111332	52	coding exon	protein_coding	chr1:146111333-146112053	chr1:146097185-146112053	inclusion	FALSE	TRUE		0.25	0.25	0	0	0	1	1	0	1	0	1
NBPF10	FALSE	FALSE	chr1	-	cassette exon	146115999	146116050	52	coding exon	protein_coding	chr1:146116051-146116771	chr1:146101907-146116771	inclusion	FALSE	FALSE		0.25	0.25	0	0	0	1	1	0	1	0	1
NBPF12	FALSE	FALSE	chr1	+	cassette exon	146971183	146971394	212	coding exon	protein_coding	chr1:146971395-146972750	chr1:146965105-146972750	skipping	TRUE	FALSE	0.398475360217708	0.428906259241227	0.374074348394381	-5.48319108468465	-0.0633232158712052	-2.53873326922229	0.0126212965471053	0.0449006585321185	0.0226254305742118	0.28433422698193	0.0126747579738066	0.86229873788958
NBPF14	FALSE	FALSE	chr1	-	cassette exon	148534684	148534856	173	coding exon	protein_coding	chr1:148533970-148534683	chr1:148533970-148542553	skipping	FALSE	TRUE	0.0951387293424779	0.124121038174152	0.0779051562069846	-4.6215881967167	-0.148190234581767	-1.91922263342635	0.0577236744379823	0.143089079273745	0.0521722511175969	0.467803958187632	0.0287402766487479	0.95020865976266
NBPF14	FALSE	FALSE	chr1	-	cassette exon	148541731	148541839	109	coding exon	protein_coding	chr1:148541840-148542553	chr1:148537120-148542553	inclusion	FALSE	FALSE	0.434737255891328	0.425778697273353	0.441951717595873	1.61730203225202	0.0172976450345619	1.57155619620435	0.11912044315834	0.252416590144246	-0.00281737603601802	0.853051160491984	0.000529952091661636	1
NBPF14	FALSE	FALSE	chr1	-	cassette exon	148537011	148537119	109	coding exon	protein_coding	chr1:148537120-148542553	chr1:148533970-148542553	skipping	FALSE	FALSE	0.130525488217345	0.148442605453294	0.116096564808254	-3.23460406450403	-0.0801562138395335	-1.17367093134228	0.243233635049245	0.422275442982381	0.027766888722328	0.724121588893087	0.0150077461147127	1
NBPF14	FALSE	FALSE	chr1	-	cassette exon	148546445	148546553	109	coding exon	protein_coding	chr1:148546554-148556689	chr1:148541840-148556689	inclusion	FALSE	FALSE	0.25	0.25	0.25	0	1.33155420679478e-17	3.6454131553499e-15	0.999999999999997	1	-4.76592037454814e-18	1	-2.67504964931411e-18	1
NBPF14	FALSE	FALSE	chr1	-	cassette exon	148551153	148551261	109	coding exon	protein_coding	chr1:148551262-148556689	chr1:148541840-148556689	inclusion	FALSE	FALSE	0.25	0.25	0.25	0	1.33155420679478e-17	3.6454131553499e-15	0.999999999999997	1	-4.76592037454814e-18	1	-2.67504964931411e-18	1
NBPF14	FALSE	FALSE	chr1	-	cassette exon	148555867	148555975	109	coding exon	protein_coding	chr1:148555976-148556689	chr1:148541840-148556689	inclusion	FALSE	FALSE	0.25	0.25	0.25	0	1.33155420679478e-17	3.6454131553499e-15	0.999999999999997	1	-4.76592037454814e-18	1	-2.67504964931411e-18	1
NBPF14	FALSE	FALSE	chr1	-	cassette exon	148542554	148542726	173	coding exon	protein_coding	chr1:148541840-148542553	chr1:148541840-148556689	skipping	FALSE	FALSE	0.5	0.5	0.5	0	0	0	1	1	0	1	0	1
NBPF9	FALSE	FALSE	chr1	-	cassette exon	149075655	149075864	210	coding exon	protein_coding	chr1:149073871-149075654	chr1:149073871-149081964	skipping	FALSE	FALSE		0.573852588100868	0.762963302954533	18.9110714853665	0.336289081217408	2.16044566504269	0.0331030858903158	0.0936008707715374	-0.116853388906122	0.404856144971538	-0.0641540652490009	0.920556389031575
NBPF9	FALSE	FALSE	chr1	-	cassette exon	149080053	149080155	103	coding exon	protein_coding	chr1:149080156-149081964	chr1:149073871-149081964	inclusion	FALSE	FALSE		0.44363886284905	0.445228439768339	0.158957691928907	0.0123596961733101	0.887805030650905	0.376935979458034	0.576161467926639	-0.0102001491130697	0.393215775823863	-0.00938304516787193	0.74947494310319
NBPF9	FALSE	FALSE	chr1	-	cassette exon	149079007	149079221	215	coding exon	protein_coding	chr1:149079222-149081964	chr1:149073871-149081964	inclusion	FALSE	FALSE		0.112722274301899	0.109543120463321	-0.31791538385781	-0.0302194395457684	-0.325377743861139	0.745626094835905	0.884504481526653	0.0364572526076845	0.724121588893087	0.0363821734083545	0.925794517878951
NCOR2	FALSE	FALSE	chr12	-	cassette exon	124327409	124327633	225	coding exon	protein_coding	chr12:124327634-124330844	chr12:124326371-124330844	skipping	TRUE	FALSE	0.181905263680983	0.174993378360472	0.189184346160772	1.41909678002996	0.0819532442126355	0.851413418432595	0.396514885587142	0.590687794996795	-0.0225394251451248	0.865357879812485	-0.00839983304235547	1
NDUFA2	FALSE	FALSE	chr5	-	other	140645679	140645725	47	not an annotated exon	""	chr5:140645726-140647255	chr5:140645679-140647255	inclusion	TRUE	FALSE	0.0799379307298735	0.0590394317177063	0.0900507788217835	3.10113471040772	0.235631142229228	3.18782208976064	0.00189862837223143	0.0102495795142208	-0.118363144569338	0.0159131608292731	-0.0877286570229024	0.330176830903479
NDUFAF2	FALSE	FALSE	chr5	+	other	60945383	60945428	46	not an annotated exon	""	chr5:60945429-61073124	chr5:60945383-61073124	inclusion	TRUE	FALSE	0.118878533079246	0.0745034600853204	0.152943625063735	7.84401649784148	0.394291987533965	2.64328221954144	0.00949318669312588	0.0359136017167087	-0.0695442175554419	0.68303713083084	0.00576071963607778	1
NDUFAF3	FALSE	FALSE	chr3	+	unannotated splice site	49022876	49022877	2	not an annotated exon	""	chr3:49022769-49022875	chr3:49022769-49022877	skipping	TRUE	FALSE	0.156580988973294	0.158871986573136	0.156562278122225	-0.230970845091111	-0.0155133838136955	-0.315028757940781	0.753377141609345	0.889974178052583	0.0265631917827953	0.598806405815995	0.0280578288796067	0.829640025388377
NDUFB11	FALSE	FALSE	chrX	-	alternative 5' splice site	47142584	47142613	30	coding exon	processed_transcript;protein_coding	chrX:47142441-47142583	chrX:47142441-47142613	inclusion	TRUE	FALSE	0.224243402806279	0.203239985006094	0.22714928332456	2.39092983184657	0.06718881416498	1.75566268506913	0.0821188317484771	0.189939777543162	-0.0273036008429024	0.433440857444496	-0.0173622783788938	0.902506498809721
NDUFS5	FALSE	FALSE	chr1	+	other	39026399	39026402	4	not an annotated exon	""	chr1:39026403-39028722	chr1:39026399-39028722	inclusion	TRUE	FALSE		0.361435853149789	0.392328132349937	3.08922792001482	0.0869646001318704	0.436287077050128	0.663597976703551	0.820093284436329	0.0761741707946445	0.735577137976105	0.10872278813297	0.846266210601829
NECTIN3	FALSE	FALSE	chr3	+	cassette exon	111133635	111137560	3926	coding exon	protein_coding	chr3:111126336-111133634	chr3:111126336-111144898	skipping	TRUE	FALSE	0.14737066465448	0.162054589030601	0.152426589078267	-0.962799995233407	0.105186693502654	1.15449408666166	0.250969209952786	0.432832800735003	0.0452162606400945	0.645915822795799	0.0772353719972969	0.61550807669412
NEDD8-MDP1	FALSE	FALSE	chr14	-	unannotated splice site	24218059	24218132	74	not an annotated exon	""	chr14:24217224-24218058	chr14:24217224-24218132	inclusion	TRUE	FALSE	0.0171925078940471	0.0142234095362115	0.0197049815737892	0.548157203757771	0.138541173031491	2.46446134219853	0.0153765485905045	0.0528031809681648	-0.0326105382779058	0.568868011921804	-0.00768023437781653	1
NEK7	FALSE	FALSE	chr1	+	cassette exon	198277961	198278069	109	coding exon	protein_coding	chr1:198264236-198277960	chr1:198264236-198319411	skipping	TRUE	FALSE	0.0418598687205557	0.0318324575595356	0.0362168668262823	0.438440926674677	0.117732885484942	1.5920824334454	0.114430649397903	0.244612594973142	-0.0777777099598079	0.171518311767429	-0.0659579142223807	0.568473491579471
NEK7	FALSE	FALSE	chr1	+	cassette exon	198297127	198297240	114	coding exon	protein_coding;retained_intron	chr1:198297241-198319411	chr1:198264236-198319411	skipping	TRUE	FALSE	0.0292661858047271	0.027828373101491	0.0253291746512827	-0.249919845020837	-0.0237761230370862	-0.372521826595242	0.710269785253208	0.856052682343062	0.000225537086643405	1	-0.00505774296509022	1
NELFE	FALSE	FALSE	chr6	-	alternative 3' splice site	31954878	31954892	15	coding exon	protein_coding;retained_intron	chr6:31954893-31955058	chr6:31954878-31955058	skipping	TRUE	FALSE	0.195487383987966	0.201884547871815	0.195770797873326	-0.611374999848949	0.142565765622538	1.97016472401254	0.0515040966750868	0.130622992387748	-0.089141926932799	0.0842536324072403	-0.0738859560478906	0.474131077937937
NFE2L1	FALSE	FALSE	chr17	+	cassette exon	48048773	48048864	92	coding exon	protein_coding	chr17:48048865-48050606	chr17:48048463-48050606	inclusion	TRUE	FALSE		0.677075078357947	0.416765906413958	-26.0309171943989	-0.537188288650132	-5.43612680961198	3.98906980855466e-07	8.42660026018286e-06	0.0888986116964365	0.343484295654107	-0.012897921390087	1
NFE2L1	FALSE	FALSE	chr17	+	cassette exon	48057032	48057121	90	coding exon	protein_coding	chr17:48057122-48057343	chr17:48056599-48057343	skipping	TRUE	TRUE	0.487675907903903	0.462745099169305	0.523548243574903	6.0803144405598	0.0567666874840054	1.60659054172315	0.111205687150746	0.239222354206	0.0173599193978292	0.651982018806467	0.0333224122965778	0.517869765463628
NFE2L1	FALSE	FALSE	chr17	+	alternative 3' splice site	48056386	48056418	33	coding exon	protein_coding	chr17:48051629-48056385	chr17:48051629-48056418	skipping	TRUE	FALSE	0.056569411253105	0.0571179067066188	0.0560135670628709	-0.110433964374785	0.110827614544302	1.41593745732649	0.159810711114202	0.3154476079509	-0.0461000405491391	0.549633883024578	-0.0299007213465341	0.945406621275832
NFIX	FALSE	FALSE	chr19	+	cassette exon	13078613	13078735	123	coding exon	nonsense_mediated_decay;protein_coding	chr19:13078736-13081679	chr19:13075672-13081679	inclusion	TRUE	FALSE		0.781105229296975	0.770180053601757	-1.09251756952186	-0.0689228162951944	-0.787797771399236	0.432659975686406	0.623771334171034	-0.0226495573831206	0.849838221698759	-0.0422941407868995	0.875851163913888
NIPSNAP3A	FALSE	FALSE	chr9	+	unannotated splice site	104759262	104772996	13735	not an annotated exon	""	chr9:104759172-104759261	chr9:104759172-104772996	skipping	FALSE	FALSE	0.306028559647512	0.327951798067379	0.314978537340593	-1.29732607267859	-0.0631013697656119	-0.86821919184424	0.38729278005086	0.582566450664739	0.0709633822827285	0.217717290822736	0.0701053657787114	0.498821267950974
NKIRAS1	FALSE	FALSE	chr3	+	unannotated splice site	23917240	23917295	56	not an annotated exon	""	chr3:23917296-23917849	chr3:23917240-23917849	inclusion	TRUE	FALSE	0.32242418746777	0.269666496927232	0.371611286620809	10.1944789693577	0.234148360734337	3.50165003848493	0.000685060711794188	0.00457738994265626	-0.0855991755868067	0.0842536324072403	-0.0491673905351647	0.719163563139003
NME1	FALSE	FALSE	chr17	+	unannotated splice site	51161728	51166826	5099	not an annotated exon	""	chr17:51161273-51161727	chr17:51161273-51166826	skipping	TRUE	FALSE	0.0389388324420678	0.0515022936263465	0.0294031525342005	-2.2099141092146	-0.200325972042513	-3.24803674882332	0.00156923354771825	0.00890978847377259	0.0488039252332112	0.389349900097263	0.0130642359271163	1
NME1	FALSE	FALSE	chr17	+	unannotated splice site	51161160	51169936	8777	not an annotated exon	""	chr17:51160082-51161159	chr17:51160082-51169936	skipping	FALSE	FALSE	0.0616213861580157	0.0575316992878916	0.0626099402955772	0.507824100768556	0.0302215899116219	0.63380331288969	0.527614181484894	0.717101805735655	-0.0311860849576879	0.475628551183765	-0.0302511595172632	0.790958395735541
NME1-NME2	FALSE	FALSE	chr17	+	cassette exon	51168242	51168343	102	coding exon	protein_coding	chr17:51168344-51169936	chr17:51160082-51169936	skipping	FALSE	FALSE	0.017317561126443	0.0142143507659571	0.0190941167992787	0.487976603332152	0.138220937739563	3.0509957430618	0.00290078646565727	0.0142979344488412	-0.0472314037617565	0.198209236350452	-0.0251080693704078	0.846209634779681
NME1-NME2	FALSE	FALSE	chr17	+	unannotated splice site	51161273	51166497	5225	not an annotated exon	""	chr17:51166498-51166826	chr17:51161273-51166826	inclusion	TRUE	FALSE		0.806011977347315	0.947656427484586	14.1644450137272	0.319406270837187	2.15613296921599	0.0334239168458288	0.0939058558479313	-0.0349476376436127	0.865357879812485	0.0294098046050868	1
NOMO1	FALSE	FALSE	chr16	+	unannotated splice site	14724524	14763643	39120	not an annotated exon	""	chr16:14763644-14951614	chr16:14724524-14951614	inclusion	FALSE	FALSE	0.304467083076027	0.311674199952433	0.298556280808521	-1.31179191439125	-0.0276905189231039	-3.42251253181322	0.000891262938817597	0.0057084468077564	0.0115735228189849	0.0407911927821504	0.00753643858744758	0.527999013694237
NOMO1	FALSE	FALSE	chr16	+	unannotated splice site	14720235	14759354	39120	not an annotated exon	""	chr16:14759355-14948929	chr16:14720235-14948929	inclusion	FALSE	FALSE	0.333333333333333	0.333333333333333	0.333333333333333	0	6.65777103397391e-18	1.82270657767495e-15	1	1	-2.38296018727407e-18	1	-1.33752482465705e-18	1
NOMO2	FALSE	FALSE	chr16	-	cassette exon	18517189	18517302	114	coding exon	protein_coding	chr16:18517303-18519228	chr16:18434768-18519228	skipping	TRUE	FALSE	0.49938318988904	0.49951006966264	0.499768754230919	0.0258684568278933	0.000645628086008521	0.173542403563226	0.862565703424534	0.963792180251737	0.000525253789385812	0.947620238317333	0.00076812761808191	1
NOMO2	FALSE	FALSE	chr16	-	cassette exon	18514342	18514483	142	coding exon	protein_coding	chr16:18514484-18515882	chr16:18431949-18515882	skipping	FALSE	FALSE	0.499965045805024	0.499896108364931	0.5	0.0103891635069076	0.00030769019844381	0.0841972231093967	0.933063055821527	1	-9.79570384709712e-05	1	-4.73649364281277e-05	1
NOMO2	FALSE	FALSE	chr16	-	cassette exon	18429010	18429120	111	coding exon	nonsense_mediated_decay;protein_coding	chr16:18426732-18429009	chr16:18426732-18511545	skipping	FALSE	FALSE	0.499894821672479	0.5	0.49979674796748	-0.0203252032520307	-0.000305555905036352	-0.0832932346605623	0.933780042672873	1	0.000165504695346117	1	0.000128027319885991	1
NOMO2	FALSE	FALSE	chr16	-	cassette exon	18509166	18509267	102	coding exon	protein_coding	chr16:18509268-18511545	chr16:18426732-18511545	skipping	FALSE	FALSE	0.499894821672479	0.5	0.49979674796748	-0.0203252032520307	-0.000305555905036352	-0.0832932346605623	0.933780042672873	1	0.000165504695346117	1	0.000128027319885991	1
NOMO2	FALSE	FALSE	chr16	-	cassette exon	18511546	18511656	111	coding exon	protein_coding	chr16:18511657-18513349	chr16:18429121-18513349	skipping	FALSE	FALSE	0.499837628622675	0.499579124579125	0.5	0.0420875420875433	0.00015499997237847	0.0418422119796778	0.966705487162768	1	-3.63952724428622e-05	1	-8.48649989514068e-06	1
NOMO2	FALSE	FALSE	chr16	-	cassette exon	18506873	18506992	120	coding exon	protein_coding	chr16:18506993-18509165	chr16:18424394-18509165	skipping	FALSE	FALSE	0.499987055686437	0.499961526623577	0.5	0.00384733764234868	9.93144582011643e-05	0.0271863748774994	0.978363686986221	1	-1.60851428250098e-05	1	3.15053890531211e-06	1
NOMO2	FALSE	FALSE	chr16	-	cassette exon	18515883	18516010	128	coding exon	protein_coding	chr16:18516011-18517188	chr16:18433476-18517188	skipping	FALSE	FALSE	0.499984221126479	0.499983980520313	0.5	0.00160194796873236	4.66097739442044e-05	0.0127596886019189	0.98984419985679	1	4.72479954993811e-06	1	1.60485528720585e-05	1
NOMO2	FALSE	FALSE	chr16	-	cassette exon	18500991	18501083	93	coding exon	protein_coding	chr16:18501084-18506872	chr16:18418485-18506872	skipping	FALSE	FALSE	0.499975930733074	0.499982916495832	0.5	0.00170835041684025	4.60990200979991e-05	0.0126192835543238	0.989955946216557	1	-1.21316383337095e-05	1	-4.07575400020978e-06	1
NOMO2	FALSE	FALSE	chr16	-	cassette exon	18434654	18434767	114	coding exon	nonsense_mediated_decay;protein_coding	chr16:18433476-18434653	chr16:18433476-18517188	skipping	FALSE	FALSE	0.499988404561749	0.499983980520313	0.5	0.00160194796873236	3.51603752616199e-05	0.00962544791536231	0.992338740973295	1	-3.46051027820827e-07	1	7.46457479461501e-06	1
NOMO2	FALSE	FALSE	chr16	-	cassette exon	18424274	18424393	120	coding exon	nonsense_mediated_decay;protein_coding	chr16:18418485-18424273	chr16:18418485-18506872	skipping	FALSE	FALSE	0.5	0.5	0.5	0	0	0	1	1	0	1	0	1
NOMO2	FALSE	FALSE	chr16	-	cassette exon	18426630	18426731	102	coding exon	nonsense_mediated_decay;protein_coding	chr16:18424394-18426629	chr16:18424394-18509165	skipping	FALSE	FALSE	0.5	0.5	0.5	0	0	0	1	1	0	1	0	1
NOMO2	FALSE	FALSE	chr16	-	cassette exon	18430815	18430898	84	coding exon	nonsense_mediated_decay;protein_coding	chr16:18429121-18430814	chr16:18429121-18513349	skipping	FALSE	FALSE	0.5	0.5	0.5	0	0	0	1	1	0	1	0	1
NOMO2	FALSE	FALSE	chr16	-	cassette exon	18433348	18433475	128	coding exon	nonsense_mediated_decay;protein_coding	chr16:18431949-18433347	chr16:18431949-18515882	skipping	FALSE	FALSE	0.5	0.5	0.5	0	0	0	1	1	0	1	0	1
NONO	FALSE	FALSE	chrX	+	cassette exon	71284984	71285097	114	coding exon	processed_transcript;protein_coding;retained_intron	chrX:71284454-71284983	chrX:71284454-71290628	inclusion	TRUE	FALSE	0.0997092968155147	0.0955259017596203	0.0921566695654318	-0.336923219418854	0.163657034763414	1.70970474752608	0.0903315147474876	0.203455285865037	-0.0476612331286551	0.646533770003136	-0.0199210295233316	1
NOP56	FALSE	FALSE	chr20	+	cassette exon	2656111	2656214	104	non-coding annotation only	processed_transcript	chr20:2656215-2656400	chr20:2656035-2656400	inclusion	TRUE	FALSE		0.206150270135451	0.493478252244309	28.7327982108858	0.687767084466367	8.40872990986317	2.79895215834737e-13	2.44082981808703e-11	-0.219553862562616	0.000538588656533901	-0.106512479016891	0.239676000764423
NPIPA1	FALSE	FALSE	chr16	+	cassette exon	14950752	14950821	70	non-coding annotation only	processed_transcript	chr16:14950256-14950751	chr16:14950256-14951614	inclusion	TRUE	FALSE	0.318629156742385	0.247151587955489	0.37984238687189	13.2690798916401	0.225475801807031	4.8357944685035	4.6560326593329e-06	6.51652966024339e-05	-0.0909946873977823	0.00378091067385408	-0.0575147989105138	0.283277700446563
NPIPA1	FALSE	FALSE	chr16	+	unannotated splice site	14724524	14950255	225732	not an annotated exon	""	chr16:14950256-14951614	chr16:14724524-14951614	inclusion	FALSE	FALSE	0.304467083076027	0.311674199952433	0.298556280808521	-1.31179191439125	-0.0276905189231039	-3.42251253181322	0.000891262938817597	0.0057084468077564	0.0115735228189849	0.0407911927821504	0.00753643858744758	0.527999013694237
NPIPA1	FALSE	FALSE	chr16	+	unannotated splice site	14724524	14950821	226298	not an annotated exon	""	chr16:14950822-14951614	chr16:14724524-14951614	inclusion	FALSE	FALSE	0.0865987507719188	0.0649774001426999	0.104331157574437	3.93537574317375	0.218343083189773	3.38708496063141	0.00100136882035949	0.00614739234303723	-0.094278076111846	0.0353763991457753	-0.063010052760899	0.48353713966026
NPIPA1	FALSE	FALSE	chr16	+	cassette exon	14937565	14937650	86	non-coding annotation only	processed_transcript	chr16:14937651-14941811	chr16:14935398-14941811	skipping	TRUE	TRUE	0.463797293270224	0.447929347697461	0.44543444975701	-0.24948979404511	0.112123103417721	1.81246027689796	0.0728282484241001	0.172725852782681	-0.0607045859188012	0.220984483349373	-0.0469472865983727	0.687935454745823
NPIPA1	FALSE	FALSE	chr16	+	unannotated splice site	14937374	14941811	4438	not an annotated exon	""	chr16:14935398-14937373	chr16:14935398-14941811	inclusion	TRUE	FALSE	0.337305883153733	0.321153553973895	0.358883712431993	3.77301584580982	0.0599671452021573	0.871136987630072	0.385705275238617	0.581725546066663	-0.0509639608654371	0.404856144971538	-0.0470665095193353	0.763742089132858
NPIPA1	FALSE	FALSE	chr16	+	unannotated splice site	14929714	14929870	157	not an annotated exon	""	chr16:14929871-14930165	chr16:14929714-14930165	inclusion	TRUE	FALSE		0.562891422495756	0.486074014745571	-7.6817407750185	-0.0790534790325827	-0.6346804294249	0.52708626866814	0.717101805735655	0.0590747160805255	0.664166203999123	0.052499423135852	0.91701834432199
NPIPA1	FALSE	FALSE	chr16	+	unannotated splice site	14755321	14941940	186620	not an annotated exon	""	chr16:14941941-14945573	chr16:14755321-14945573	inclusion	FALSE	FALSE	0.333333333333333	0.333333333333333	0.333333333333333	0	6.65777103397391e-18	1.82270657767495e-15	1	1	-2.38296018727407e-18	1	-1.33752482465705e-18	1
NPIPA1	FALSE	FALSE	chr16	+	unannotated splice site	14720235	14945981	225747	not an annotated exon	""	chr16:14945982-14948929	chr16:14720235-14948929	inclusion	FALSE	FALSE	0.333333333333333	0.333333333333333	0.333333333333333	0	6.65777103397391e-18	1.82270657767495e-15	1	1	-2.38296018727407e-18	1	-1.33752482465705e-18	1
NPIPA2	FALSE	FALSE	chr16	+	unannotated splice site	14764140	14951614	187475	not an annotated exon	""	chr16:14763644-14764139	chr16:14763644-14951614	inclusion	FALSE	FALSE	0.318629156742385	0.247151587955489	0.37984238687189	13.2690798916401	0.225475801807031	4.8357944685035	4.6560326593329e-06	6.51652966024339e-05	-0.0909946873977823	0.00378091067385408	-0.0575147989105138	0.283277700446563
NPIPA2	FALSE	FALSE	chr16	+	unannotated splice site	14758947	14945573	186627	not an annotated exon	""	chr16:14755321-14758946	chr16:14755321-14945573	skipping	FALSE	FALSE	0.5	0.5	0.5	0	0	0	1	1	0	1	0	1
NPIPA2	FALSE	FALSE	chr16	+	unannotated splice site	14762312	14948929	186618	not an annotated exon	""	chr16:14759355-14762311	chr16:14759355-14948929	skipping	FALSE	FALSE	0.5	0.5	0.5	0	0	0	1	1	0	1	0	1
NPIPA3	FALSE	FALSE	chr16	+	unannotated splice site	14725020	14951614	226595	not an annotated exon	""	chr16:14724524-14725019	chr16:14724524-14951614	inclusion	FALSE	FALSE	0.318629156742385	0.247151587955489	0.37984238687189	13.2690798916401	0.225475801807031	4.8357944685035	4.6560326593329e-06	6.51652966024339e-05	-0.0909946873977823	0.00378091067385408	-0.0575147989105138	0.283277700446563
NPIPA3	FALSE	FALSE	chr16	+	unannotated splice site	14723192	14948929	225738	not an annotated exon	""	chr16:14720235-14723191	chr16:14720235-14948929	skipping	FALSE	FALSE	0.333333333333333	0.333333333333333	0.333333333333333	0	6.65777103397391e-18	1.82270657767495e-15	1	1	-2.38296018727407e-18	1	-1.33752482465705e-18	1
NPIPA5	FALSE	FALSE	chr16	-	cassette exon	15364876	15364932	57	coding exon	protein_coding	chr16:15364933-15365428	chr16:15364070-15365428	inclusion	TRUE	FALSE	0.272771191303093	0.215177138978728	0.321382709232897	10.6205570254169	0.202101440048657	4.42760976620692	2.37779272580274e-05	0.000265589135570054	-0.0821378756188216	0.00774627482741475	-0.0522365576650562	0.367773004099206
NPIPA5	FALSE	FALSE	chr16	-	unannotated splice site	15364863	15365428	566	not an annotated exon	""	chr16:15364070-15364862	chr16:15364070-15365428	inclusion	TRUE	FALSE	0.213344858577214	0.167397339311071	0.251427328128337	8.40299888172654	0.218343083189773	3.3870849606314	0.00100136882035949	0.00614739234303723	-0.0942780761118461	0.0353763991457753	-0.063010052760899	0.48353713966026
NPIPA7	FALSE	FALSE	chr16	+	cassette exon	16392593	16392662	70	coding exon	protein_coding	chr16:16392097-16392592	chr16:16392097-16393455	inclusion	TRUE	TRUE	0.318629156742385	0.247151587955489	0.37984238687189	13.2690798916401	0.225475801807031	4.8357944685035	4.6560326593329e-06	6.51652966024339e-05	-0.0909946873977823	0.00378091067385408	-0.0575147989105138	0.283277700446563
NPIPA8	FALSE	FALSE	chr16	-	cassette exon	18319258	18319298	41	coding exon	protein_coding	chr16:18319299-18319794	chr16:18318436-18319794	inclusion	TRUE	FALSE	0.318629156742385	0.247151587955489	0.37984238687189	13.2690798916401	0.225475801807031	4.8357944685035	4.6560326593329e-06	6.51652966024339e-05	-0.0909946873977823	0.00378091067385408	-0.0575147989105138	0.283277700446563
NPIPA8	FALSE	FALSE	chr16	-	unannotated splice site	18319229	18319794	566	not an annotated exon	""	chr16:18318436-18319228	chr16:18318436-18319794	inclusion	TRUE	FALSE	0.123028307812316	0.0935637273557245	0.14730891443153	5.37451870758051	0.218343083189773	3.3870849606314	0.00100136882035949	0.00614739234303723	-0.094278076111846	0.0353763991457753	-0.063010052760899	0.48353713966026
NPIPA9	FALSE	FALSE	chr16	-	cassette exon	18359382	18359451	70	coding exon	protein_coding	chr16:18359452-18359947	chr16:18358589-18359947	inclusion	TRUE	TRUE	0.194569746715703	0.143064938254887	0.238594963002579	9.55300247476926	0.225475801807031	4.83579446850349	4.65603265933297e-06	6.51652966024339e-05	-0.0909946873977823	0.00378091067385408	-0.0575147989105138	0.283277700446563
NPIPA9	FALSE	FALSE	chr16	-	cassette exon	18372578	18372854	277	non-coding annotation only	retained_intron	chr16:18368387-18372577	chr16:18368387-18374831	skipping	TRUE	TRUE	0.333137248916722	0.345741534935961	0.304072011915963	-4.1669523019998	0.0428352434847679	0.85540873072968	0.394310373416258	0.589214149707794	-0.034118056285753	0.454738786718127	-0.0309063804966395	0.790958395735541
NPIPA9	FALSE	FALSE	chr16	-	unannotated splice site	18368387	18372663	4277	not an annotated exon	""	chr16:18372664-18374831	chr16:18368387-18374831	inclusion	TRUE	FALSE	0.116896837533171	0.116640720889356	0.12177212160605	0.513140071669488	-0.0512107931235448	-0.846904437342906	0.399011873192836	0.592334954486615	0.0210794388494063	0.779517397761986	0.0135525351287381	1
NPIPA9	FALSE	FALSE	chr16	-	unannotated splice site	18337557	18377658	40102	not an annotated exon	""	chr16:18377659-18379154	chr16:18337557-18379154	inclusion	FALSE	FALSE		0.5	0.500080282594734	0.00802825947334718	0.00026466836257852	0.0719456045220862	0.942786080323872	1	-0.000149835854186936	1	-0.000118641085105405	1
NPIPA9	FALSE	FALSE	chr16	-	unannotated splice site	18372578	18374952	2375	not an annotated exon	""	chr16:18368387-18372577	chr16:18368387-18374952	skipping	TRUE	FALSE	0.150772473873681	0.142169102149276	0.159726073934415	1.75569717851388	-0.00553074524836505	-0.0558454465671236	0.955573115853365	1	0.0394684072012528	0.724659214924882	0.0456132779869391	0.894056176820071
NPM1	FALSE	FALSE	chr5	+	cassette exon	171400839	171400925	87	coding exon	nonsense_mediated_decay;protein_coding;retained_intron	chr5:171400926-171405301	chr5:171400211-171405301	skipping	TRUE	FALSE	0.0312985296985122	0.031461344101868	0.0305437167460959	-0.0917627355772069	0.0218222487577235	0.582205430472299	0.561700558003591	0.74651957708879	-0.0174156431567088	0.676010069228796	-0.0157858900663775	0.91701834432199
NQO1	FALSE	FALSE	chr16	-	cassette exon	69714964	69715077	114	coding exon	protein_coding	chr16:69713130-69714963	chr16:69713130-69718122	skipping	TRUE	TRUE	0.139669055510188	0.126931822185697	0.14985436993161	2.29225477459132	0.195828986901726	2.6996678762527	0.00811462687247707	0.0324257155619484	-0.0698852563290691	0.245649617166917	-0.039096672830479	0.852325246216829
NQO1	FALSE	FALSE	chr16	-	cassette exon	69713028	69713129	102	coding exon	protein_coding	chr16:69713130-69714963	chr16:69711282-69714963	skipping	TRUE	TRUE	0.072754828651105	0.0523217416152954	0.0753053758902545	2.29836342749591	0.255750006944412	2.51140065918646	0.0135789997239105	0.0479068237147506	-0.131378780613863	0.0699454990993598	-0.0986729264681849	0.491589251289279
NRP1	FALSE	FALSE	chr10	-	alternative 5' splice site	33202891	33202911	21	coding exon	protein_coding	chr10:33197710-33202890	chr10:33197710-33202911	skipping	TRUE	FALSE	0.183391866129684	0.171399412103151	0.195034018814039	2.36346067108884	0.0555400862838418	1.51607364927444	0.132563799738615	0.275243884561068	-0.024156362838299	0.475628551183765	-0.0162353910745851	0.909584769224396
NSF	FALSE	FALSE	chr17	+	unannotated splice site	46487141	46704854	217714	not an annotated exon	""	chr17:46704855-46710962	chr17:46487141-46710962	skipping	FALSE	FALSE	0.409808889578285	0.432021448784018	0.39544235363925	-3.65790951447679	-0.0390862163532213	-2.21208557433226	0.0291695070000854	0.0853747790940539	0.00691207770549364	0.737594343865282	-0.000549515055003754	1
NSF	FALSE	FALSE	chr17	+	unannotated splice site	46409134	46626712	217579	not an annotated exon	""	chr17:46626713-46630410	chr17:46409134-46630410	skipping	FALSE	FALSE	0.495327102803738	0.486111111111111	0.5	1.38888888888889	0.0538456694969504	0.986872008357441	0.326017984710876	0.523153246835165	-0.016973832709511	0.800312332292369	-0.00808869014424138	1
NSF	FALSE	FALSE	chr17	+	unannotated splice site	46476960	46694662	217703	not an annotated exon	""	chr17:46694663-46704758	chr17:46476960-46704758	skipping	FALSE	FALSE	0.49517301443741	0.486111111111111	0.5	1.38888888888889	0.0426222270222136	0.790131692087165	0.431266211388161	0.622553643858717	-0.00737514938191095	0.950249406032034	0.000791822968111103	1
NSF	FALSE	FALSE	chr17	+	unannotated splice site	46412871	46630450	217580	not an annotated exon	""	chr17:46630451-46637375	chr17:46412871-46637375	skipping	FALSE	FALSE	0.485981308411215	0.472222222222222	0.5	2.77777777777778	0.0420412245963024	0.480930938906016	0.631585615520171	0.800127179664518	0.0377206235722109	0.694106923497671	0.0541938864933944	0.790958395735541
NSF	FALSE	FALSE	chr17	+	unannotated splice site	46423142	46640718	217577	not an annotated exon	""	chr17:46640719-46643103	chr17:46423142-46643103	inclusion	FALSE	FALSE	0.5	0.5	0.5	0	0	0	1	1	0	1	0	1
NSF	FALSE	FALSE	chr17	+	unannotated splice site	46425683	46643259	217577	not an annotated exon	""	chr17:46643260-46674413	chr17:46425683-46674413	inclusion	FALSE	FALSE	0.5	0.5	0.5	0	0	0	1	1	0	1	0	1
NT5E	FALSE	FALSE	chr6	+	cassette exon	85490508	85490657	150	coding exon	protein_coding	chr6:85489600-85490507	chr6:85489600-85491976	skipping	TRUE	TRUE	0.0401166254922447	0.0215931877582261	0.0541300505084807	3.25368627502546	0.41480424487576	7.24209118558614	8.26243117295754e-11	4.04684014144471e-09	-0.0949261302883195	0.0407911927821504	-0.0197751708073024	0.970467838347115
NTMT1	FALSE	FALSE	chr9	+	cassette exon	129632650	129632865	216	coding exon	protein_coding	chr9:129632866-129634053	chr9:129626296-129634053	skipping	TRUE	TRUE	0.090518085621429	0.0607452262416122	0.105122253830507	4.43770275888947	0.376782095225292	4.30166741729266	3.86512537339108e-05	0.000395942511894671	-0.0548263498343824	0.554776835242308	0.0193100390995444	1
NTMT1	FALSE	FALSE	chr9	+	alternative 5' splice site	129634222	129634306	85	coding exon	nonsense_mediated_decay;processed_transcript;protein_coding	chr9:129634307-129635207	chr9:129634222-129635207	skipping	TRUE	FALSE	0.229477404063797	0.18099124609331	0.249339272954146	6.83480268608357	0.260197624856439	4.19331488029634	5.83044396456055e-05	0.000563333520553137	-0.0246838291129888	0.755102806883977	0.0289784960673801	0.885468003744675
NUCB2	FALSE	FALSE	chr11	+	cassette exon	17286634	17286717	84	coding exon	protein_coding	chr11:17282944-17286633	chr11:17282944-17295323	inclusion	TRUE	FALSE	0.097575977110211	0.0694651525918018	0.113999507334553	4.45343547427513	0.202411939109517	2.46544419804026	0.0153368299360334	0.0528031809681648	-0.0923860896305864	0.142276868572719	-0.0643324399501902	0.685750082706529
NUCKS1	FALSE	FALSE	chr1	-	unannotated splice site	205719674	205719676	3	not an annotated exon	""	chr1:205719677-205720500	chr1:205719674-205720500	skipping	TRUE	FALSE	0.149275024716721	0.153868612166123	0.14629067406064	-0.757793810548307	-0.00843601153953928	-0.220827514005249	0.825663889662958	0.935404026896642	-0.00557435387318251	0.941406122136108	-0.00850672499901018	1
NUMA1	FALSE	FALSE	chr11	-	cassette exon	72012401	72012442	42	coding exon	protein_coding	chr11:72010855-72012400	chr11:72010855-72012894	skipping	TRUE	TRUE	0.201731571523421	0.137777131783736	0.260687982153143	12.2910850369408	0.365825453459211	4.91743563165229	3.32768410019999e-06	5.14877679061755e-05	-0.0572523291909268	0.444352154863195	0.0139760990995667	1
OAZ1	FALSE	FALSE	chr19	+	unannotated splice site	2108365	2269744	161380	not an annotated exon	""	chr19:2269745-2271384	chr19:2108365-2271384	skipping	FALSE	FALSE	0.0338956044219654	0.0265896534611658	0.0359941069087193	0.940445344755348	0.0420180550336928	0.802987438707886	0.423831059973695	0.615477982481018	0.00727045867907972	0.947620238317333	0.0180419768136881	0.970467838347115
OCIAD1	FALSE	FALSE	chr4	+	alternative 5' splice site	48831250	48831496	247	coding exon	protein_coding	chr4:48831497-48832619	chr4:48831250-48832619	inclusion	TRUE	FALSE	0.210444315829674	0.186097772210087	0.211098670846301	2.50008986362136	0.0549248931223393	0.649710908846576	0.517325325813163	0.708017478104856	-0.0145147217569781	0.924398079378902	-0.00492780478332938	1
OPTN	FALSE	FALSE	chr10	+	alternative 3' splice site	13118888	13118905	18	coding exon	protein_coding	chr10:13116341-13118887	chr10:13116341-13118905	skipping	TRUE	FALSE	0.259467513453813	0.277308680507467	0.247191224386166	-3.01174561213011	-0.0436767078891982	-1.28965130838123	0.200060048154688	0.371486935018776	-0.00939778749031036	0.837889846895872	-0.0209387938260373	0.790958395735541
OPTN	FALSE	FALSE	chr10	+	cassette exon	13108138	13108289	152	coding exon	protein_coding	chr10:13100303-13108137	chr10:13100303-13109111	inclusion	TRUE	FALSE	0.164563382002647	0.180724246397175	0.148658894574764	-3.20653518224106	0.00603125433898176	0.0475629697116309	0.962156645816789	1	-0.014955260118646	0.964719659168634	-0.0164021549291035	1
OS9	FALSE	FALSE	chr12	+	cassette exon	57720099	57720263	165	coding exon	nonsense_mediated_decay;protein_coding;retained_intron	chr12:57719183-57720098	chr12:57719183-57720405	inclusion	TRUE	TRUE	0.40695079698931	0.503165912400639	0.377343977848096	-12.5821934552543	-0.149184760504151	-3.25462183656604	0.00153664585326189	0.00882792659956707	0.0413571462090665	0.299901888000654	0.0156791458442596	0.974137535363181
OS9	FALSE	FALSE	chr12	+	alternative 3' splice site	57716089	57716091	3	coding exon	protein_coding;retained_intron	chr12:57715971-57716088	chr12:57715971-57716091	inclusion	TRUE	FALSE	0.273347929421451	0.297577743070718	0.26245570127072	-3.51220417999985	-0.0446841004292026	-1.56064151429421	0.12167574736703	0.257190314975308	0.0335852972765661	0.105756440661959	0.0298598394871029	0.458907949753224
P3H1	FALSE	FALSE	chr1	-	alternative 5' splice site	42747253	42747271	19	coding exon	processed_transcript;protein_coding	chr1:42746853-42747252	chr1:42746853-42747271	inclusion	TRUE	FALSE	0.187087992701945	0.152198603470483	0.210016802915355	5.7818199444872	0.305860405360004	3.30718481748959	0.00129830599682209	0.00762614627839712	-0.0523320985607196	0.599460639389804	0.00638558030751835	1
P4HA1	FALSE	FALSE	chr10	-	cassette exon	73044981	73045051	71	coding exon	protein_coding	chr10:73045052-73046924	chr10:73043958-73046924	inclusion	TRUE	FALSE	0.413182243782812	0.444553650673978	0.388264479059958	-5.62891716140194	-0.100939716897171	-4.83221535522887	4.72476169766236e-06	6.53207907876003e-05	0.032638169796799	0.031814886372466	0.0161351627495355	0.685750082706529
P4HA1	FALSE	FALSE	chr10	-	cassette exon	73043887	73043957	71	coding exon	protein_coding	chr10:73030371-73043886	chr10:73030371-73044980	skipping	TRUE	FALSE	0.348761121178	0.363228126395937	0.326623597679544	-3.6604528716393	-0.100146416013113	-3.34025676941002	0.00116658238078154	0.00704715217946362	0.0227182792324392	0.418553547379619	0.00453716592012241	1
P4HA2	FALSE	FALSE	chr5	-	cassette exon	132198206	132198271	66	coding exon	protein_coding	chr5:132195481-132198205	chr5:132195481-132198320	inclusion	TRUE	FALSE	0.180917088341497	0.136654225463255	0.201644941500209	6.49907160369543	0.201079004689519	3.17983547726016	0.00194686728719316	0.0103944986557989	-0.0673156058529311	0.1872307540388	-0.0348703769374131	0.846266210601829
P4HA2	FALSE	FALSE	chr5	-	cassette exon	132227086	132227561	476	coding exon	protein_coding	chr5:132218645-132227085	chr5:132218645-132227789	skipping	TRUE	FALSE	0.190283244157092	0.140863578671503	0.225137021811826	8.42734431403228	0.267143061422119	2.36944433003544	0.0196779106713445	0.0630768842537631	-0.00618405008384643	1	0.0524948435149327	0.88769690081732
P4HA2	FALSE	FALSE	chr5	-	cassette exon	132198321	132198380	60	coding exon	protein_coding	chr5:132198381-132198878	chr5:132198272-132198878	skipping	TRUE	FALSE	0.173187447795138	0.169901268348783	0.173906948370323	0.400568002153995	0.031101250921285	1.13523754467223	0.258910620110524	0.443828134574543	-0.0182941321455252	0.467803958187632	-0.0147503762217897	0.852325246216829
P4HA2	FALSE	FALSE	chr5	-	cassette exon	132207708	132207884	177	coding exon	protein_coding	chr5:132204153-132207707	chr5:132204153-132209137	skipping	TRUE	TRUE	0.02161419503406	0.0233226595137174	0.0201968028385527	-0.312585667516466	-0.0660527007825193	-0.984390654952473	0.327230180823475	0.523475938372831	0.048393666800986	0.420567617136139	0.0426523024719771	0.790958395735541
PABPC4	FALSE	FALSE	chr1	-	alternative 5' splice site	39564423	39564470	48	coding exon	nonsense_mediated_decay;protein_coding;retained_intron	chr1:39563923-39564422	chr1:39563923-39564470	skipping	TRUE	FALSE	0.275202491262824	0.251783092359672	0.302278916892195	5.04958245325236	0.131526189917559	3.65873964856056	0.00040156667351462	0.00290580480132603	-0.00417149421563673	0.971905873218505	0.0245078838987444	0.763742089132858
PALM2AKAP2	FALSE	FALSE	chr9	+	cassette exon	110156319	110156497	179	coding exon	nonsense_mediated_decay;processed_transcript;protein_coding	chr9:110156498-110168398	chr9:110138540-110168398	skipping	TRUE	TRUE	0.26538603951991	0.292380195220786	0.240605572992728	-5.17746222280583	-0.102820477185886	-2.74959630059974	0.00704850560836708	0.0290855678240828	0.0425364136670838	0.140934633855945	0.0274638896695893	0.719163563139003
PAM	FALSE	FALSE	chr5	+	unannotated splice site	102974116	102987517	13402	not an annotated exon	""	chr5:102961230-102974115	chr5:102961230-102987517	skipping	TRUE	FALSE	0.0873544232139403	0.11452038730556	0.0714851256852074	-4.30352616203521	-0.268359053569816	-5.62228166347567	1.62232068992388e-07	3.85840046603573e-06	0.0244994184790812	0.685374189563761	-0.0310254359808578	0.790072509883377
PAM	FALSE	FALSE	chr5	+	cassette exon	103025131	103025334	204	coding exon	protein_coding	chr5:103019844-103025130	chr5:103019844-103028184	skipping	TRUE	TRUE	0.137335295553968	0.126019265700667	0.144218396286255	1.81991305855875	0.106715426014036	4.5511947252216	1.46423586646671e-05	0.000175967002892342	-0.0329665284797049	0.0605504852134049	-0.0152312832099187	0.790072509883377
PAM	FALSE	FALSE	chr5	+	unannotated splice site	102974437	102987571	13135	not an annotated exon	""	chr5:102987572-102990271	chr5:102974437-102990271	inclusion	TRUE	FALSE	0.0653398326701846	0.0751717990637128	0.0566961793809521	-1.84756196827608	-0.171301954571722	-4.18943026792481	5.91630164063597e-05	0.000570009684980253	0.062162622246511	0.0326446577345178	0.0354229688065832	0.594001852177196
PAM	FALSE	FALSE	chr5	+	cassette exon	102974116	102974436	321	coding exon	nonsense_mediated_decay;protein_coding	chr5:102961230-102974115	chr5:102961230-102990271	skipping	TRUE	TRUE	0.314012892646563	0.369075969512785	0.293920289742343	-7.51556797704425	-0.0676786980573997	-1.6518744816967	0.101605663217534	0.223808847540694	0.0458489740236543	0.136433071026272	0.0392673562183149	0.499584556565982
PAM	FALSE	FALSE	chr5	+	alternative 3' splice site	103025131	103025133	3	coding exon	protein_coding	chr5:103019844-103025130	chr5:103019844-103025133	skipping	TRUE	FALSE	0.0626975489261435	0.0676200408285751	0.0612893729784747	-0.633066785010045	-0.0211097725459673	-0.671385254097902	0.503478095360892	0.693477179907339	0.0315435353963303	0.196528827204939	0.0327163831007333	0.459778966287498
PAM	FALSE	FALSE	chr5	+	cassette exon	103028182	103028238	57	coding exon	nonsense_mediated_decay;protein_coding	chr5:103028239-103028886	chr5:103019844-103028886	skipping	TRUE	FALSE	0.0293610360896769	0.0292619704358691	0.028403550092817	-0.0858420343052148	-0.0156478419511896	-0.339826828631639	0.734678935149136	0.875348397371199	0.00955506011415612	0.884935846288881	0.00783773390487375	1
PAM	FALSE	FALSE	chr5	+	unannotated splice site	102987518	102990271	2754	not an annotated exon	""	chr5:102974437-102987517	chr5:102974437-102990271	inclusion	TRUE	FALSE	0.0840663640442811	0.0798409469580759	0.0879211108057256	0.80801638476497	-0.0134004415263545	-0.292002479010269	0.770872055241463	0.897240198451821	0.0447457444047012	0.217215548505909	0.0501152020553136	0.409302684141482
PAMR1	FALSE	FALSE	chr11	-	cassette exon	35451888	35451938	51	coding exon	processed_transcript;protein_coding	chr11:35451939-35468000	chr11:35441694-35468000	inclusion	TRUE	TRUE	0.276593400660232	0.289056967516115	0.265426387799537	-2.36305797165787	-0.0825470037318979	-1.78593168767416	0.0770529837993086	0.179860808442998	0.040155622754998	0.301691274639052	0.0291786405402443	0.790958395735541
PCDH18	FALSE	FALSE	chr4	-	alternative 3' splice site	137528818	137528820	3	coding exon	protein_coding	chr4:137528821-137529601	chr4:137528818-137529601	inclusion	TRUE	FALSE	0.303449975801237	0.306159987845924	0.30401630204736	-0.214368579856389	0.0320094984144593	1.30412967139129	0.195096235711554	0.36537571456773	0.0106801746027285	0.694106923497671	0.0198478181276228	0.658468004394034
PCDHGA1	FALSE	FALSE	chr5	+	unannotated splice site	141400525	141478546	78022	not an annotated exon	""	chr5:141478547-141494806	chr5:141400525-141494806	skipping	TRUE	TRUE	0.177511027421005	0.229703979223577	0.146168590107299	-8.35353891162776	-0.254893493063897	-2.9267177769336	0.00421562612664083	0.0191419819181648	0.0327843427487471	0.762653396066348	-0.018174513661561	1
PCID2	FALSE	FALSE	chr13	-	cassette exon	113187200	113187399	200	non-coding annotation only	processed_transcript	chr13:113185561-113187199	chr13:113185561-113190871	inclusion	TRUE	FALSE	0.232233524033278	0.207331778333098	0.256619720215467	4.92879418823692	0.108987998080871	2.15286938471275	0.0336633831091344	0.0939058558479313	-0.0149857193599754	0.823063273377401	0.00662235922733613	1
PCMT1	FALSE	FALSE	chr6	+	alternative 5' splice site	149802370	149802416	47	coding exon	protein_coding	chr6:149802417-149810615	chr6:149802370-149810615	skipping	TRUE	FALSE	0.425644802877579	0.392675276670082	0.449751529042571	5.70762523724895	0.0375839445741095	0.838424512164976	0.403733831775523	0.596480782740467	-0.00845135235679511	0.90438525416237	-0.00161420894452811	1
PDIA4	FALSE	FALSE	chr7	-	alternative 3' splice site	149006054	149006056	3	coding exon	protein_coding	chr7:149006057-149008158	chr7:149006054-149008158	inclusion	TRUE	FALSE	0.058136854425396	0.0588479809404695	0.0585160940095158	-0.0331886930953713	0.122138360758832	1.50385807446121	0.135678054328403	0.279661250164182	0.0286163291913753	0.779428468130883	0.0613268626105083	0.691535124746916
PDLIM2	FALSE	FALSE	chr8	+	cassette exon	22591551	22591668	118	coding exon	nonsense_mediated_decay;protein_coding	chr8:22589742-22591550	chr8:22589742-22593732	skipping	TRUE	TRUE	0.172627945664552	0.149413185581577	0.195696722645261	4.62835370636844	0.170595718811673	1.97348531557776	0.0511192281901351	0.130034775672887	-0.0103563108251247	0.964719659168634	0.0259169768573789	0.985187378373503
PDLIM7	FALSE	FALSE	chr5	-	cassette exon	177490246	177490593	348	coding exon	protein_coding	chr5:177490594-177490869	chr5:177489833-177490869	inclusion	TRUE	FALSE	0.167857236509534	0.151386086508127	0.176273821850395	2.48877353422681	0.149098885136919	2.02177217034979	0.0457930459957627	0.119893879470045	-0.00819684836142609	0.971905873218505	0.0236654786454673	0.983234759464368
PEA15	FALSE	FALSE	chr1	+	alternative 5' splice site	160211651	160211716	66	coding exon	processed_transcript;protein_coding	chr1:160211717-160213109	chr1:160211651-160213109	skipping	TRUE	FALSE	0.0164643402496017	0.0153672900081092	0.0173301303899359	0.196284038182669	0.0109419212621298	0.218237573745605	0.827675811734564	0.935501972651795	0.00322561760457588	1	0.00627987579328344	1
PFDN5	FALSE	FALSE	chr12	+	cassette exon	53295839	53296275	437	non-coding annotation only	retained_intron	chr12:53296276-53297849	chr12:53295640-53297849	skipping	TRUE	TRUE	0.0280089028744971	0.0206710314556567	0.0307408509945278	1.00698195388711	0.129590750451279	2.42631287178728	0.0169909179769939	0.0564869130398398	-0.0255790631119317	0.675188633993372	-0.00133807725761717	1
PHPT1	FALSE	FALSE	chr9	+	cassette exon	136850506	136850560	55	coding exon	processed_transcript;protein_coding	chr9:136850561-136850754	chr9:136850138-136850754	inclusion	TRUE	FALSE	0.0490154930606189	0.0387539800474132	0.0552904948924933	1.65365148450801	0.159273946365054	2.23279797900315	0.0277262194636768	0.0824001858843089	-0.0422105698304911	0.55321336109015	-0.0144324092030599	1
PICALM	FALSE	FALSE	chr11	-	cassette exon	85978070	85978093	24	coding exon	protein_coding	chr11:85976683-85978069	chr11:85976683-85981128	skipping	TRUE	TRUE	0.0868845762999544	0.0723937898003942	0.0977217809053443	2.53279911049502	0.361381433578517	5.92401730012916	4.19420328059096e-08	1.12318782340865e-06	-0.0781518837021665	0.135418212032375	-0.0118286914487862	1
PICALM	FALSE	FALSE	chr11	-	cassette exon	85990250	85990399	150	coding exon	protein_coding	chr11:85983974-85990249	chr11:85983974-85996825	inclusion	TRUE	TRUE	0.154848193654117	0.142265114237756	0.164589493253407	2.23243790156506	0.124013408496745	2.99227484895843	0.00346580728786112	0.0164856092112107	-0.0200522772066924	0.676010069228796	0.0039734127473741	1
PICALM	FALSE	FALSE	chr11	-	alternative 3' splice site	85981989	85982003	15	coding exon	protein_coding	chr11:85982004-85983865	chr11:85981989-85983865	skipping	TRUE	FALSE	0.418499109057665	0.38716764433074	0.436459390516843	4.92917461861029	0.0647276357750333	2.35664743403177	0.0203321224011127	0.0646862004548028	-0.0152868853988011	0.596113275894501	-0.00364876492893932	1
PKM	FALSE	FALSE	chr15	-	cassette exon	72203022	72203188	167	coding exon	protein_coding	chr15:72203189-72206727	chr15:72202621-72206727	inclusion	TRUE	FALSE	0.100604898599498	0.135670630817595	0.0787255339745405	-5.6945096843054	-0.27689777239492	-10.2578940109366	1.97441420109607e-17	2.91955769475118e-15	0.0860318686905474	0.000185475343525021	0.0401058432954874	0.139087714927161
PKM	FALSE	FALSE	chr15	-	cassette exon	72202454	72202620	167	coding exon	nonsense_mediated_decay;protein_coding	chr15:72200656-72202453	chr15:72200656-72203021	skipping	TRUE	FALSE	0.129940033296469	0.208939313518136	0.0814228883776253	-12.7516425140511	-0.33762421122028	-8.35515526889891	3.24996898098059e-13	2.69588890349146e-11	0.0613619512886952	0.0988075252476182	-0.00278102789177717	1
PLAUR	FALSE	FALSE	chr19	-	cassette exon	43648579	43649143	565	coding exon	protein_coding	chr19:43649144-43652224	chr19:43646549-43652224	skipping	TRUE	FALSE	0.367495527517757	0.344683913816837	0.373805084530447	2.91211707136106	0.216876314438152	2.66344082651826	0.00897769129008275	0.0347311182660732	-0.102594418355555	0.0817007279998681	-0.0732107323185243	0.563425713612506
PLEC	FALSE	FALSE	chr8	-	cassette exon	143922504	143925884	3381	coding exon	protein_coding	chr8:143925885-143926783	chr8:143922396-143926783	skipping	TRUE	FALSE	0.0764072231998468	0.0586089392800345	0.0885417063589377	2.99327670789032	0.401564629737677	4.47930012226929	1.94322392336867e-05	0.000223273802816786	-0.180120938345124	0.00245057024595396	-0.12387351403106	0.189994392512747
PLEC	FALSE	FALSE	chr8	-	alternative 5' splice site	143935011	143935022	12	coding exon	protein_coding	chr8:143934930-143935010	chr8:143934930-143935022	skipping	TRUE	FALSE		0.352463410267341	0.314946533910862	-3.75168763564794	-0.0121881648472296	-0.192538739376545	0.847706837752135	0.952759734036685	0.0131648535654397	0.88370271583779	0.0129039951537281	1
PLEKHB2	FALSE	FALSE	chr2	+	cassette exon	131144408	131144449	42	coding exon	protein_coding	chr2:131140276-131144407	chr2:131140276-131146636	inclusion	TRUE	FALSE	0.127099243133514	0.101900444458405	0.134193524699757	3.22930802413518	0.15509145870215	1.65102850302562	0.101778665336049	0.223899897029691	-0.0436031449470224	0.680546396015288	-0.0170223151081507	1
PLS3	FALSE	FALSE	chrX	+	cassette exon	115593608	115593632	25	coding exon	protein_coding	chrX:115593633-115610242	chrX:115561261-115610242	inclusion	TRUE	FALSE		0.096031475622092	0.208861902440918	11.2830426818826	0.386297952689741	2.23515708333482	0.0275872590252996	0.0821578528415449	0.0273736583377518	0.936985596165461	0.118902489500853	0.7609036773948
PLSCR3	FALSE	FALSE	chr17	-	cassette exon	7393144	7393364	221	coding exon	protein_coding;retained_intron	chr17:7393365-7393466	chr17:7392953-7393466	skipping	TRUE	FALSE	0.200099656138768	0.160067282118259	0.214778499061978	5.47112169437184	0.24003529379863	2.19776865570569	0.0302050934417152	0.0878013015344216	-0.0568527941571391	0.634399996855173	-0.0137246149980331	1
PODXL	FALSE	FALSE	chr7	-	cassette exon	131510236	131510331	96	coding exon	protein_coding	chr7:131509586-131510235	chr7:131509586-131510827	inclusion	TRUE	TRUE	0.139876636695416	0.0914959725385059	0.170802287963203	7.93063154246969	0.455369590301824	6.01247624573778	2.80424349276542e-08	8.01448077218084e-07	-0.108349257603288	0.0771345010252602	-0.026623477968642	0.967495893884277
PODXL	FALSE	FALSE	chr7	-	unannotated splice site	131504506	131504508	3	not an annotated exon	""	chr7:131504509-131505867	chr7:131504506-131505867	inclusion	TRUE	FALSE		0.853783059655651	0.88287951036696	2.90964507113084	-0.0326867732732473	-0.264891113471589	0.791638576984598	0.911764968127982	-0.00448384071940713	1	-0.0116272219821412	1
POLR1D	FALSE	FALSE	chr13	+	cassette exon	27622875	27623449	575	coding exon	protein_coding	chr13:27622010-27622874	chr13:27622010-27648378	skipping	TRUE	FALSE		0.699737053522003	0.6258396915673	-7.38973619547036	-0.0515323366088714	-0.558268546764861	0.577884410719679	0.758340754555317	-0.0455835439477316	0.645708902978782	-0.0657364650576176	0.735024763606837
POLR2J	FALSE	FALSE	chr7	-	unannotated splice site	102476181	102668914	192734	not an annotated exon	""	chr7:102474536-102476180	chr7:102474536-102668914	skipping	FALSE	FALSE	0.261583385159188	0.28257020998255	0.250325947165916	-3.2244262816634	-0.0346563966522723	-3.26948976215181	0.00146538018202372	0.00844704745603842	0.00954382486373928	0.301691274639052	0.00356678312679747	0.977774950950866
POLR2J	FALSE	FALSE	chr7	-	unannotated splice site	102478808	102671551	192744	not an annotated exon	""	chr7:102476271-102478807	chr7:102476271-102671551	skipping	FALSE	FALSE	0.196852619118298	0.203954086726166	0.190711313846353	-1.32427728798135	-0.0745998137789842	-0.851925524923026	0.396231897173462	0.590687794996795	-0.022723718420869	0.849838221698759	-0.0436839963850261	0.866464829148496
POLR2J3	FALSE	FALSE	chr7	-	cassette exon	102568010	102568184	175	coding exon	nonsense_mediated_decay;processed_transcript;protein_coding	chr7:102568185-102569834	chr7:102567084-102569834	skipping	TRUE	TRUE	0.0824848417320106	0.106005934820355	0.0720321633461223	-3.39737714742328	-0.211053790132481	-3.41718793641388	0.000907050870771442	0.005798646638146	0.0273103544820733	0.70599077682325	-0.0148531689845394	1
POLR2J3	FALSE	FALSE	chr7	-	unannotated splice site	102569835	102668914	99080	not an annotated exon	""	chr7:102568185-102569834	chr7:102568185-102668914	skipping	FALSE	FALSE	0.413456421623764	0.43870039615385	0.399734190423051	-3.89662057307988	-0.0341692426330625	-3.24186282895474	0.00160037182695472	0.00905634706068717	0.00933974548760096	0.306569736437153	0.00343363973971898	0.982438621677276
POLR2J3	FALSE	FALSE	chr7	-	unannotated splice site	102543525	102642629	99105	not an annotated exon	""	chr7:102541663-102543524	chr7:102541663-102642629	skipping	FALSE	TRUE		0.10830591875288	0.176321618160083	6.80156994072026	0.212884247090296	2.03936775207717	0.0439990184759193	0.116361323356611	-0.0639755288572348	0.532932473418212	-0.0283492242427035	1
POLR2J3	FALSE	FALSE	chr7	-	cassette exon	102543525	102543702	178	non-coding annotation only	processed_transcript	chr7:102541663-102543524	chr7:102541663-102566996	skipping	TRUE	FALSE		0.395476132529171	0.32715060406214	-6.83255284670316	-0.143858682551032	-1.44794970365815	0.150697960772308	0.303448054817417	-5.58540434849325e-05	1	-0.0321624164843707	0.982438621677276
POLR2J3	FALSE	FALSE	chr7	-	unannotated splice site	102572472	102671551	99080	not an annotated exon	""	chr7:102569925-102572471	chr7:102569925-102671551	skipping	FALSE	FALSE		0.441176470588235	0.5	5.88235294117647	0.0607906875029057	0.687017936986328	0.493645880133951	0.684509888020813	-0.0204412142415037	0.865357879812485	-0.0106457385426352	1
POLR2J3	FALSE	FALSE	chr7	-	unannotated splice site	102569835	102668914	99080	not an annotated exon	""	chr7:102567084-102569834	chr7:102567084-102668914	skipping	FALSE	FALSE	0.310902119220131	0.313521247315034	0.304405734964853	-0.91155123501806	-0.0639932473505796	-0.661290551060837	0.5099025600717	0.699829946248527	-0.0369816703345139	0.737594343865282	-0.0582335950279112	0.801020692772742
POLR2J3	FALSE	FALSE	chr7	-	unannotated splice site	102539606	102638713	99108	not an annotated exon	""	chr7:102538526-102539605	chr7:102538526-102638713	skipping	FALSE	FALSE		0.470588235294118	0.5	2.94117647058824	0.0369047415577613	0.520383071911209	0.603935465950714	0.778428083252337	-0.011492299456093	0.928627702405052	-0.00539004648277389	1
POLR2J3	FALSE	FALSE	chr7	-	unannotated splice site	102541093	102640203	99111	not an annotated exon	""	chr7:102540092-102541092	chr7:102540092-102640203	skipping	FALSE	FALSE	0.495327102803738	0.486111111111111	0.5	1.38888888888889	0.0221681377542013	0.4142301956224	0.679566890014224	0.83136942192028	-0.0149852065834914	0.831339297884748	-0.0128232987126583	1
PON2	FALSE	FALSE	chr7	-	alternative 3' splice site	95411744	95411779	36	coding exon	nonsense_mediated_decay;protein_coding	chr7:95411780-95412311	chr7:95411744-95412311	skipping	TRUE	FALSE	0.132315210393887	0.147202193494498	0.130525738148651	-1.66764553458469	-0.0197255035935985	-0.319351953670298	0.750106431168561	0.888270185377534	0.0102628057063135	0.928595471495225	0.00776455181247724	1
POSTN	FALSE	FALSE	chr13	-	cassette exon	37569300	37569383	84	coding exon	processed_transcript;protein_coding	chr13:37564561-37569299	chr13:37564561-37569743	inclusion	TRUE	TRUE	0.298585960591611	0.259942022618295	0.291795354374544	3.18533317562487	0.14362354444262	1.31067025223332	0.192884127535869	0.363233066306473	-0.071690692712948	0.477946681833905	-0.0529330546593931	0.875851163913888
POSTN	FALSE	FALSE	chr13	-	cassette exon	37571369	37571458	90	coding exon	protein_coding	chr13:37571459-37577752	chr13:37570670-37577752	skipping	TRUE	FALSE	0.457287117908222	0.465360698432243	0.44729658548963	-1.8064112942613	0.0444487506414155	0.47505929069008	0.635750525848132	0.803190021697435	-0.0500628625440732	0.604330097981135	-0.0494727088965997	0.855196191594143
PPHLN1	FALSE	FALSE	chr12	+	cassette exon	42351885	42352049	165	coding exon	nonsense_mediated_decay;processed_transcript;protein_coding;retained_intron	chr12:42335975-42351884	chr12:42335975-42355160	inclusion	TRUE	TRUE	0.233896720810295	0.286997077256062	0.207070640864467	-7.99264363915953	-0.124976031283344	-2.22412855687572	0.0283225431673124	0.0834705106690034	0.0887805628543813	0.0147127373635271	0.0773968091942164	0.189994392512747
PPIA	FALSE	FALSE	chr7	+	cassette exon	44798748	44798904	157	coding exon	protein_coding	chr7:44796794-44798747	chr7:44796794-44799246	skipping	TRUE	FALSE	0.282046835059951	0.193495501951657	0.330017612448567	13.652211049691	0.344242675802039	3.69893009810293	0.000349407016549953	0.00261172145777229	-0.135220502193188	0.0386457858878783	-0.0834124004119095	0.566713483622115
PPP1R12A	FALSE	FALSE	chr12	-	cassette exon	79806166	79806333	168	coding exon	protein_coding	chr12:79805769-79806165	chr12:79805769-79807225	skipping	TRUE	TRUE	0.252767412252485	0.219766996630927	0.278063207276007	5.82962106450801	0.229865356543981	3.77483884892315	0.000267933068130104	0.00213405237637116	-0.0538942673454784	0.317417223264594	-0.0124905170346509	1
PPP1R7	FALSE	FALSE	chr2	+	cassette exon	241167045	241167174	130	coding exon	protein_coding	chr2:241166442-241167044	chr2:241166442-241169780	inclusion	TRUE	FALSE	0.142296218165884	0.149351284787764	0.132235076155039	-1.71162086327251	-0.0851772852346629	-1.335517317378	0.184650878853037	0.351622418241421	0.0489445352370658	0.383286656695937	0.039022623782379	0.794575924840009
PPP2R5C	FALSE	FALSE	chr14	+	cassette exon	101809803	101810036	234	coding exon	protein_coding	chr14:101810037-101856685	chr14:101786184-101856685	skipping	TRUE	FALSE	0.249757826953108	0.362219463631412	0.171430902890898	-19.0788560740514	-0.470657848375816	-9.22538857077527	3.89914444785486e-15	3.78885436204411e-13	0.148088167884048	0.00025414645910219	0.0703723366582162	0.189994392512747
PPP3CB	FALSE	FALSE	chr10	-	cassette exon	73439872	73439901	30	coding exon	protein_coding	chr10:73438421-73439871	chr10:73438421-73444724	inclusion	TRUE	TRUE	0.339229731171664	0.287324346996349	0.377275738470487	8.99513914741381	0.122687378994846	2.18245472540938	0.0313481361844123	0.090099638455473	-0.0094777049776158	0.928595471495225	0.0162292450313251	1
PPP3CB	FALSE	FALSE	chr10	-	alternative 3' splice site	73446574	73446576	3	coding exon	protein_coding	chr10:73446577-73454411	chr10:73446574-73454411	skipping	TRUE	FALSE	0.456960297907657	0.464616970251438	0.455285450719879	-0.933151953155908	-0.0800707701369885	-2.00797924562345	0.0472637655014233	0.122611797460214	-0.01700053064467	0.706721138416437	-0.038115533364763	0.499584556565982
PRDX5	FALSE	FALSE	chr11	+	cassette exon	64320661	64320792	132	coding exon	protein_coding	chr11:64319869-64320660	chr11:64319869-64320864	skipping	TRUE	TRUE	0.027242931835981	0.0179976668505224	0.0310373876724386	1.30397208219162	0.265800743761561	4.76198464965984	6.29096931119195e-06	8.39042612837797e-05	-0.0971598216035462	0.0120811206166485	-0.0558011488630613	0.479014386353474
PRDX5	FALSE	FALSE	chr11	+	cassette exon	64319734	64319868	135	coding exon	protein_coding	chr11:64319869-64320660	chr11:64318387-64320660	skipping	TRUE	TRUE	0.0478049914544316	0.0351528537142117	0.0607496433074594	2.55967895932477	0.184560109275365	3.74882905977244	0.000293567171401994	0.00226912874564214	-0.0192748385832487	0.755102806883977	0.0184577901577678	0.947283790071782
PRMT2	FALSE	FALSE	chr21	+	cassette exon	46636439	46636547	109	coding exon	protein_coding	chr21:46636548-46636895	chr21:46635764-46636895	skipping	TRUE	TRUE	0.41243257230126	0.355072515062385	0.435924904048172	8.08523889857869	0.221873184428307	3.13855433031142	0.00221492384157883	0.0115563299894487	-0.0292938675517544	0.726933980894644	0.0149219563978103	1
PRRC2B	FALSE	FALSE	chr9	+	cassette exon	131494405	131494486	82	coding exon	protein_coding	chr9:131494487-131495739	chr9:131492261-131495739	inclusion	TRUE	FALSE	0.460963898432725	0.491563364182326	0.434865110553215	-5.66982536291105	-0.113225800694916	-1.66868672257884	0.0982165838390661	0.217612118330074	-0.00559793153594713	0.990739151150038	-0.0320059581668615	0.885309445713496
PRRC2C	FALSE	FALSE	chr1	+	cassette exon	171591152	171591204	53	coding exon	protein_coding	chr1:171588506-171591151	chr1:171588506-171591586	inclusion	TRUE	TRUE	0.329256611729178	0.345243190072055	0.316324989961779	-2.89182001102757	-0.128684807819688	-2.61485946191186	0.0102655428260459	0.0379528977350649	0.0781077369666617	0.0152057818566299	0.0638966257516457	0.246738490600285
PRRX1	FALSE	FALSE	chr1	+	cassette exon	170730277	170730348	72	coding exon	processed_transcript;protein_coding	chr1:170730349-170736047	chr1:170726402-170736047	skipping	TRUE	TRUE	0.347179242448643	0.373642666630203	0.337727071688206	-3.59155949419969	-0.093149299833114	-2.48965859689554	0.0143867942839804	0.05028724291862	0.033054228019423	0.30079544077524	0.0183739857100501	0.869621028064469
PSG2	FALSE	FALSE	chr19	-	unannotated splice site	43066517	43091906	25390	not an annotated exon	""	chr19:43064670-43066516	chr19:43064670-43091906	skipping	FALSE	FALSE	0.0423941030791375	0.0884151746760675	0.0190904310443219	-6.93247436317455	-0.318324418121552	-3.97062783744897	0.0001329422494111	0.0011710516078365	0.164245153108915	0.00147677948473481	0.123672201366424	0.124738301229448
PSG4	FALSE	FALSE	chr19	-	unannotated splice site	43185148	43204251	19104	not an annotated exon	""	chr19:43204252-43205472	chr19:43185148-43205472	inclusion	FALSE	FALSE	0.246417417930288	0.252776998421273	0.254474047629684	0.169704920841096	0.0716727479696036	0.495834469473293	0.621067541281161	0.792782541863324	0.052923141109936	0.757505468172986	0.0788774497578586	0.846802145998523
PSG5	FALSE	FALSE	chr19	-	cassette exon	43180347	43180596	250	non-coding annotation only	processed_transcript	chr19:43180597-43184781	chr19:43176149-43184781	inclusion	TRUE	FALSE	0.0279480651482598	0.0209848734311484	0.0321179658683861	1.11330924372377	0.24786393067925	4.08425272609088	8.76087927011358e-05	0.00081409154091957	-0.0723179681070383	0.13588638673555	-0.0303294923279797	0.865330761437268
PSG5	FALSE	FALSE	chr19	-	cassette exon	43175215	43175469	255	coding exon	protein_coding	chr19:43170139-43175214	chr19:43170139-43184781	skipping	TRUE	FALSE	0.0280337039884795	0.0226034560564529	0.0307072160115408	0.810375995508797	0.204797910445507	3.00728029804915	0.00331247599786098	0.0159120492496119	-0.0855968460325118	0.0853707378208758	-0.0557386588134838	0.647905945847166
PSG5	FALSE	FALSE	chr19	-	unannotated splice site	43168133	43168203	71	not an annotated exon	""	chr19:43168204-43170054	chr19:43168133-43170054	skipping	TRUE	TRUE	0.0122788564672756	0.0147758365570708	0.0114789354756205	-0.329690108145026	-0.125400597388253	-2.61430864066186	0.010281055875885	0.0379651151290823	0.0645804334020809	0.0536392649406918	0.048574272490846	0.474131077937937
PSG5	FALSE	FALSE	chr19	-	cassette exon	43183282	43183471	190	non-coding annotation only	processed_transcript	chr19:43183472-43184781	chr19:43176149-43184781	inclusion	TRUE	FALSE	0.0167943426931471	0.0137680592290185	0.0178422317420653	0.407417251304681	0.157225112439451	2.5841686082506	0.0111628611495535	0.0403024318148953	-0.0736747892793721	0.0988075252476182	-0.0522417972820801	0.602821051510107
PSG5	FALSE	FALSE	chr19	-	cassette exon	43175870	43176148	279	coding exon	protein_coding	chr19:43176149-43184781	chr19:43170139-43184781	skipping	TRUE	TRUE	0.0204290005535579	0.0162874378253821	0.0224179777086227	0.613053988324068	0.150934146152815	2.38267623400255	0.019021140845086	0.0614348528149453	-0.0401252850527546	0.511894312387036	-0.0138249960606891	1
PSG5	FALSE	FALSE	chr19	-	cassette exon	43167743	43168203	461	coding exon	protein_coding	chr19:43168204-43170054	chr19:43166843-43170054	skipping	TRUE	FALSE	0.0231353906281789	0.026207643569373	0.0209759988004706	-0.523164476890244	-0.128202194742773	-2.34281094124511	0.0210610727924988	0.0663656167587756	0.0401976283375294	0.421773183872124	0.0190024684312408	0.970467838347115
PSG5	FALSE	FALSE	chr19	-	unannotated splice site	43186342	43331343	145002	not an annotated exon	""	chr19:43185148-43186341	chr19:43185148-43331343	skipping	FALSE	TRUE	0.0765712420666631	0.0727962343329506	0.0823254898854441	0.952925555249344	0.19717467458805	1.54154623191626	0.126250659579803	0.265376077398585	0.0382558574932615	0.816324284430447	0.0895766741529645	0.748946951991401
PSG5	FALSE	FALSE	chr19	-	cassette exon	43178879	43179157	279	coding exon	protein_coding	chr19:43179158-43184781	chr19:43176149-43184781	inclusion	TRUE	TRUE	0.00960126402178136	0.010593444411126	0.00899654502707491	-0.159689938405113	-0.0776529639352445	-1.47650353190945	0.142859619158523	0.291461046645553	0.0424587291917508	0.343484295654107	0.0330087944716297	0.790958395735541
PSG5	FALSE	FALSE	chr19	-	cassette exon	43170055	43170138	84	coding exon	protein_coding	chr19:43170139-43175214	chr19:43168204-43175214	skipping	TRUE	TRUE	0.0172935969738223	0.0185756273262236	0.0152311122496245	-0.334451507659905	0.0724986884895005	1.4492142635387	0.150315583304229	0.303188698219301	0.000432922650376783	1	0.0167524650728817	0.979332796962311
PSG5	FALSE	FALSE	chr19	-	unannotated splice site	43173839	43175214	1376	not an annotated exon	""	chr19:43170139-43173838	chr19:43170139-43175214	inclusion	TRUE	FALSE	0.0227488239499389	0.0193487285328823	0.0268468695981225	0.749814106524023	0.141346921220249	1.29689165823652	0.19756616680864	0.369188205118782	0.0460916480876277	0.70599077682325	0.0863738405369839	0.676602710711098
PSMF1	FALSE	FALSE	chr20	+	cassette exon	1165029	1165059	31	coding exon	protein_coding	chr20:1164477-1165028	chr20:1164477-1166226	skipping	TRUE	FALSE	0.0868496246518489	0.0705924736712505	0.0945304440870731	2.39379704158227	0.080925330475956	0.852444607022545	0.395945180361246	0.590618227372193	0.0183129893610367	0.900174592752943	0.0398649321118464	0.91701834432199
PTCD1	FALSE	FALSE	chr7	-	unannotated splice site	99459147	99460085	939	not an annotated exon	""	chr7:99458356-99459146	chr7:99458356-99460085	skipping	TRUE	FALSE	0.0519016730887294	0.0350684654879063	0.0664759186788235	3.14074531909171	0.279129299549018	6.6198805942501	1.65584345973471e-09	6.12122131147593e-08	-0.0746497299925698	0.0208003069424505	-0.0260945305843766	0.790958395735541
PTCD1	FALSE	FALSE	chr7	-	unannotated splice site	99458356	99459263	908	not an annotated exon	""	chr7:99459264-99460085	chr7:99458356-99460085	skipping	TRUE	FALSE	0.03123442527043	0.0276469185499151	0.0359605549597778	0.831363640986269	0.163421720955104	3.72125878694872	0.000323276035295136	0.00243783103334536	-0.00120992937098251	1	0.035167583510088	0.663697534844911
PTGES3	FALSE	FALSE	chr12	-	cassette exon	56670275	56670364	90	coding exon	processed_transcript;protein_coding	chr12:56666267-56670274	chr12:56666267-56671748	skipping	TRUE	TRUE	0.0387714308927278	0.0393664903641854	0.037128611796928	-0.223787856725733	-0.0318962619245464	-0.870844012296941	0.385864493920105	0.581725546066663	-0.00126181247781414	1	-0.00864212472150619	1
PTMA	FALSE	FALSE	chr2	+	alternative 3' splice site	231711887	231711889	3	coding exon	protein_coding	chr2:231711420-231711886	chr2:231711420-231711889	inclusion	TRUE	FALSE	0.262753538404405	0.425223230284161	0.18011136567783	-24.5111864606331	-0.299568149532231	-3.42498160104558	0.000884029946905125	0.00569429138148551	0.0728205804284511	0.350142207125274	0.0193452103902375	1
PTP4A2	FALSE	FALSE	chr1	-	cassette exon	31915895	31915987	93	coding exon	nonsense_mediated_decay;protein_coding	chr1:31911827-31915894	chr1:31911827-31918969	skipping	TRUE	TRUE	0.154111812646445	0.131633981956228	0.165388843009518	3.375486105329	0.117882127763528	1.97106749568749	0.0513992194240439	0.130551714160697	-0.0565420820898232	0.248291946758214	-0.0407161402072136	0.763742089132858
PTPA	FALSE	FALSE	chr9	+	cassette exon	129127964	129128068	105	coding exon	protein_coding	chr9:129128069-129128984	chr9:129123139-129128984	inclusion	TRUE	TRUE	0.185259807012917	0.161510032462137	0.210892181405918	4.93821489437811	0.197970665875056	3.06695541079884	0.00276268286144198	0.0136966245069449	-0.0795691250471512	0.0959901775612158	-0.0501124780972164	0.685750082706529
PTPA	FALSE	FALSE	chr9	+	cassette exon	129139382	129139649	268	coding exon	protein_coding	chr9:129139650-129142444	chr9:129137693-129142444	inclusion	TRUE	FALSE	0.191821935949352	0.164518109404141	0.207571600499905	4.30534910957644	0.102656695844198	1.47561193543147	0.143098584277592	0.291598732850862	-0.0101893089341752	0.941406122136108	0.0108979614864623	1
PXDN	FALSE	FALSE	chr2	-	cassette exon	1687632	1687703	72	coding exon	processed_transcript;protein_coding	chr2:1687704-1691927	chr2:1684152-1691927	skipping	TRUE	TRUE	0.294135802205324	0.262527716303855	0.293523463832841	3.09957475289861	0.12659778904494	2.66075008716731	0.00904499992695056	0.034798693157872	-0.0673019999270249	0.0383463237997526	-0.0515368322956707	0.413255410606574
PXN	FALSE	FALSE	chr12	-	cassette exon	120215560	120215661	102	coding exon	nonsense_mediated_decay;processed_transcript;protein_coding	chr12:120215274-120215559	chr12:120215274-120221622	skipping	TRUE	TRUE		0.934686341500428	0.840241207541696	-9.44451339587316	-0.749183115090049	-6.94430426686417	3.89419045271981e-10	1.5581343211412e-08	0.102470164984421	0.355810075046793	-0.04409702099143	0.921496272449727
RAB11FIP5	FALSE	FALSE	chr2	-	cassette exon	73079651	73081663	2013	coding exon	protein_coding	chr2:73076183-73079650	chr2:73076183-73088049	inclusion	TRUE	FALSE	0.411712935586828	0.302499865942696	0.48053809602882	17.8038230086125	0.314578358750059	3.65898123305201	0.000401232164987195	0.00290580480132603	-0.0560941782035308	0.514541219474477	0.00387238120504157	1
RAB11FIP5	FALSE	FALSE	chr2	-	unannotated splice site	73076183	73081345	5163	not an annotated exon	""	chr2:73081346-73088049	chr2:73076183-73088049	inclusion	TRUE	FALSE	0.403813269761135	0.394725613153462	0.410116649950177	1.53910367967142	0.0365688182338061	0.547850589620062	0.584979806109364	0.765000074182841	0.00433349296341962	1	0.0133350272026809	1
RAB34	FALSE	FALSE	chr17	-	cassette exon	28715993	28716061	69	coding exon	nonsense_mediated_decay;protein_coding	chr17:28715902-28715992	chr17:28715902-28716902	skipping	TRUE	TRUE	0.0859516792252302	0.0693086230304024	0.097995705777496	2.86870827470936	0.147377614813917	1.73137604571742	0.0863788835385987	0.197296563408176	0.00960134781804159	0.971905873218505	0.0444077881652991	0.859040754071165
RAB34	FALSE	FALSE	chr17	-	cassette exon	28715195	28715214	20	NMD-only exon	nonsense_mediated_decay	chr17:28715123-28715194	chr17:28715123-28715218	skipping	TRUE	FALSE	0.145881631913939	0.15150208067944	0.142221705710065	-0.928037496937406	-0.041787262154391	-1.44633239341295	0.151120228224678	0.303754384136615	0.0116162850757047	0.724659214924882	0.00442975463989177	1
RAB34	FALSE	FALSE	chr17	-	cassette exon	28715993	28716058	66	coding exon	nonsense_mediated_decay;protein_coding	chr17:28716059-28716902	chr17:28715902-28716902	inclusion	TRUE	FALSE		0.7617231035544	0.78394827251601	2.22251689616095	0.0205313369383759	0.158516166874881	0.874366600298699	0.972439767042471	-0.0154574271161116	0.962364619341728	-0.0137693303372532	1
RAB6A	FALSE	FALSE	chr11	-	cassette exon	73718613	73718718	106	coding exon	processed_transcript;protein_coding	chr11:73716363-73718612	chr11:73716363-73718784	inclusion	TRUE	FALSE	0.494881984426367	0.607369338065284	0.456424672828839	-15.0944665236445	-0.289695482781532	-2.36784202806542	0.0197587900868658	0.0632169756212893	0.0868277366677667	0.444515837414915	0.038184117239426	0.983234759464368
RAB6A	FALSE	FALSE	chr11	-	cassette exon	73718785	73718890	106	coding exon	protein_coding	chr11:73718891-73720845	chr11:73718719-73720845	skipping	TRUE	FALSE	0.368266268059284	0.373215298465772	0.355700306549499	-1.75149919162738	0.0801382175636572	1.50879945255698	0.134411456373319	0.278061656402468	-0.0539235493386764	0.19441482678161	-0.0460617726998732	0.593770447481842
RABGGTB	FALSE	FALSE	chr1	+	cassette exon	75790446	75790517	72	non-coding annotation only	processed_transcript	chr1:75790518-75791284	chr1:75790058-75791284	inclusion	TRUE	FALSE	0.187419926734049	0.179221158077867	0.192842494554296	1.3621336476429	0.0642006858680516	0.866942976007704	0.387988408385896	0.583097029129666	0.0100762928113409	0.950579310568449	0.0263412768985345	0.96580989741943
RAC1	FALSE	FALSE	chr7	+	cassette exon	6398662	6398718	57	coding exon	protein_coding	chr7:6398719-6400125	chr7:6392042-6400125	inclusion	TRUE	TRUE	0.396208937895111	0.566336639377511	0.311065991187577	-25.5270648189935	-0.498425731253108	-3.72835014727894	0.000315372956164243	0.0023888272247541	0.196931569872527	0.0355431933292239	0.122133699628278	0.547558060142882
RAD23A	FALSE	FALSE	chr19	+	alternative 3' splice site	12949275	12949277	3	coding exon	nonsense_mediated_decay;protein_coding	chr19:12949160-12949274	chr19:12949160-12949277	skipping	TRUE	FALSE		0.485705562834867	0.459199458923158	-2.65061039117088	-0.0138679601952926	-0.152098020351632	0.879410069393037	0.973274860398868	0.0157163038995905	0.923155000613551	0.01555510320927	1
RAF1	FALSE	FALSE	chr3	-	cassette exon	12606201	12606299	99	coding exon	nonsense_mediated_decay;protein_coding;retained_intron	chr3:12606300-12608765	chr3:12604290-12608765	skipping	TRUE	TRUE	0.15974772237586	0.152065248929819	0.163094003641098	1.10287547112791	0.0452579061745748	0.564469200817833	0.573662054868793	0.755357103171955	0.00188684045670319	1	0.0123768772794705	1
RAI14	FALSE	FALSE	chr5	+	cassette exon	34813574	34813660	87	coding exon	nonsense_mediated_decay;protein_coding	chr5:34813661-34814582	chr5:34812209-34814582	inclusion	TRUE	FALSE	0.127954272432984	0.107341785222052	0.150807307633524	4.34655224114723	0.142404193473271	1.52485095445079	0.130360986846094	0.272165571678065	-0.0411201269814591	0.694106923497671	-0.0169165246160827	1
RALY	FALSE	FALSE	chr20	+	cassette exon	34073819	34073866	48	coding exon	processed_transcript;protein_coding	chr20:34073636-34073818	chr20:34073636-34075873	skipping	TRUE	TRUE	0.200061881822171	0.238928475368612	0.170124849578476	-6.88036257901362	-0.22821697000573	-3.40989262233413	0.000929109480314264	0.00590635764962398	0.113739035796945	0.00980507172051095	0.0839001359005807	0.283277700446563
RANBP1	FALSE	FALSE	chr22	+	alternative 3' splice site	20126952	20126954	3	coding exon	protein_coding	chr22:20126369-20126951	chr22:20126369-20126954	skipping	TRUE	FALSE	0.419320800781735	0.418284213984232	0.420861268223464	0.257705423923221	0.0229507368663178	0.715108835997796	0.476159597555543	0.665605750631485	0.00770070987447755	0.863205297776067	0.0142819427905016	0.908552550007806
RAP1B	FALSE	FALSE	chr12	+	alternative 5' splice site	68611044	68611052	9	coding exon	protein_coding	chr12:68611053-68648698	chr12:68611044-68648698	inclusion	TRUE	FALSE		0.317611689602907	0.348051941255088	3.04402516521815	0.129246250381296	1.32739191003791	0.187494783174371	0.355022888547221	-0.0862409441820552	0.274684375283861	-0.0738788494779138	0.685750082706529
RAP1GDS1	FALSE	FALSE	chr4	+	cassette exon	98379017	98379163	147	coding exon	processed_transcript;protein_coding;retained_intron	chr4:98379164-98391951	chr4:98352602-98391951	skipping	TRUE	FALSE	0.172888532924444	0.172808284203116	0.167287613089164	-0.552067111395177	0.110899200733924	0.896499143757764	0.372076777917399	0.573324618395283	5.66339825804729e-05	1	0.0249068845361525	1
RASA4	FALSE	FALSE	chr7	-	unannotated splice site	102501228	102600388	99161	not an annotated exon	""	chr7:102600389-102602323	chr7:102501228-102602323	inclusion	FALSE	FALSE		0.542857142857143	0.5	-4.28571428571428	-0.0212644784149342	-0.243414436553623	0.808173232728958	0.920803070188003	0.0214502798554244	0.85740388599001	0.0207049829149172	1
RASA4B	FALSE	FALSE	chr7	-	unannotated splice site	102485039	102683278	198240	not an annotated exon	""	chr7:102483890-102485038	chr7:102483890-102683278	skipping	FALSE	FALSE	0.320770685333113	0.296296296296296	0.33303138881416	3.67350925178641	0.0684924658406591	0.81987705599439	0.414179425617014	0.606078873324856	-0.0134283354366668	0.930948819712871	-0.000599259201116591	1
RASA4B	FALSE	FALSE	chr7	-	unannotated splice site	102490986	102590158	99173	not an annotated exon	""	chr7:102488599-102490985	chr7:102488599-102590158	skipping	FALSE	FALSE	0.481226430562387	0.444200779727096	0.5	5.57992202729045	0.0669019195876456	0.759220925842968	0.449454446150607	0.640383146777635	-0.00775324803916145	0.985099221234231	0.00578125501109819	1
RASA4B	FALSE	FALSE	chr7	-	unannotated splice site	102488463	102686713	198251	not an annotated exon	""	chr7:102485160-102488462	chr7:102485160-102686713	skipping	FALSE	FALSE		0.266666666666667	0.333155270655271	6.6488603988604	0.0640063870566545	0.615203108085833	0.539790744830838	0.727348780970554	0.0229147976869756	0.874574993213875	0.0413485656341993	0.929960400809207
RASA4B	FALSE	FALSE	chr7	-	unannotated splice site	102493116	102592284	99169	not an annotated exon	""	chr7:102491124-102493115	chr7:102491124-102592284	skipping	FALSE	TRUE		0.323809523809524	0.333382584712372	0.957306090284815	0.0208513704584032	0.450262217280572	0.653476929889711	0.815587170111892	-0.00279706916735917	1	0.001341266466958	1
RASA4B	FALSE	FALSE	chr7	-	unannotated splice site	102503163	102602323	99161	not an annotated exon	""	chr7:102501228-102503162	chr7:102501228-102602323	skipping	FALSE	FALSE		0.457142857142857	0.5	4.28571428571429	0.0212644784149342	0.243414436553623	0.808173232728958	0.920803070188003	-0.0214502798554244	0.85740388599001	-0.0207049829149171	1
RBBP4	FALSE	FALSE	chr1	-	unannotated splice site	32681861	32684089	2229	not an annotated exon	""	chr1:32684090-32684257	chr1:32681861-32684257	skipping	TRUE	FALSE	0.243761812819862	0.201007995755203	0.260037359888065	5.90293641328623	0.256065161565333	3.48477236122301	0.000724849226598253	0.00479613272307521	-0.0637078993947118	0.329705966159735	-0.0182717242353102	1
RBBP4	FALSE	FALSE	chr1	-	unannotated splice site	32684010	32684257	248	not an annotated exon	""	chr1:32681861-32684009	chr1:32681861-32684257	skipping	TRUE	FALSE	0.234358017332615	0.189224477976754	0.268983342805338	7.97588648285842	0.219163549266641	3.09431076436203	0.00254005514287055	0.0128171031764136	-0.010807471501009	0.941406122136108	0.0362598348366504	0.86095732319391
RBCK1	FALSE	FALSE	chr20	+	cassette exon	410412	410764	353	coding exon	protein_coding	chr20:410026-410411	chr20:410026-417525	inclusion	TRUE	FALSE	0.486240895094396	0.403874225976698	0.542582345091812	13.8708119115115	0.262958747167071	2.9603420891975	0.00381415659539216	0.0176489069128282	-0.0550662150697493	0.539591474745959	-0.00646931767278507	1
RBFOX2	FALSE	FALSE	chr22	-	cassette exon	35756105	35756144	40	coding exon	nonsense_mediated_decay;protein_coding	chr22:35746562-35756104	chr22:35746562-35759887	skipping	TRUE	TRUE	0.276976033211593	0.304197290710479	0.255520228451816	-4.8677062258663	-0.126229722470753	-2.33403748491613	0.0215351682478923	0.0673675580885851	-0.000976280905125498	1	-0.0294323699679079	0.848189455074918
RBFOX2	FALSE	FALSE	chr22	-	alternative 3' splice site	35781744	35781746	3	coding exon	nonsense_mediated_decay;protein_coding	chr22:35781747-35809779	chr22:35781744-35809779	inclusion	TRUE	FALSE	0.334737981658268	0.330504697913569	0.324330625067904	-0.617407284566501	0.0119398822423017	0.422739800210388	0.673366361176041	0.826757759696648	-0.0061060842878809	0.879646050639064	-0.00457405461523723	1
RBM14-RBM4	FALSE	FALSE	chr11	+	cassette exon	66643450	66644140	691	coding exon	protein_coding	chr11:66644141-66646026	chr11:66640124-66646026	skipping	TRUE	TRUE	0.262770693703492	0.291435282727183	0.235496276127025	-5.59390066001585	-0.16233566677449	-1.75481578678846	0.0822644199709136	0.189939777543162	0.054331142860606	0.553188551093907	0.028134697853402	0.983234759464368
RBM7	FALSE	FALSE	chr11	+	alternative 3' splice site	114405706	114405708	3	coding exon	nonsense_mediated_decay;protein_coding	chr11:114402916-114405705	chr11:114402916-114405708	skipping	TRUE	FALSE	0.302927777683266	0.325464064112384	0.315165232395443	-1.02988317169413	-0.022863182800123	-0.465502528130349	0.642554396062162	0.806052033544044	-0.01571879267194	0.798373901371683	-0.0237804215605366	0.875851163913888
RBMS1	FALSE	FALSE	chr2	-	cassette exon	160282257	160282304	48	non-coding annotation only	processed_transcript	chr2:160281365-160282256	chr2:160281365-160284774	inclusion	TRUE	TRUE	0.253339540084532	0.266181872908228	0.244985872141454	-2.11960007667742	-0.125668776105672	-3.23539058692138	0.00163363359496847	0.00921391020976415	0.0399523188839416	0.213608849999586	0.0192787124276741	0.868189934646702
RBMS1	FALSE	FALSE	chr2	-	alternative 5' splice site	160286969	160286977	9	coding exon	processed_transcript;protein_coding;retained_intron	chr2:160285045-160286968	chr2:160285045-160286977	skipping	TRUE	FALSE	0.480607585463337	0.471375000912982	0.488753815143943	1.73788142309606	0.0396629830930222	1.29850703723208	0.197012925024431	0.368356766359588	-0.0344843279675029	0.127177045277291	-0.0320517093719417	0.449327775415958
RBPMS	FALSE	FALSE	chr8	+	cassette exon	30547292	30547522	231	coding exon	protein_coding	chr8:30544625-30547291	chr8:30544625-30558886	skipping	TRUE	FALSE	0.20013340906331	0.249877090041067	0.1718819834179	-7.79951066231671	-0.257745849176082	-4.45668609019286	2.12297063298606e-05	0.000241479034206876	0.127011996031481	0.000795040331226445	0.0930421757822758	0.107228436807166
RECK	FALSE	FALSE	chr9	+	cassette exon	36085902	36086181	280	non-coding annotation only	processed_transcript	chr9:36083563-36085901	chr9:36083563-36087693	inclusion	TRUE	FALSE	0.0707112426862812	0.0437799253789248	0.08903805121479	4.52581258358652	0.22176369737002	2.61628146147375	0.0102255920335251	0.0379528977350649	0.0464167027222475	0.608982110039423	0.104771783453691	0.283277700446563
RER1	FALSE	FALSE	chr1	+	unannotated splice site	2391959	2393355	1397	not an annotated exon	""	chr1:2393356-2395783	chr1:2391959-2395783	inclusion	TRUE	FALSE		0.388811596732037	0.26537900284773	-12.3432593884307	-0.207495807107911	-1.41145651692809	0.161183236957758	0.317419912503379	-0.0124667785569371	0.987823745136366	-0.060775985930596	0.919512758906035
RHOC	FALSE	FALSE	chr1	-	cassette exon	112705100	112706252	1153	coding exon	protein_coding	chr1:112703807-112705099	chr1:112703807-112707077	skipping	TRUE	FALSE	0.0968534626905457	0.0948283201514486	0.103672911431777	0.884459128032795	0.0256218007464412	0.311816901456683	0.755809983487704	0.890705006365513	0.0402245390580738	0.648089822822384	0.053488539851899	0.790072509883377
RNASEK	FALSE	FALSE	chr17	+	other	7012758	7012761	4	not an annotated exon	""	chr17:7012762-7013665	chr17:7012758-7013665	skipping	TRUE	FALSE	0.152423543867988	0.140413698050053	0.161755546362253	2.13418483122004	0.0950698897362075	1.18945694756873	0.2369946315096	0.415687850316736	-0.0384194626509413	0.661241366787301	-0.0243127560046826	0.983234759464368
RNASEK-C17orf49	FALSE	FALSE	chr17	+	unannotated splice site	7016526	7016685	160	not an annotated exon	""	chr17:7016686-7016909	chr17:7016526-7016909	skipping	TRUE	FALSE	0.0727416867875411	0.0722019806631066	0.0747495595037297	0.254757884062311	0.0657931708762297	0.914452371040272	0.362614957949407	0.564001100674984	-0.000488782612439212	1	0.0141563998547359	1
RNASEK-C17orf49	FALSE	FALSE	chr17	+	alternative 3' splice site	7017257	7017260	4	coding exon	protein_coding	chr17:7017015-7017256	chr17:7017015-7017260	inclusion	TRUE	FALSE	0.317061213892977	0.313969004505885	0.311292769080979	-0.267623542490608	0.0458137557053461	0.795893516350938	0.427924399345777	0.619043335676302	-0.016347756927198	0.828904795915588	-0.00914451020358376	1
RND3	FALSE	FALSE	chr2	-	cassette exon	150486694	150486781	88	coding exon	processed_transcript;protein_coding	chr2:150474985-150486693	chr2:150474985-150487267	skipping	FALSE	TRUE	0.0289438623459602	0.029555507598825	0.0270452326187375	-0.251027498008748	-0.0855683008607531	-1.23051792228316	0.221306011380105	0.398023133106154	0.00933478638903233	0.95197078235111	-0.00808481792892604	1
RNF181	FALSE	FALSE	chr2	+	cassette exon	85596822	85596931	110	coding exon	protein_coding	chr2:85596650-85596821	chr2:85596650-85597103	skipping	TRUE	TRUE	0.0615311317492524	0.0516883667297236	0.0627486571916574	1.10602904619338	0.192132973919857	2.2315116429274	0.027813999822166	0.0824001858843089	-0.0358768119145621	0.722097216072126	0.000446154411338019	1
RNF181	FALSE	FALSE	chr2	+	alternative 3' splice site	85596822	85596856	35	coding exon	protein_coding	chr2:85596650-85596821	chr2:85596650-85596856	skipping	TRUE	FALSE	0.0724523571800388	0.0702473794784289	0.0707179384560633	0.0470558977634344	-0.0565937518476333	-0.797349665219856	0.427082271948688	0.618351131075984	0.0152599079779112	0.880831938517892	0.0054386011449018	1
RNF7	FALSE	FALSE	chr3	+	other	141738510	141738516	7	not an annotated exon	""	chr3:141738517-141743508	chr3:141738510-141743508	skipping	TRUE	FALSE	0.113583722141057	0.113708090000289	0.108990237638284	-0.47178523620052	-0.0367675503891024	-0.732636208825365	0.465444318883692	0.654663411300015	-0.0145515538935566	0.823063273377401	-0.0255091751148213	0.86229873788958
RNH1	FALSE	FALSE	chr11	-	cassette exon	502214	502249	36	non-coding annotation only	processed_transcript	chr11:502250-507112	chr11:502182-507112	inclusion	TRUE	TRUE		0.361331204967375	0.403697048765653	4.23658437982787	0.0972585315658609	1.23461625119927	0.219838041322107	0.397320364792221	-0.0283175729379343	0.767663771811897	-0.0118350933796632	1
RNH1	FALSE	FALSE	chr11	-	cassette exon	504824	504996	173	coding exon	processed_transcript;protein_coding;retained_intron	chr11:502250-504823	chr11:502250-507112	skipping	TRUE	TRUE		0.584570780164697	0.692937572873924	10.8366792709227	0.0961009341834879	1.09336386659117	0.276834970157505	0.46725346575964	-0.0709072471424794	0.340244473451681	-0.062737382809283	0.729704973607922
RNH1	FALSE	FALSE	chr11	-	cassette exon	506609	506821	213	coding exon	protein_coding	chr11:502182-506608	chr11:502182-507112	inclusion	TRUE	FALSE	0.104307306427734	0.13376837328679	0.0757271142699399	-5.80412590168503	-0.0533845275806523	-0.43247922290373	0.666297287885489	0.822831182316103	-0.0488384254823481	0.726933980894644	-0.0699323035632827	0.833832763744196
RPL10	FALSE	FALSE	chrX	+	cassette exon	154400464	154400626	163	coding exon	protein_coding;retained_intron	chrX:154400627-154400701	chrX:154399942-154400701	skipping	TRUE	TRUE	0.10614333471895	0.157739480114371	0.0803115331261699	-7.7427946988201	-0.0496972132616417	-0.560271264442648	0.576511012892184	0.757617447776785	0.0519107038620264	0.549633883024578	0.0504906685479003	0.829640025388377
RPL12	FALSE	FALSE	chr9	-	other	127451050	127451280	231	not an annotated exon	""	chr9:127450805-127451049	chr9:127450805-127451280	skipping	TRUE	FALSE		0.823129157576365	0.812217319610179	-1.09118379661858	-0.0585077381055225	-0.577329842125722	0.565014216047464	0.749459184390572	-0.0454911872441299	0.683759439962875	-0.0672469745385512	0.78017861755723
RPL13A	FALSE	FALSE	chr19	+	alternative 5' splice site	49489913	49489922	10	coding exon	processed_transcript;protein_coding;retained_intron	chr19:49489923-49490231	chr19:49489913-49490231	skipping	TRUE	FALSE	0.00599556939939492	0.00772331194380171	0.00467966474643943	-0.304364719736228	-0.157895439474439	-4.38422950999724	2.81360431660275e-05	0.000305263285099044	0.0345279964333732	0.28433422698193	0.00562135913469096	1
RPL28	FALSE	FALSE	chr19	+	cassette exon	55388243	55388373	131	coding exon	protein_coding	chr19:55388049-55388242	chr19:55388049-55391553	skipping	TRUE	FALSE	0.0174241999163759	0.0214260259706303	0.0151154587768178	-0.631056719381253	-0.175036050173233	-2.61068256227494	0.0103837083837429	0.0380730198619683	-0.0164622311259624	0.863205297776067	-0.0587472408577334	0.584432252654789
RPL30	FALSE	FALSE	chr8	-	alternative 3' splice site	98042719	98042775	57	coding exon	nonsense_mediated_decay;protein_coding;retained_intron	chr8:98042776-98044942	chr8:98042719-98044942	skipping	TRUE	FALSE	0.0590641688225075	0.0573152950803543	0.060821342228139	0.350604714778478	0.054653289111631	2.44977800313166	0.0159809583964127	0.0539734255275069	-0.0176125939367688	0.374544955430871	-0.00866605559076746	0.944113575193574
RPL31	FALSE	FALSE	chr2	+	unannotated splice site	101004284	101004308	25	not an annotated exon	""	chr2:101004309-101005958	chr2:101004284-101005958	inclusion	TRUE	FALSE	0.00552844696683023	0.00538856615924211	0.00575468958748133	0.036612342823922	-0.0357734315201577	-1.45448224762719	0.148853285387144	0.30116003783562	0.00296443865766063	0.962836242440104	-0.00449365935315421	1
RPL36A-HNRNPH2	FALSE	FALSE	chrX	+	unannotated splice site	101408308	101408319	12	not an annotated exon	""	chrX:101408320-101411935	chrX:101408308-101411935	skipping	TRUE	FALSE	0.108258446202944	0.112056689150804	0.0980577232093516	-1.39989659414522	0.0645252008744515	0.835259379465793	0.405504967715455	0.598577428472337	-0.0194941352044806	0.853314767246427	-0.00868844070196578	1
RPL6	FALSE	FALSE	chr12	-	cassette exon	112408420	112408952	533	coding exon	protein_coding	chr12:112408339-112408419	chr12:112408339-112410319	skipping	TRUE	FALSE	0.210742887850124	0.180947887534567	0.218908580077235	3.79606925426678	0.0626798106916049	1.74859223095687	0.0833408219272295	0.191903950829051	-0.039772426398745	0.142276868572719	-0.0331736915650663	0.531559292179633
RPLP0	FALSE	FALSE	chr12	-	alternative 5' splice site	120200719	120200729	11	non-coding annotation only	nonsense_mediated_decay;retained_intron	chr12:120199486-120200718	chr12:120199486-120200729	inclusion	TRUE	FALSE	0.00991206166392847	0.0128638780096631	0.00788539706890184	-0.497848094076123	-0.202198771681897	-6.05805364527079	2.27665448303416e-08	6.67750442196375e-07	0.0255368364256775	0.472367357846902	-0.014975090035068	0.907169199855509
RPLP0	FALSE	FALSE	chr12	-	cassette exon	120198554	120198739	186	coding exon	nonsense_mediated_decay;protein_coding;retained_intron	chr12:120198740-120198853	chr12:120197463-120198853	inclusion	TRUE	TRUE	0.431941745657752	0.42396072874244	0.430427407794717	0.646667905227644	-0.177637936012749	-1.32776920458642	0.187189463837256	0.355022888547221	-0.0431727903852079	0.798373901371683	-0.091037538451867	0.763742089132858
RPLP1	FALSE	FALSE	chr15	+	cassette exon	69453647	69453721	75	coding exon	protein_coding	chr15:69453722-69455169	chr15:69453021-69455169	skipping	TRUE	TRUE	0.0153428905118239	0.00815708675249503	0.0208745803802575	1.27174936277625	0.377213061638114	8.11820661631348	1.07168528128048e-12	8.2836400946249e-11	-0.0892781952624616	0.0188317997396905	-0.0214904581752452	0.893463027732842
RPLP2	FALSE	FALSE	chr11	+	unannotated splice site	812760	812762	3	not an annotated exon	""	chr11:812634-812759	chr11:812634-812762	skipping	TRUE	FALSE	0.0124866726872301	0.0118885832120299	0.0138020601124568	0.191347690042696	0.00065130308339643	0.0212822445344096	0.983061681446761	1	0.0021601047784491	1	0.0027100943279708	1
RPN2	FALSE	FALSE	chr20	+	cassette exon	37238402	37238449	48	coding exon	protein_coding	chr20:37236710-37238401	chr20:37236710-37241302	inclusion	TRUE	FALSE	0.0589945168519467	0.0463285956150188	0.0698441728000789	2.35155771850601	0.186299625630699	3.32459866679215	0.00122730357041126	0.00729730671847682	-0.0198886251857597	0.788449142494701	0.0181188015734351	0.982438621677276
RPS12	FALSE	FALSE	chr6	+	alternative 5' splice site	132815089	132815224	136	non-coding annotation only	retained_intron	chr6:132815225-132816460	chr6:132815089-132816460	inclusion	TRUE	FALSE	0.0115982892375192	0.0214245925646649	0.00660633948357984	-1.48182530810851	-0.309359985769731	-6.25575858477792	9.1482080264916e-09	3.0502995586372e-07	0.099853058880199	0.00528155141722205	0.049241654715243	0.479294981995654
RPS14	FALSE	FALSE	chr5	-	cassette exon	150449486	150449691	206	coding exon	protein_coding	chr5:150447736-150449485	chr5:150447736-150449702	inclusion	TRUE	FALSE	0.297831948993293	0.240949346015157	0.332613440373819	9.1664094358662	0.291562136743463	5.06356520297695	1.81014436511252e-06	3.12502588109019e-05	-0.102954150782937	0.0107098532799604	-0.0569093274716699	0.482705558022424
RPS14	FALSE	FALSE	chr5	-	cassette exon	150449492	150449696	205	coding exon	protein_coding	chr5:150447736-150449491	chr5:150447736-150449702	inclusion	TRUE	FALSE	0.127831792721636	0.0897253714611523	0.156246311090947	6.65209396297944	0.357475756688833	4.00846464132491	0.000115800784149679	0.00104190070606629	-0.105644489836875	0.138240225065138	-0.0453393681043156	0.86229873788958
RPS15A	FALSE	FALSE	chr16	-	cassette exon	18786240	18786336	97	coding exon	nonsense_mediated_decay;protein_coding	chr16:18784824-18786239	chr16:18784824-18788062	inclusion	TRUE	FALSE	0.00944455504897065	0.00936684400502499	0.00927797031718996	-0.00888736878350334	0.0608435124302043	1.46277685877405	0.146573215992358	0.297077179731829	-0.00554585014344572	0.95197078235111	0.00704462167347513	1
RPS16	FALSE	FALSE	chr19	-	alternative 5' splice site	39435607	39435657	51	coding exon	protein_coding	chr19:39433762-39435606	chr19:39433762-39435657	skipping	TRUE	FALSE	0.0128784209938118	0.00977519728171494	0.0145255642496706	0.475036696795566	0.107374841969438	1.85556024044744	0.0663755743747821	0.159874878504698	-0.0181696702272151	0.800865304330796	0.0024814399912777	1
RPS24	FALSE	FALSE	chr10	+	cassette exon	78040204	78040225	22	coding exon	protein_coding	chr10:78037305-78040203	chr10:78037305-78040614	skipping	TRUE	TRUE	0.270293920297284	0.178016264747167	0.349607700542157	17.159143579499	0.467199944751343	9.89732038313602	1.25184341913393e-16	1.52054266731233e-14	-0.123070271187942	0.00198640514764407	-0.0414486578865475	0.582206591073488
RPS25	FALSE	FALSE	chr11	-	alternative 3' splice site	119017434	119017545	112	coding exon	nonsense_mediated_decay;protein_coding	chr11:119017546-119017957	chr11:119017434-119017957	skipping	TRUE	FALSE	0.00636908530670096	0.00609051320135392	0.00608457943902302	-0.000593376233090377	-0.0541133367829711	-1.485398642416	0.140492541065292	0.286803800818163	0.0437744546693288	0.0928275975160443	0.0398431649662603	0.409302684141482
RPS5	FALSE	FALSE	chr19	+	cassette exon	58393359	58393487	129	coding exon	protein_coding	chr19:58393488-58394496	chr19:58388246-58394496	skipping	TRUE	FALSE	0.0531792702343971	0.113989402917142	0.0220060340969901	-9.1983368820152	-0.36101416111959	-3.40245818358816	0.000952106840767781	0.00600763518636591	0.107684010926111	0.223153971207964	0.0469678924026522	0.909584769224396
RPS5	FALSE	FALSE	chr19	+	cassette exon	58392976	58393185	210	coding exon	protein_coding;retained_intron	chr19:58388246-58392975	chr19:58388246-58394496	skipping	TRUE	FALSE	0.0224444218888894	0.0196811552119357	0.0231574407781282	0.347628556619256	0.0390732946673568	0.88561434377718	0.377888283278811	0.576735013699811	-0.0359468717906752	0.334038183987725	-0.033919943751486	0.685750082706529
RPS6	FALSE	FALSE	chr9	-	unannotated splice site	19200698	19378514	177817	not an annotated exon	""	chr9:19378515-19378707	chr9:19200698-19378707	skipping	FALSE	FALSE	0.130159037554169	0.152346194398526	0.120590788266819	-3.1755406131707	-0.0541041726882666	-1.71913855174626	0.0885930940854759	0.200870075323136	0.0138178145906595	0.694106923497671	0.00428434994822847	1
RPS6	FALSE	FALSE	chr9	-	unannotated splice site	19200909	19378918	178010	not an annotated exon	""	chr9:19378919-19379486	chr9:19200909-19379486	skipping	FALSE	FALSE	0.0437437253091787	0.100303282350998	0.0154811123854352	-8.48221699655627	-0.125719057369953	-1.6785376278633	0.0962737418014285	0.214284683158808	0.0537122956103772	0.430075290286555	0.0356016155273732	0.882454942920744
RPS6	FALSE	FALSE	chr9	-	unannotated splice site	19200426	19376388	175963	not an annotated exon	""	chr9:19376389-19376493	chr9:19200426-19376493	skipping	FALSE	FALSE	0.0259287226098734	0.0232125897781203	0.0260731904028488	0.286060062472846	-0.0478989577697013	-0.956934497180688	0.340841020476817	0.537662481744738	0.0327081232550988	0.475628551183765	0.0280984886587396	0.837557041018934
RPS6	FALSE	FALSE	chr9	-	unannotated splice site	19376590	19376651	62	not an annotated exon	""	chr9:19376652-19378367	chr9:19376590-19378367	skipping	TRUE	TRUE	0.00323090581663022	0.00252165895073494	0.00342486822062067	0.090320926988573	0.00684430823932072	0.682523686670689	0.496440017071491	0.686896866582644	0.000857009555583755	0.987823745136366	0.00255035325989727	1
RPS8	FALSE	FALSE	chr1	+	alternative 5' splice site	44776715	44776774	60	coding exon	processed_transcript;protein_coding	chr1:44776775-44777613	chr1:44776715-44777613	skipping	TRUE	FALSE	0.0115906401265036	0.0106154400077838	0.012666859778401	0.205141977061714	0.0651530351813812	1.75670787020127	0.0819394488499207	0.189939777543162	-0.0125811452459005	0.78944915403528	-0.000341557693358281	1
RPS9	FALSE	FALSE	chr19	+	cassette exon	54206553	54206724	172	NMD-only exon	nonsense_mediated_decay	chr19:54206725-54207397	chr19:54206463-54207397	inclusion	TRUE	FALSE	0.00731889639857496	0.00900547980405136	0.00566168727781384	-0.334379252623752	-0.180236676050467	-4.42633667536227	2.38959939677849e-05	0.000265589135570054	0.0174307446510105	0.72977551125966	-0.0196784932292247	0.875851163913888
RPS9	FALSE	FALSE	chr19	+	cassette exon	54206276	54206462	187	coding exon	nonsense_mediated_decay;protein_coding	chr19:54206463-54207397	chr19:54201610-54207397	skipping	TRUE	TRUE	0.0220247555526102	0.0171673923686127	0.0230493175613124	0.588192519269961	0.0741932773426403	1.66003163313998	0.0999496925952026	0.221163893634537	-0.0252948588867762	0.576090040131699	-0.0134088567970051	0.985187378373503
RRBP1	FALSE	FALSE	chr20	-	other	17658596	17658604	9	not an annotated exon	""	chr20:17643128-17658595	chr20:17643128-17658604	skipping	TRUE	FALSE	0.123412026568919	0.111705495140484	0.138348000990883	2.66425058503987	0.101035530594559	2.86951479936261	0.00498898928745964	0.0219502620525876	-0.00316079155472091	0.986696852927282	0.0188782444525381	0.853966070835217
RRBP1	FALSE	FALSE	chr20	-	cassette exon	17679999	17680075	77	coding exon	protein_coding	chr20:17680076-17682027	chr20:17660529-17682027	inclusion	TRUE	TRUE		0.211736207725851	0.235612726701852	2.38765189760014	0.205345364353858	2.05654688528432	0.0422825895031176	0.11278673482361	0.0163450753154716	0.92969158355466	0.0649035552678538	0.789223352043803
RSU1	FALSE	FALSE	chr10	-	cassette exon	16816973	16817084	112	coding exon	protein_coding	chr10:16782085-16816972	chr10:16782085-16817314	skipping	TRUE	TRUE	0.122611416057079	0.10943406097943	0.134109454841607	2.46753938621774	0.102519981762299	1.70344412588363	0.0915004948965708	0.205815597316956	-0.0237090236433479	0.731211994371504	-0.00518161584522325	1
RTN4	FALSE	FALSE	chr2	-	cassette exon	54974695	54974764	70	coding exon	protein_coding	chr2:54974765-54982514	chr2:54973622-54982514	skipping	TRUE	FALSE	0.00867697928170348	0.00746245145309991	0.00937056153742239	0.190811008432248	0.0601296731778178	1.39341687634355	0.166493368973714	0.326177389331574	-0.0472268040200942	0.146049130383861	-0.0425938092614348	0.482705558022424
RTN4	FALSE	FALSE	chr2	-	cassette exon	54973821	54973867	47	coding exon	protein_coding	chr2:54973622-54973820	chr2:54973622-54982514	skipping	TRUE	FALSE	0.010317624223779	0.00922891777649474	0.0104269740927036	0.119805631620891	0.0662156355258418	1.2508175692121	0.213834901117937	0.391541937332038	-0.0618030951019492	0.105756440661959	-0.0585338446707817	0.399393434168189
RXRB	FALSE	FALSE	chr6	-	alternative 3' splice site	33195455	33195466	12	coding exon	protein_coding	chr6:33195467-33195569	chr6:33195455-33195569	inclusion	TRUE	FALSE	0.301748298426145	0.284102260275671	0.30063568713034	1.65334268546687	-0.0141422367086383	-0.251387676934652	0.802015254860585	0.917310980242432	0.0225719704418766	0.724656472445455	0.0236270530587117	0.91701834432199
S100A16	FALSE	FALSE	chr1	-	cassette exon	153608899	153609344	446	coding exon	protein_coding	chr1:153608178-153608898	chr1:153608178-153612951	skipping	TRUE	FALSE		0.731115557211588	0.83916669533511	10.8051138123522	0.162852190971714	1.26319153078533	0.209400167927563	0.385999984347773	0.0912188370508772	0.431663923311882	0.14421208685968	0.380019352242775
S100A4	FALSE	FALSE	chr1	-	cassette exon	153545470	153545518	49	coding exon	protein_coding	chr1:153544810-153545469	chr1:153544810-153545752	skipping	TRUE	TRUE	0.135952599765523	0.158462096233858	0.11340424182572	-4.50578544081373	-0.266756237504677	-5.74026863662439	9.59617991740298e-08	2.3649715868904e-06	0.10382560371603	0.00114057330825421	0.0634999366038923	0.198098935670926
S100A4	FALSE	FALSE	chr1	-	unannotated splice site	153545470	153545479	10	not an annotated exon	""	chr1:153544810-153545469	chr1:153544810-153545479	skipping	TRUE	FALSE	0.14789211668174	0.143331991219172	0.15153068299167	0.819869177249766	0.0215963043495111	0.908168859592068	0.36590900363793	0.565863456030206	0.00862335572094565	0.763428603625631	0.015073824030336	0.790958395735541
S100A4	FALSE	FALSE	chr1	-	alternative 3' splice site	153543924	153543939	16	non-coding annotation only	processed_transcript	chr1:153543940-153544653	chr1:153543924-153544653	inclusion	TRUE	FALSE	0.0288561057310815	0.0317598072379612	0.0295519414603449	-0.220786577761622	0.00361221122184699	0.0978481735364337	0.922243012597118	0.996932342607957	0.0296636934975622	0.340592506464797	0.0360221950068537	0.483664310571942
S100A4	FALSE	FALSE	chr1	-	cassette exon	153544958	153545063	106	coding exon	protein_coding	chr1:153544810-153544957	chr1:153544810-153545469	inclusion	TRUE	FALSE	0.0275380722295424	0.0285444578351625	0.029321356961623	0.0776899126460468	0.00266491908440765	0.048296185391808	0.961573719012788	1	0.0397216925343022	0.418553547379619	0.0477496457725278	0.595237507023469
S100A6	FALSE	FALSE	chr1	-	alternative 3' splice site	153535361	153535375	15	coding exon	protein_coding	chr1:153535376-153535948	chr1:153535361-153535948	inclusion	TRUE	FALSE	0.029855164687188	0.025063019132144	0.0320688426463725	0.700582351422848	0.133799659886134	2.32733040330279	0.0219039351537809	0.068094409010977	-0.018255011487789	0.800312332292369	0.00829887182262428	1
S100A6	FALSE	FALSE	chr1	-	unannotated splice site	153534828	153534830	3	not an annotated exon	""	chr1:153534831-153535201	chr1:153534828-153535201	skipping	TRUE	FALSE	0.00107490722647573	0.000923242666629843	0.00116163533658505	0.0238392669955208	1.06524336543582e-16	2.91633052427992e-14	0.999999999999977	1	-3.81273629963851e-17	1	-2.14003971945129e-17	1
SAE1	FALSE	FALSE	chr19	+	cassette exon	47197233	47197377	145	coding exon	nonsense_mediated_decay;protein_coding	chr19:47197378-47203670	chr19:47169924-47203670	skipping	TRUE	TRUE	0.0514916619298842	0.0401352694384455	0.0551400452094065	1.5004775770961	0.30708581836461	3.57681302264711	0.000531594500469869	0.00370482150839759	-0.0322591132228446	0.771885204182921	0.0304882520918131	0.96580989741943
SAE1	FALSE	FALSE	chr19	+	unannotated splice site	47203741	47205129	1389	not an annotated exon	""	chr19:47205130-47209158	chr19:47203741-47209158	inclusion	TRUE	FALSE	0.0865571865664307	0.0902065725149615	0.08609780534222	-0.410876717274154	-0.0523419360519636	-0.645577616948496	0.519988523633524	0.709663310143505	0.047342129471974	0.549633883024578	0.044475038710073	0.846802145998523
SARAF	FALSE	FALSE	chr8	-	cassette exon	30073877	30074055	179	coding exon	protein_coding	chr8:30070060-30073876	chr8:30070060-30082846	skipping	TRUE	TRUE	0.0526044263348371	0.029669712014503	0.067881001065683	3.821128905118	0.385361472707182	6.07889154001183	2.06925914845441e-08	6.28352711061915e-07	-0.0984409193541905	0.0451101325357725	-0.030542211764964	0.876680629691037
SCYL1	FALSE	FALSE	chr11	+	alternative 3' splice site	65536986	65537036	51	coding exon	nonsense_mediated_decay;protein_coding	chr11:65536751-65536985	chr11:65536751-65537036	skipping	TRUE	FALSE	0.40826171225287	0.414802383561576	0.408046670685422	-0.67557128761549	0.000899636537609554	0.0175431149799156	0.986037274936604	1	0.00257682611296644	1	0.00326039778628224	1
SDCBP	FALSE	FALSE	chr8	+	alternative 3' splice site	58575900	58575902	3	coding exon	protein_coding;retained_intron	chr8:58572315-58575899	chr8:58572315-58575902	skipping	TRUE	FALSE	0.235251901858598	0.234713470461284	0.229013270760163	-0.570019970112168	-0.033042537699715	-0.938752637729997	0.350053937063405	0.549392450370393	-0.0244401262804897	0.444515837414915	-0.0364133380505313	0.467221360199274
SDF2	FALSE	FALSE	chr17	-	cassette exon	28661726	28661906	181	coding exon	protein_coding	chr17:28655484-28661725	chr17:28655484-28662045	skipping	TRUE	FALSE	0.156228052930447	0.154468975196451	0.149924806634374	-0.454416856207704	0.186471535418558	1.95826762652566	0.0529032743148181	0.133375860596513	-0.069357211749296	0.421773183872124	-0.0405657629131248	0.91701834432199
SDF4	FALSE	FALSE	chr1	-	alternative 3' splice site	1217689	1217804	116	coding exon	nonsense_mediated_decay;protein_coding	chr1:1217805-1218457	chr1:1217689-1218457	inclusion	TRUE	FALSE	0.0288788087940067	0.0297780907093692	0.0285439301617876	-0.12341605475816	-0.00876843152048935	-0.122277545380804	0.902917472760562	0.985939725420874	0.0754451453008645	0.16287048030762	0.0875952811967937	0.292458316033086
SDHC	FALSE	FALSE	chr1	+	cassette exon	161356677	161356840	164	coding exon	nonsense_mediated_decay;protein_coding	chr1:161356841-161362328	chr1:161340656-161362328	skipping	TRUE	TRUE	0.054920347294483	0.0486813414788207	0.0583713052189041	0.968996374008346	0.17695232072567	2.68595825194699	0.00843196677656895	0.0331949800121101	-0.0647796254669183	0.229845728226718	-0.0372639636174278	0.833940535409399
SEC11A	FALSE	FALSE	chr15	-	cassette exon	84714731	84714866	136	coding exon	protein_coding	chr15:84691645-84714730	chr15:84691645-84716024	inclusion	TRUE	FALSE	0.161727379741648	0.164659743727269	0.158520917757974	-0.613882596929569	0.142040774588963	1.34670832887582	0.18103002194539	0.345695173855291	-0.0167825653351209	0.933493501441889	0.0118926587240126	1
SEC24D	FALSE	FALSE	chr4	-	unannotated splice site	118815156	118815158	3	not an annotated exon	""	chr4:118815159-118815450	chr4:118815156-118815450	inclusion	TRUE	FALSE	0.30148586402083	0.290747678948079	0.318869865449188	2.8122186501109	0.0240534317141368	0.56444198241776	0.573680504996517	0.755357103171955	-0.0199528195887299	0.673618707240311	-0.0182979668619218	0.91701834432199
SEC31A	FALSE	FALSE	chr4	-	cassette exon	82842140	82842481	342	coding exon	protein_coding	chr4:82842482-82844385	chr4:82829059-82844385	inclusion	TRUE	TRUE	0.366394544949357	0.347574211911038	0.383418143431041	3.58439315200027	0.216962237050948	5.35844700451355	5.14905263051224e-07	1.00643264346966e-05	-0.055295056967678	0.0842536324072403	-0.0170434569064962	0.91701834432199
SEC31A	FALSE	FALSE	chr4	-	cassette exon	82861631	82861708	78	coding exon	protein_coding	chr4:82857765-82861630	chr4:82857765-82863317	skipping	TRUE	TRUE	0.182790943177188	0.155031742237383	0.215004005982764	5.99722637453806	0.184351476659894	4.09760862609652	8.33772375708127e-05	0.000781173512337008	-0.0140748150548642	0.823063273377401	0.0245838931708477	0.846802145998523
SEC31A	FALSE	FALSE	chr4	-	cassette exon	82862534	82862572	39	coding exon	protein_coding	chr4:82862573-82863317	chr4:82857765-82863317	skipping	TRUE	FALSE	0.256739503393684	0.24008613420783	0.275366467245618	3.52803330377881	0.163235487366688	3.85748141944195	0.000199877966208729	0.00168681132276895	-0.0472067221630536	0.169966229918547	-0.0194759094732081	0.894056176820071
SEC31A	FALSE	FALSE	chr4	-	cassette exon	82845201	82845293	93	coding exon	protein_coding	chr4:82845294-82848803	chr4:82844510-82848803	inclusion	TRUE	TRUE	0.086702247212381	0.0749374846349909	0.0881784847260965	1.32410000911056	0.0965211102302342	1.69659461380429	0.0927935335315461	0.20780853673021	-0.0522100283693715	0.268661481983372	-0.0403581825368431	0.741886104162562
SELENOF	FALSE	FALSE	chr1	-	cassette exon	86868053	86868102	50	coding exon	nonsense_mediated_decay;processed_transcript;protein_coding	chr1:86863606-86868052	chr1:86863606-86880661	skipping	TRUE	TRUE	0.0718696849384639	0.0607333798915704	0.0860911941940564	2.5357814302486	0.232663972148929	3.74818284135667	0.000294232807065035	0.00226912874564214	0.00768139845429016	0.965807695505628	0.0612314449503614	0.482705558022424
SEPTIN11	FALSE	FALSE	chr4	+	cassette exon	77034497	77038615	4119	coding exon	protein_coding	chr4:77030971-77034496	chr4:77030971-77039742	skipping	TRUE	FALSE	0.125610757457212	0.17034475911788	0.0990509510541015	-7.12938080637785	-0.334179228033819	-7.47497897003911	2.63492876657138e-11	1.42244329128719e-09	0.060521409440926	0.143541900070458	-0.00300719521217606	1
SEPTIN2	FALSE	FALSE	chr2	+	cassette exon	241315861	241315982	122	coding exon	processed_transcript;protein_coding	chr2:241315983-241324215	chr2:241315611-241324215	skipping	TRUE	FALSE	0.303139908668606	0.390352465416689	0.264917106018521	-12.5435359398168	-0.13377626384381	-2.07788848378911	0.0402060783821576	0.107416239259794	0.0114774152046772	0.921043884018982	-0.0163391667497572	1
SEPTIN2	FALSE	FALSE	chr2	+	cassette exon	241317499	241317599	101	coding exon	nonsense_mediated_decay;processed_transcript;protein_coding	chr2:241317600-241324215	chr2:241315983-241324215	inclusion	TRUE	FALSE	0.158996412797586	0.197312492488093	0.147504205458819	-4.98082870292738	-0.0968022344138489	-1.27409218992981	0.205498032516058	0.379218018766747	0.0688889418233946	0.270539373358204	0.060094385995821	0.6795514575508
SERBP1	FALSE	FALSE	chr1	-	cassette exon	67424285	67424322	38	non-coding annotation only	processed_transcript	chr1:67424323-67424887	chr1:67424278-67424887	skipping	TRUE	FALSE	0.325577916555854	0.269758789106471	0.361585333856864	9.18265447503927	0.173036022220111	1.87130382570731	0.064140900058685	0.155927949320649	-0.0451919876046621	0.657628379596285	-0.0148890986598791	1
SERPINE2	FALSE	FALSE	chr2	-	alternative 3' splice site	223980398	223980400	3	coding exon	protein_coding	chr2:223980401-223982680	chr2:223980398-223982680	inclusion	TRUE	FALSE	0.233206058927138	0.231617447811554	0.232487818986888	0.0870371175334256	0.0274215800505443	1.29093474554549	0.199616285764228	0.371486935018776	0.00587145076298082	0.837889846895872	0.0131118672923043	0.790958395735541
SERPINH1	FALSE	FALSE	chr11	+	cassette exon	75562370	75563770	1401	coding exon	protein_coding	chr11:75563771-75566315	chr11:75562320-75566315	inclusion	TRUE	FALSE		0.0603722453668675	0.0454842233923	-1.48880219745675	0.012189001753324	0.127047722979114	0.899155220845946	0.983910873542643	0.0111254291680401	0.965767702536242	0.0158785243428483	1
SET	FALSE	FALSE	chr9	+	cassette exon	128689222	128689655	434	coding exon	protein_coding	chr9:128689656-128691169	chr9:128684008-128691169	skipping	TRUE	FALSE	0.259569201393443	0.244494976543859	0.252618738830762	0.81237622869032	0.0822154876815319	1.24405993366568	0.216301216607192	0.394022730412995	-0.0439747882053571	0.470242400274345	-0.033786542045532	0.861254318919693
SF3B1	FALSE	TRUE	chr2	-	cassette exon	197398969	197399028	60	coding exon	protein_coding	chr2:197398582-197398968	chr2:197398582-197400054	inclusion	TRUE	FALSE	0.0833807656302227	0.091446403452795	0.0783588289853245	-1.30875744674706	-0.114991973274333	-1.75129738711612	0.0828715347611481	0.19108209472723	-0.0283197491926862	0.700297042674018	-0.0593741219917134	0.559788001473919
SFPQ	FALSE	FALSE	chr1	-	cassette exon	35182936	35184593	1658	coding exon	protein_coding	chr1:35184594-35187000	chr1:35178037-35187000	skipping	TRUE	FALSE	0.107231145814808	0.122032076203216	0.10021529733367	-2.18167788695462	-0.153516251512941	-2.77912250016394	0.00647972262684878	0.0272404655796202	0.0467535884064351	0.33191838012724	0.021114958483916	0.945406621275832
SH2D4A	FALSE	FALSE	chr8	+	cassette exon	19357203	19357283	81	coding exon	protein_coding	chr8:19334858-19357202	chr8:19334858-19361202	skipping	TRUE	FALSE		0.396188014616774	0.43499673007038	3.88087154536055	0.106792097653663	2.0937008412264	0.0387660665504965	0.104224025563825	-0.0509529929978398	0.215423660888265	-0.0365806008844831	0.729704973607922
SHC1	FALSE	FALSE	chr1	-	cassette exon	154968204	154968257	54	coding exon	protein_coding	chr1:154968032-154968203	chr1:154968032-154968494	skipping	TRUE	TRUE	0.0426025600254865	0.0373582850559113	0.050302702488398	1.29444174324867	0.1076171189581	2.00912419541561	0.0471401657065448	0.12247800119783	0.0266574039614591	0.648561225852984	0.055748938613554	0.459778966287498
SHC1	FALSE	FALSE	chr1	-	alternative 3' splice site	154966078	154966080	3	coding exon	protein_coding	chr1:154966081-154966161	chr1:154966078-154966161	skipping	TRUE	FALSE	0.341703175047794	0.362158303184497	0.327543334001554	-3.46149691829429	-0.0348023300836969	-1.25031292475333	0.214018365627832	0.391541937332038	0.0162463316800732	0.553188551093907	0.0114904945772855	0.921382924544024
SHMT2	FALSE	FALSE	chr12	+	cassette exon	57230086	57230244	159	coding exon	protein_coding	chr12:57230245-57230802	chr12:57229812-57230802	inclusion	TRUE	FALSE		0.271010978764832	0.12914426055919	-14.1866718205642	-0.605793381329566	-4.91888308582367	3.34572087834895e-06	5.14877679061755e-05	0.13645964448207	0.198843153158093	0.026457468259763	1
SKA2	FALSE	FALSE	chr17	-	cassette exon	59119319	59119495	177	coding exon	nonsense_mediated_decay;protein_coding	chr17:59112346-59119318	chr17:59112346-59131280	skipping	TRUE	FALSE	0.422468152768899	0.379842026006752	0.441645781216797	6.18037552100456	0.106258742205065	2.72832006645791	0.00748616769636453	0.0305281251023211	-0.0360666793974484	0.273865833709334	-0.0190136939855537	0.873559540669044
SLAIN2	FALSE	FALSE	chr4	+	cassette exon	48394576	48394653	78	coding exon	protein_coding	chr4:48394654-48420124	chr4:48383785-48420124	skipping	TRUE	FALSE	0.32113585721216	0.265303138480096	0.368477867231428	10.3174728751332	0.228422492519913	2.88932754414615	0.00470749076125503	0.0210751983142277	-0.0259726984362213	0.799785191078436	0.0203313838600959	1
SLC25A39	FALSE	FALSE	chr17	-	alternative 3' splice site	44322529	44322552	24	coding exon	protein_coding;retained_intron	chr17:44322553-44322807	chr17:44322529-44322807	inclusion	TRUE	FALSE	0.168952316174532	0.159307291703736	0.183685975967583	2.43786842638475	0.202745281069813	2.02177429246187	0.0457928227623207	0.119893879470045	-0.0277876278786538	0.837889846895872	0.0124256344790231	1
SLC2A14	FALSE	FALSE	chr12	-	unannotated splice site	7827495	7929683	102189	not an annotated exon	""	chr12:7821326-7827494	chr12:7821326-7929683	skipping	FALSE	FALSE	0.499826929733472	0.5	0.5	0	-0.000165678019707326	-0.044415701953876	0.964659040198503	1	0.000264207620788099	1	0.000276525808329714	1
SLC2A3	FALSE	FALSE	chr12	-	unannotated splice site	7821326	7925948	104623	not an annotated exon	""	chr12:7925949-7929683	chr12:7821326-7929683	skipping	FALSE	FALSE	0.434034890592308	0.451970214740097	0.42592174831837	-2.6048466421727	-0.0192165517199444	-1.51504878195492	0.1328229032757	0.275445545146742	0.00292018331280437	0.8705043106488	-0.000837716388608154	1
SLC2A3	FALSE	FALSE	chr12	-	unannotated splice site	7819584	7924511	104928	not an annotated exon	""	chr12:7924512-7925843	chr12:7819584-7925843	skipping	FALSE	FALSE	0.495327102803738	0.486111111111111	0.5	1.38888888888889	0.0231820494532937	0.437907038197718	0.662370628186857	0.819482603114911	-0.00312194597802167	1	0.00148641673896611	1
SLC38A2	FALSE	FALSE	chr12	-	cassette exon	46370512	46370627	116	coding exon	processed_transcript;protein_coding	chr12:46370628-46370775	chr12:46367341-46370775	skipping	TRUE	TRUE	0.111560103712101	0.181764385228641	0.0775738882813302	-10.419049694731	-0.122391173909888	-1.94454008465335	0.0545576410351437	0.136534611597148	0.0830355733269795	0.0563367797657285	0.0711560255659711	0.376498861396169
SLC5A6	FALSE	FALSE	chr2	+	unannotated splice site	27212468	27212607	140	not an annotated exon	""	chr2:27212608-27213176	chr2:27212468-27213176	inclusion	TRUE	FALSE		0.0920402744962097	0.131121247247589	3.90809727513796	0.254992985596714	3.52879913462473	0.000627654334730628	0.00422703444043341	-0.0338434046214545	0.689289910634612	0.0164353574394094	1
SMARCA1	FALSE	FALSE	chrX	-	other	129447234	129447301	68	not an annotated exon	""	chrX:129447302-129448332	chrX:129447234-129448332	inclusion	TRUE	FALSE	0.18706513842974	0.212648782466751	0.160772292834933	-5.18764896318178	-0.0364366561906705	-0.480466513750745	0.631914614695353	0.800127179664518	0.0184945724390234	0.860764823443503	0.0137932686322942	1
SMARCA1	FALSE	FALSE	chrX	-	cassette exon	129493040	129493075	36	coding exon	protein_coding	chrX:129493076-129496749	chrX:129492094-129496749	skipping	TRUE	FALSE	0.294544885892337	0.312223399359206	0.302360083235383	-0.986331612382363	-0.013926244744041	-0.232242255591516	0.81681067819777	0.929398834576988	0.0215654452522381	0.765392451134293	0.0224806079369848	0.947283790071782
SMIM26	FALSE	FALSE	chr20	+	other	18569236	18569238	3	not an annotated exon	""	chr20:18567597-18569235	chr20:18567597-18569238	inclusion	TRUE	FALSE	0.334542851742762	0.34572099898218	0.320912294188375	-2.48087047938055	0.00220004763333342	0.0565729192947931	0.954995006554479	1	0.00713305275055968	0.908235881274469	0.00896026545936147	1
SMIM4	FALSE	FALSE	chr3	+	other	52536774	52536906	133	not an annotated exon	""	chr3:52536907-52540423	chr3:52536774-52540423	skipping	TRUE	FALSE	0.262992141251203	0.186815741244832	0.308623174376525	12.1807433131693	0.359569961699337	3.75812076986738	0.000284153084166634	0.0022165244019512	-0.0961869517949709	0.235599512534519	-0.0336434644160252	0.967495893884277
SMPD4	FALSE	FALSE	chr2	+	unannotated splice site	130182627	130190468	7842	not an annotated exon	""	chr2:130182453-130182626	chr2:130182453-130190468	skipping	TRUE	FALSE		0.0435526617956071	0.0538657591678348	1.03130973722277	0.123753175569701	1.44123208982758	0.152582108121827	0.306154424614946	0.00221220302268108	1	0.0300627391254121	0.967495893884277
SNRNP70	FALSE	FALSE	chr19	+	cassette exon	49102114	49102118	5	coding exon	protein_coding	chr19:49101472-49102113	chr19:49101472-49104633	inclusion	TRUE	FALSE	0.140295086843378	0.202271789593775	0.0924153678238915	-10.9856421769884	-0.486197038248516	-7.95827755288611	2.38897455292765e-12	1.76628314228412e-10	0.205951946931661	2.09450067359031e-06	0.135580623124427	0.0136229143699208
SNRNP70	FALSE	FALSE	chr19	+	other	49107795	49107821	27	not an annotated exon	""	chr19:49107713-49107794	chr19:49107713-49107821	skipping	TRUE	FALSE		0.483591097628856	0.442052826931515	-4.15382706973416	-0.135922448500039	-1.30701076184067	0.194206581680475	0.364512463739126	0.00274399681200161	1	-0.0266352269550709	1
SNX7	FALSE	FALSE	chr1	+	cassette exon	98738237	98738389	153	coding exon	protein_coding	chr1:98701904-98738236	chr1:98701904-98760053	skipping	TRUE	TRUE	0.16298424355284	0.153819436048166	0.17006894536383	1.62495093156639	0.116243680076789	1.10113970925851	0.273402473810637	0.463790879566186	-0.0725869463038267	0.45016910570193	-0.0601296313202638	0.829640025388377
SON	FALSE	FALSE	chr21	+	cassette exon	33572213	33572630	418	non-coding annotation only	retained_intron	chr21:33572631-33573307	chr21:33569088-33573307	inclusion	TRUE	FALSE	0.138625430770502	0.121655722186795	0.157523998430154	3.58682762433594	0.158863461783259	2.21867893171843	0.0287031068098046	0.0841545398794358	-0.0625712986761645	0.301785183292697	-0.0386941239737547	0.852250873181727
SON	FALSE	FALSE	chr21	+	cassette exon	33557546	33559056	1511	coding exon	protein_coding	chr21:33557317-33557545	chr21:33557317-33559229	inclusion	TRUE	FALSE	0.124163055252919	0.110515976216192	0.128456097021595	1.79401208054031	0.0681901213139087	1.2076394972556	0.229951671012344	0.407325850579679	-0.00825206122725458	0.941406122136108	0.00547766154215468	1
SPARC	FALSE	FALSE	chr5	-	other	151666510	151666524	15	not an annotated exon	""	chr5:151666525-151667466	chr5:151666510-151667466	inclusion	TRUE	FALSE	0.0018567169047579	0.00139894093274377	0.00238310958192516	0.098416864918139	0.00268069586441505	0.635068652376568	0.52679191478257	0.717101805735655	-0.00140192446476717	0.792590035901806	-0.0010637604539466	1
SPARC	FALSE	FALSE	chr5	-	unannotated splice site	151674672	151674674	3	not an annotated exon	""	chr5:151674675-151676131	chr5:151674672-151676131	skipping	TRUE	FALSE	0.0274928512612522	0.0275611039051058	0.0276887744561743	0.0127670551068469	-0.0036305008094317	-0.106715864588793	0.915221972506548	0.99287717017377	0.000152196935026127	1	-0.000632504758750761	1
SPATS2L	FALSE	FALSE	chr2	+	cassette exon	200439122	200439328	207	coding exon	protein_coding	chr2:200419497-200439121	chr2:200419497-200440648	skipping	TRUE	TRUE	0.404320019306516	0.428968730511767	0.40217179502667	-2.67969354850968	-0.0597505367992653	-1.27999819678639	0.203421159061918	0.376406616958424	0.0297210431241065	0.495586947167869	0.0218980265872055	0.885309445713496
SPDL1	FALSE	FALSE	chr5	+	cassette exon	169590753	169590829	77	NMD-only exon	nonsense_mediated_decay	chr5:169590830-169591047	chr5:169588576-169591047	inclusion	TRUE	FALSE	0.155949771779824	0.112935671331604	0.18809039219191	7.51547208603062	0.485606047645831	4.91178373521577	3.40631090719617e-06	5.19500600689428e-05	-0.11144491465337	0.1872307540388	-0.0235257791524927	1
SPOCD1	FALSE	FALSE	chr1	-	cassette exon	31796590	31796715	126	coding exon	protein_coding;retained_intron	chr1:31796716-31798206	chr1:31794236-31798206	inclusion	TRUE	FALSE		0.847459400914657	0.759234586521681	-8.82248143929764	-0.272989044606335	-3.10350823208121	0.00247486619491797	0.0125814946620568	0.0750561315986437	0.33191838012724	0.0280212144632265	0.983234759464368
SPPL2A	FALSE	FALSE	chr15	-	cassette exon	50726073	50726126	54	coding exon	protein_coding;retained_intron	chr15:50726127-50726320	chr15:50725324-50726320	inclusion	TRUE	TRUE	0.197088293981878	0.178382358929469	0.20850423559873	3.01218766692608	0.0517961280860641	0.666286560992899	0.506717572362313	0.696583049152882	-0.0521572132740433	0.464747290467522	-0.0503131709329517	0.790958395735541
SPTAN1	FALSE	FALSE	chr9	+	cassette exon	128592983	128593042	60	coding exon	protein_coding;retained_intron	chr9:128593043-128594174	chr9:128591626-128594174	inclusion	TRUE	TRUE	0.265284894124323	0.234231088226607	0.291505087914689	5.72739996880819	0.199556991298298	4.27698490903131	4.24697583320089e-05	0.000429879905021316	-0.0302910728671684	0.534973770532421	0.00873972391753186	1
SRGAP2	FALSE	FALSE	chr1	+	cassette exon	206342846	206343008	163	coding exon	processed_transcript;protein_coding	chr1:206343009-206384013	chr1:206206038-206384013	skipping	TRUE	FALSE	0.175668219049556	0.141307795392488	0.195083827027495	5.37760316350068	0.178044403206309	1.01091979842512	0.314423736141144	0.511898097949273	0.0292560847107569	0.928595471495225	0.0746083658481099	0.91701834432199
SRGAP2B	FALSE	FALSE	chr1	-	cassette exon	144955439	144955601	163	coding exon	nonsense_mediated_decay;protein_coding	chr1:144914755-144955438	chr1:144914755-145092834	skipping	TRUE	FALSE	0.175668219049556	0.141307795392488	0.195083827027495	5.37760316350068	0.178044403206309	1.01091979842512	0.314423736141144	0.511898097949273	0.0292560847107569	0.928595471495225	0.0746083658481099	0.91701834432199
SRGAP2C	FALSE	FALSE	chr1	+	cassette exon	121324478	121324640	163	coding exon	protein_coding	chr1:121324641-121365292	chr1:121187514-121365292	skipping	TRUE	FALSE	0.175668219049556	0.141307795392488	0.195083827027495	5.37760316350068	0.178044403206309	1.01091979842512	0.314423736141144	0.511898097949273	0.0292560847107569	0.928595471495225	0.0746083658481099	0.91701834432199
SRP14	FALSE	FALSE	chr15	-	cassette exon	40037309	40037355	47	non-coding annotation only	processed_transcript	chr15:40037356-40038281	chr15:40037019-40038281	inclusion	TRUE	FALSE	0.108336551962952	0.110796815804803	0.0983512212272233	-1.24455945775799	-0.150452588206895	-2.11638411579984	0.0367217281882233	0.0998326119649463	0.0294885908057617	0.722097216072126	0.00130627191196406	1
SRRM2	FALSE	FALSE	chr16	+	cassette exon	2759747	2760010	264	non-coding annotation only	processed_transcript	chr16:2759662-2759746	chr16:2759662-2760300	inclusion	TRUE	FALSE	0.177849347300093	0.162672639192168	0.178690256668382	1.60176174762141	0.21215523271645	2.40226392574275	0.0180845899668955	0.0593684271017486	-0.0772939967369205	0.301785183292697	-0.0442346062195631	0.865330761437268
SRSF11	FALSE	FALSE	chr1	+	cassette exon	70230278	70231975	1698	non-coding annotation only	retained_intron	chr1:70231976-70232267	chr1:70228556-70232267	inclusion	TRUE	FALSE	0.333568204715974	0.441657302431538	0.258949797876867	-18.2707504554671	-0.365770991250206	-6.12003095541007	1.71293617178444e-08	5.40980641176386e-07	0.00200575835176702	1	-0.0795458878451428	0.221305034675428
SRSF11	FALSE	FALSE	chr1	+	alternative 3' splice site	70250608	70250610	3	non-coding annotation only	retained_intron	chr1:70250504-70250607	chr1:70250504-70250610	skipping	TRUE	FALSE	0.31586845358845	0.312090377988167	0.314639596415768	0.254921842760042	0.00294026134158367	0.138306393787199	0.89026830636579	0.979188290350915	-0.0129073493135828	0.52515960178129	-0.0146634583450741	0.760091232332566
SRSF5	FALSE	FALSE	chr14	+	alternative 5' splice site	69767256	69767380	125	coding exon	protein_coding	chr14:69767381-69768137	chr14:69767256-69768137	inclusion	TRUE	FALSE	0.0838160279302896	0.0863500902244648	0.0872278523212066	0.0877762096741813	0.0215151420437173	0.287636874811665	0.774202644328928	0.899435801664425	0.00180847146098846	1	0.00696584596163828	1
SRSF5	FALSE	FALSE	chr14	+	other	69767252	69767255	4	not an annotated exon	""	chr14:69767256-69768137	chr14:69767252-69768137	skipping	TRUE	FALSE	0.312765018662488	0.311791396217348	0.301872775842945	-0.99186203744035	0.00664419834380789	0.12477129842166	0.900947799969099	0.984932005044972	-0.0028710975557988	1	-0.00192002200993129	1
SS18	FALSE	FALSE	chr18	-	cassette exon	26035831	26035923	93	coding exon	nonsense_mediated_decay;protein_coding	chr18:26035128-26035830	chr18:26035128-26038554	inclusion	TRUE	FALSE	0.141759902549015	0.13451157072599	0.149184348664566	1.46727779385767	0.157074102984094	1.64741019088676	0.102521294814039	0.224401086040675	-0.000672073389558291	1	0.0343842951200443	0.963304295640554
STAT3	FALSE	FALSE	chr17	-	alternative 5' splice site	42322282	42322284	3	coding exon	nonsense_mediated_decay;protein_coding;retained_intron	chr17:42317225-42322281	chr17:42317225-42322284	skipping	TRUE	FALSE	0.199458256897224	0.198855303750273	0.204011183433689	0.515587968341619	0.0395448684000582	0.600460096851428	0.549518580477981	0.736952954339752	0.00939845339864629	0.944599360963861	0.020014118039492	0.983234759464368
STAT6	FALSE	FALSE	chr12	-	cassette exon	57107605	57107743	139	coding exon	nonsense_mediated_decay;protein_coding;retained_intron	chr12:57107744-57108162	chr12:57107315-57108162	skipping	TRUE	TRUE	0.132561245616128	0.119849408145816	0.128547717002526	0.869830885670934	0.101378654588993	1.55022745074033	0.124154205648341	0.261161643510203	-0.0666171009890204	0.192301648075535	-0.0563724885114774	0.600093159349073
STRAP	FALSE	FALSE	chr12	+	cassette exon	15883541	15883676	136	coding exon	protein_coding	chr12:15883677-15889927	chr12:15882820-15889927	skipping	TRUE	TRUE	0.136780032658234	0.10774245507753	0.143864716343831	3.61222612663008	0.246229390198891	3.02405488522598	0.00314850179520548	0.0152753988666103	-0.0531422251442176	0.50222836969388	-0.00793250125857873	1
SUGT1	FALSE	FALSE	chr13	+	cassette exon	52661475	52661570	96	coding exon	protein_coding	chr13:52659250-52661474	chr13:52659250-52662648	skipping	TRUE	FALSE	0.47380862891286	0.493230316119231	0.457791737969396	-3.54385781498343	-0.0733915979430602	-1.3667938452694	0.17466588326871	0.338483572077996	-0.0316842807914971	0.549633883024578	-0.0540502615010086	0.474131077937937
SULF1	FALSE	FALSE	chr8	+	cassette exon	69638502	69638644	143	coding exon	processed_transcript;protein_coding	chr8:69629680-69638501	chr8:69629680-69638734	skipping	TRUE	TRUE	0.20278915228024	0.138364635856857	0.21459151830813	7.62268824512731	0.300704474830158	3.18832919431903	0.00189560339218103	0.0102495795142208	-0.147044422581764	0.0203120378877411	-0.107200179820229	0.376461707415409
SULF1	FALSE	FALSE	chr8	+	cassette exon	69492793	69493125	333	coding exon	protein_coding	chr8:69493126-69501873	chr8:69466951-69501873	skipping	TRUE	TRUE	0.121843314920179	0.0913570375528169	0.139197808046548	4.78407704937307	0.292030859652402	2.98983470505233	0.00349135247095049	0.0165839242370149	-0.151163454878321	0.0206851496785046	-0.114032544062316	0.347403424194094
SULF1	FALSE	FALSE	chr8	+	cassette exon	69495765	69495926	162	coding exon	protein_coding	chr8:69493126-69495764	chr8:69493126-69501873	inclusion	TRUE	TRUE	0.474173948794392	0.504842189067281	0.464398385187127	-4.0443803880154	-0.0876042739666844	-2.61884242666473	0.0101539962487753	0.0378244701446712	0.019654383441782	0.560967176776377	0.0037093228732894	1
SULF1	FALSE	FALSE	chr8	+	cassette exon	69603192	69603320	129	coding exon	processed_transcript;protein_coding	chr8:69603321-69603599	chr8:69601830-69603599	skipping	TRUE	TRUE	0.0207356555884565	0.0153323200955894	0.026379408636958	1.10470885413687	0.0781323492175163	1.13150421752141	0.260470473191269	0.446013341892783	-0.0276932121278275	0.724659214924882	-0.0153735997099872	1
SUMF2	FALSE	FALSE	chr7	+	cassette exon	56078922	56079039	118	coding exon	protein_coding	chr7:56079040-56079527	chr7:56078509-56079527	inclusion	TRUE	FALSE	0.0772718729737304	0.117230923024419	0.0555275012835922	-6.17034217408265	-0.287328116614977	-3.73553896370459	0.000307548773046664	0.00235579589444078	0.0742375912200856	0.268661481983372	0.0237688852176049	0.983234759464368
SUMF2	FALSE	FALSE	chr7	+	cassette exon	56074174	56074218	45	coding exon	nonsense_mediated_decay;protein_coding;retained_intron	chr7:56073112-56074173	chr7:56073112-56074585	skipping	TRUE	TRUE	0.0828083737656149	0.0915585270884576	0.0854359032652168	-0.612262382324085	-0.0818226179031597	-1.35372253222184	0.178787995487771	0.343521421709153	-0.0225107336056515	0.754299315283555	-0.0450489599474457	0.710292400088184
SUPT4H1	FALSE	FALSE	chr17	-	other	58352065	58352066	2	not an annotated exon	""	chr17:58351509-58352064	chr17:58351509-58352066	inclusion	TRUE	FALSE	0.167209843258338	0.148310965915402	0.168235199358721	1.99242334433188	0.0921604434888782	1.09835478342877	0.274610474621083	0.464461388938033	-0.0318716164170171	0.742240191446001	-0.0171916216040767	1
TAGLN	FALSE	FALSE	chr11	+	cassette exon	117199633	117199829	197	coding exon	protein_coding	chr11:117199830-117203001	chr11:117199433-117203001	inclusion	TRUE	FALSE	0.0635842668546345	0.0689254950776896	0.0644436481130386	-0.4481846964651	0.120769872790985	1.26194527311341	0.209818615803908	0.386013696086633	-0.0416731033178551	0.694106923497671	-0.0224186940860025	1
TAX1BP1	FALSE	FALSE	chr7	+	alternative 5' splice site	27816395	27816520	126	coding exon	protein_coding	chr7:27816521-27816889	chr7:27816395-27816889	inclusion	TRUE	FALSE	0.181995907317875	0.190747934335342	0.171179127053739	-1.95688072816026	-0.046556287708782	-0.982705560724069	0.328055077413073	0.524211886874321	-0.0162751899526868	0.785341223572987	-0.0297477868514921	0.790958395735541
TCEAL4	FALSE	FALSE	chrX	+	other	103586649	103586653	5	not an annotated exon	""	chrX:103586292-103586648	chrX:103586292-103586653	skipping	TRUE	FALSE	0.0598408953500971	0.0526831339328297	0.0639396990203962	1.12565650875664	0.0620574600344148	0.891671417846917	0.374647379949743	0.574211689593998	-0.0240107892832731	0.784618049349035	-0.0146027959423394	1
TCEAL9	FALSE	FALSE	chrX	+	cassette exon	103357083	103357161	79	coding exon	protein_coding	chrX:103357162-103357614	chrX:103356607-103357614	skipping	TRUE	TRUE	0.151311278541521	0.122837277334665	0.172460244302371	4.96229669677058	0.141809069022314	2.7228333854184	0.00760297190010488	0.0308933183181085	0.00065784980793922	1	0.0325438930491558	0.790958395735541
TCF12	FALSE	FALSE	chr15	+	alternative 3' splice site	57273030	57273032	3	coding exon	processed_transcript;protein_coding	chr15:57263275-57273029	chr15:57263275-57273032	skipping	TRUE	FALSE	0.118274033430658	0.108180179479619	0.126931095313499	1.87509158338804	0.0290926254760624	0.379062041085794	0.705422089705776	0.852526402405509	0.0149831854987743	0.897408344791778	0.0243024944815325	0.983234759464368
TCF25	FALSE	FALSE	chr16	+	cassette exon	89908966	89909107	142	coding exon	protein_coding	chr16:89907323-89908965	chr16:89907323-89910590	inclusion	TRUE	FALSE	0.0884970621633086	0.0859095445154836	0.0862954828140582	0.0385938298574598	0.096074884903491	1.2365723241732	0.219058140051022	0.396847567381992	-0.0415802412729866	0.607775943939684	-0.027839743770229	0.96580989741943
TCF4	FALSE	FALSE	chr18	-	alternative 5' splice site	55232509	55232520	12	coding exon	nonsense_mediated_decay;processed_transcript;protein_coding	chr18:55229077-55232508	chr18:55229077-55232520	skipping	TRUE	FALSE	0.381886458364174	0.356521036388224	0.417245809383596	6.07247729953727	0.113164086977353	1.65892012528099	0.100174044790959	0.221372271821996	-0.0349519670782958	0.637209752049209	-0.0161437562392826	1
TFDP1	FALSE	FALSE	chr13	+	cassette exon	113637818	113637896	79	coding exon	processed_transcript;protein_coding	chr13:113636701-113637817	chr13:113636701-113640119	skipping	TRUE	TRUE	0.141676298618843	0.221030302061806	0.0978992092104082	-12.3131092851398	-0.521374801705863	-7.02366935245987	2.39015076527511e-10	1.042167019577e-08	0.180886329285561	0.000795040331226445	0.0979465214710103	0.232650869864478
TFDP1	FALSE	FALSE	chr13	+	unannotated splice site	113637885	113637896	12	not an annotated exon	""	chr13:113637897-113640119	chr13:113637885-113640119	skipping	TRUE	FALSE	0.249157138413799	0.238152965714744	0.258976332260673	2.08233665459291	0.0618566199757315	2.00455427885743	0.0476351500829785	0.123199350138563	-0.0125103820786081	0.72470310326619	-0.000995900827164425	1
TFDP1	FALSE	FALSE	chr13	+	unannotated splice site	113633286	113633426	141	not an annotated exon	""	chr13:113633427-113633889	chr13:113633286-113633889	inclusion	FALSE	FALSE	0.230528112688582	0.253774958343085	0.219573511598612	-3.42014467444731	0.0187342464155753	0.716557461069329	0.475268817991775	0.665128957121258	-0.0219572287080774	0.309883870828501	-0.0218687696113773	0.621637841725645
TFDP1	FALSE	FALSE	chr13	+	cassette exon	113631623	113631744	122	coding exon	processed_transcript;protein_coding	chr13:113631745-113633119	chr13:113623287-113633119	skipping	TRUE	TRUE	0.0868933311788848	0.098399400059249	0.0819653528075558	-1.64340472516932	0.0285129711242385	0.300548572903148	0.764364549705423	0.892824794415407	-0.0312636173453385	0.79207622013106	-0.0307258999161814	0.982438621677276
TFE3	FALSE	FALSE	chrX	-	alternative 3' splice site	49039346	49039410	65	coding exon	protein_coding	chrX:49039411-49040454	chrX:49039346-49040454	skipping	TRUE	FALSE	0.31311460726541	0.342285677011017	0.29993049774207	-4.23551792689464	-0.111385113850475	-2.17949383393882	0.0315734317691002	0.0903882503760182	0.0503215323753049	0.223153971207964	0.0347870903433164	0.763742089132858
TFG	FALSE	FALSE	chr3	+	alternative 5' splice site	100736705	100736716	12	coding exon	nonsense_mediated_decay;protein_coding	chr3:100736717-100744832	chr3:100736705-100744832	skipping	TRUE	FALSE	0.267639660615874	0.271311317297908	0.263039145014561	-0.827217228334681	0.00359174256723456	0.0948069989136324	0.924652323127703	0.998330968557879	0.00623115435474269	0.928595471495225	0.00820135924947978	1
TGFB1	FALSE	FALSE	chr19	-	unannotated splice site	41342031	41342033	3	not an annotated exon	""	chr19:41342034-41342169	chr19:41342031-41342169	inclusion	TRUE	FALSE	0.0531180032907272	0.0538324122653026	0.0543723638994434	0.0539951634140792	-0.0171779515149885	-0.286742971402067	0.774885140191203	0.899435801664425	0.0350592569002508	0.549633883024578	0.0377704839838309	0.790958395735541
TGFBI	FALSE	FALSE	chr5	+	unannotated splice site	136055269	136055679	411	not an annotated exon	""	chr5:136054862-136055268	chr5:136054862-136055679	inclusion	TRUE	FALSE	0.00261711202635861	0.00166951097091748	0.00318425209255858	0.15147411216411	0.00421145732094184	0.79333814870554	0.4294046010236	0.620445433738367	-0.00187018665422603	0.779428468130883	-0.00127675798698983	1
TGFBI	FALSE	FALSE	chr5	+	alternative 3' splice site	136054675	136054715	41	NMD-only exon	nonsense_mediated_decay	chr5:136054081-136054674	chr5:136054081-136054715	inclusion	TRUE	FALSE	0.00235582873671211	0.0021550989632425	0.00249373766462931	0.0338638701386812	-0.00048971461296222	-0.133752524019149	0.893859257226426	0.981600043211881	8.04691094230899e-05	1	-1.4165170208257e-05	1
TGFBI	FALSE	FALSE	chr5	+	cassette exon	136048253	136048349	97	non-coding annotation only	retained_intron	chr5:136047421-136048252	chr5:136047421-136049438	inclusion	TRUE	TRUE	0.000956251412704438	0.000896824310167842	0.000866863692189637	-0.00299606179782054	1.06524336543582e-16	2.91633052427992e-14	0.999999999999977	1	-3.81273629963851e-17	1	-2.14003971945129e-17	1
TGFBI	FALSE	FALSE	chr5	+	cassette exon	136062663	136062687	25	coding exon	nonsense_mediated_decay;protein_coding;retained_intron	chr5:136061580-136062662	chr5:136061580-136063185	skipping	TRUE	TRUE	0.00111631737431185	0.000898170193569025	0.00130900020479308	0.0410830011224052	1.06524336543582e-16	2.91633052427992e-14	0.999999999999977	1	-3.81273629963851e-17	1	-2.14003971945129e-17	1
TGFBI	FALSE	FALSE	chr5	+	unannotated splice site	136050388	136052906	2519	not an annotated exon	""	chr5:136049581-136050387	chr5:136049581-136052906	inclusion	TRUE	FALSE	0.000899562368228058	0.00051997723579516	0.00109284932126117	0.0572872085466007	1.06524336543582e-16	2.91633052427992e-14	0.999999999999977	1	-3.81273629963851e-17	1	-2.14003971945129e-17	1
TGFBI	FALSE	FALSE	chr5	+	unannotated splice site	136054036	136054080	45	not an annotated exon	""	chr5:136054081-136054715	chr5:136054036-136054715	skipping	FALSE	FALSE	0.00121258075742435	0.00100767317994404	0.00133981449227141	0.0332141312327375	1.06524336543582e-16	2.91633052427992e-14	0.999999999999977	1	-3.81273629963851e-17	1	-2.14003971945129e-17	1
TGFBR2	FALSE	FALSE	chr3	+	cassette exon	30623199	30623273	75	coding exon	processed_transcript;protein_coding	chr3:30623274-30644746	chr3:30606978-30644746	inclusion	TRUE	FALSE		0.484344115402705	0.372080748513194	-11.226336688951	-0.128917689763156	-2.59160915694764	0.0109530215177207	0.0398408836168643	0.0206845974487212	0.724121588893087	-0.00424027096716667	1
THBS1	FALSE	FALSE	chr15	+	unannotated splice site	39586485	39587346	862	not an annotated exon	""	chr15:39585564-39586484	chr15:39585564-39587346	inclusion	TRUE	FALSE	0.0169443866109232	0.0208100622374334	0.0135182672842716	-0.729179495316172	-0.138265189814249	-2.43926261091548	0.0164267355185798	0.0550237929172838	0.0180710575593102	0.800312332292369	-0.00951744709750091	1
THBS1	FALSE	FALSE	chr15	+	cassette exon	39588526	39588699	174	coding exon	protein_coding	chr15:39588700-39588958	chr15:39588219-39588958	skipping	TRUE	TRUE	0.00393373428069408	0.00296355665652035	0.00380675345362488	0.0843196797104526	0.0238370850785495	1.02816442211375	0.306280937024471	0.503826869772896	-0.0090730177499162	0.731211994371504	-0.00543125193382652	1
THRAP3	FALSE	FALSE	chr1	+	unannotated splice site	36301553	36301555	3	not an annotated exon	""	chr1:36301085-36301552	chr1:36301085-36301555	skipping	TRUE	FALSE	0.392636483769012	0.394017525923735	0.386897365258111	-0.712016066562393	0.0280274021614589	0.894655481712263	0.373057153927892	0.573324618395283	-0.0136653925175607	0.694106923497671	-0.00994419454967062	0.983234759464368
TIMM8B	FALSE	FALSE	chr11	-	cassette exon	112085978	112086310	333	NMD-only exon	nonsense_mediated_decay	chr11:112085463-112085977	chr11:112085463-112086639	inclusion	TRUE	FALSE	0.230357438404639	0.339277650700048	0.17132398741743	-16.7953663282618	-0.250489763598385	-2.27956672336878	0.0246950692081082	0.075190627015914	-0.00153935458358345	1	-0.0579330534722009	0.855196191594143
TLE5	FALSE	FALSE	chr19	-	unannotated splice site	3054038	3054040	3	not an annotated exon	""	chr19:3054041-3054119	chr19:3054038-3054119	skipping	TRUE	FALSE	0.0351470413340256	0.0351773139405348	0.03347686469226	-0.170044924827476	-0.0415189380200243	-0.83936001820214	0.403211245019978	0.596480782740467	0.0133146517691661	0.838177608542139	0.00650594866913633	1
TMA7	FALSE	FALSE	chr3	+	unannotated splice site	48440541	48440544	4	not an annotated exon	""	chr3:48440459-48440540	chr3:48440459-48440544	skipping	TRUE	FALSE	0.098393560920628	0.126555475404628	0.0834663073713516	-4.30891680332763	-0.0929476121567001	-1.05834969305106	0.292371792926173	0.48695223689614	0.034877052817261	0.726933980894644	0.0205829957079468	1
TMCO1	FALSE	FALSE	chr1	-	other	165768682	165768758	77	not an annotated exon	""	chr1:165768270-165768681	chr1:165768270-165768758	skipping	TRUE	FALSE	0.0599965256304489	0.0448884834486255	0.0649076053462928	2.00191218976673	0.126107352310012	1.62180769130423	0.107901748196369	0.23329551533112	-0.0501845330529825	0.490888215599352	-0.0313269144106085	0.925794517878951
TMCO3	FALSE	FALSE	chr13	+	cassette exon	113547300	113547379	80	coding exon	processed_transcript;protein_coding	chr13:113547380-113548302	chr13:113539508-113548302	skipping	TRUE	TRUE	0.112524381993512	0.0848780409106903	0.136071086800193	5.11930458895027	0.254552076868484	3.51393744297948	0.00065739903171662	0.00440988975713654	-0.0537730080898841	0.434467060743107	-0.00681714047326033	1
TMEM183A	FALSE	FALSE	chr1	+	unannotated splice site	203014889	203014891	3	not an annotated exon	""	chr1:203008811-203014888	chr1:203008811-203014891	skipping	TRUE	FALSE		0.541834175689211	0.324526371419271	-21.7307804269939	-0.352359485446906	-2.757466261475	0.00690348480090488	0.0286675846250032	0.126580889363541	0.224122403729318	0.0717126505541142	0.83414611106599
TMEM259	FALSE	FALSE	chr19	-	alternative 3' splice site	1011613	1011663	51	coding exon	nonsense_mediated_decay;protein_coding;retained_intron	chr19:1011664-1011740	chr19:1011613-1011740	skipping	TRUE	FALSE	0.190952159831439	0.185082586790886	0.18747229095312	0.238970416223427	0.0194727967534449	0.222538629477343	0.824335293937554	0.935144874810414	0.00340211404754875	1	0.00840017114212689	1
TMEM45A	FALSE	FALSE	chr3	+	cassette exon	100519462	100519608	147	coding exon	protein_coding	chr3:100492929-100519461	chr3:100492929-100555208	inclusion	TRUE	TRUE	0.285492543571314	0.295310882811454	0.277973923203761	-1.73369596076931	-0.0727119054443745	-1.08585488956526	0.280078001280788	0.469673992714115	-0.0526750106485242	0.356510427833809	-0.0788156542845124	0.338675586248181
TMEM50A	FALSE	FALSE	chr1	+	cassette exon	25342961	25343073	113	coding exon	processed_transcript;protein_coding	chr1:25343074-25351625	chr1:25340580-25351625	skipping	TRUE	TRUE	0.0253499015464648	0.0181127818376293	0.0310664871212962	1.29537052836669	0.276663038620653	4.51662783678165	1.67822888613743e-05	0.00019818251533866	-0.0414482495017621	0.509851632862463	0.0127658124411631	1
TMEM59	FALSE	FALSE	chr1	-	cassette exon	54045692	54045786	95	coding exon	protein_coding	chr1:54043526-54045691	chr1:54043526-54052999	skipping	TRUE	FALSE	0.0190700654885519	0.0138836594337414	0.0211275639664362	0.724390453269477	0.0970198037048681	1.7347252293497	0.08578086051344	0.196326182103777	-0.0388779032082813	0.448894884049244	-0.0244202110042479	0.916595151474288
TMEM59	FALSE	FALSE	chr1	-	cassette exon	54047267	54047372	106	coding exon	protein_coding	chr1:54047373-54052999	chr1:54043526-54052999	skipping	TRUE	FALSE	0.0359644154310706	0.0287097072926984	0.0388689246710793	1.0159217378381	0.0769343735774716	1.21789195844998	0.226047626964251	0.403351510653421	-0.0301791088596448	0.664166203999123	-0.0185928804404131	0.992278526193239
TMEM59	FALSE	FALSE	chr1	-	unannotated splice site	54040838	54040840	3	not an annotated exon	""	chr1:54040841-54041723	chr1:54040838-54041723	inclusion	TRUE	FALSE	0.32282710307095	0.322043610728766	0.321144012325161	-0.0899598403605095	0.01093807175677	0.633612570750916	0.527738190697616	0.717101805735655	-0.00854972560710746	0.645708902978782	-0.00769923700417236	0.908552550007806
TNC	FALSE	FALSE	chr9	-	cassette exon	115048260	115048532	273	coding exon	processed_transcript;protein_coding	chr9:115048533-115057152	chr9:115046683-115057152	inclusion	TRUE	TRUE	0.256944202051499	0.226326201750197	0.287143093541046	6.08168917908483	0.173876282892395	4.95301661462523	2.87174358518573e-06	4.52166663574845e-05	-0.00912065449087246	0.865357879812485	0.0281185914073581	0.663697534844911
TNC	FALSE	FALSE	chr9	-	cassette exon	115062917	115063189	273	coding exon	protein_coding	chr9:115063190-115063795	chr9:115060003-115063795	skipping	TRUE	TRUE	0.0911680426162239	0.0894613299038503	0.0911494643011402	0.168813439728988	0.0588195386484094	1.19439845959254	0.235065417971651	0.413170288005722	-0.01681287869062	0.788078192463113	-0.00678355766157188	1
TNC	FALSE	FALSE	chr9	-	cassette exon	115046410	115046682	273	coding exon	protein_coding	chr9:115042342-115046409	chr9:115042342-115073602	skipping	TRUE	FALSE	0.0478758360639128	0.0369595980364624	0.0458582351120704	0.889863707560803	0.0917545687988203	0.841918301378079	0.401784253220939	0.59593032935212	-0.0989462525189102	0.268661481983372	-0.0969053542421444	0.570104686438069
TNC	FALSE	FALSE	chr9	-	cassette exon	115064647	115064919	273	coding exon	protein_coding	chr9:115064920-115073602	chr9:115042342-115073602	skipping	TRUE	FALSE	0.039575296516823	0.0303278015171279	0.037271038794925	0.694323727779702	0.0754245158531367	0.726021265081595	0.469472281402203	0.659783152499542	-0.0902257363518214	0.296935878818089	-0.090211093478431	0.593770447481842
TNFRSF10B	FALSE	FALSE	chr8	-	unannotated splice site	23029610	23146960	117351	not an annotated exon	""	chr8:23028603-23029609	chr8:23028603-23146960	skipping	FALSE	FALSE	0.261226928821795	0.187586264468532	0.306682951948878	11.9096687480346	0.179087663608272	1.1499815344221	0.252814537668405	0.434692741461196	0.0625827109804651	0.724659214924882	0.114403343582037	0.719163563139003
TNFRSF10D	FALSE	FALSE	chr8	-	unannotated splice site	23028603	23145921	117319	not an annotated exon	""	chr8:23145922-23146960	chr8:23028603-23146960	skipping	FALSE	FALSE	0.190416717385353	0.191193396475601	0.191607531549632	0.0414135074030653	-0.0707439416944066	-0.492495494612627	0.623417284287338	0.794098196202711	0.151929330414595	0.161234247505859	0.164506445044316	0.367719905828704
TPD52L2	FALSE	FALSE	chr20	+	cassette exon	63875816	63875875	60	coding exon	protein_coding	chr20:63875876-63882718	chr20:63873817-63882718	skipping	TRUE	TRUE	0.150175824940307	0.133228629900047	0.16191836150411	2.86897316040628	0.0955172586111921	2.70920128006558	0.00790039067518847	0.0318355790122227	-0.0266947102447053	0.410323354181586	-0.0102943571595865	0.995837379427861
TPGS2	FALSE	FALSE	chr18	-	cassette exon	36794108	36797050	2943	coding exon	protein_coding	chr18:36797051-36798448	chr18:36787080-36798448	skipping	TRUE	FALSE	0.111058761762965	0.124483816530213	0.116278971967494	-0.820484456271904	-0.113555878138601	-2.37663676404385	0.0193184608712312	0.0621590212138671	0.0317064626900223	0.4812369829157	0.012203334480332	1
TPM1	FALSE	FALSE	chr15	+	cassette exon	63061198	63061273	76	coding exon	nonsense_mediated_decay;protein_coding;retained_intron	chr15:63060940-63061197	chr15:63060940-63061712	skipping	TRUE	TRUE	0.362063852317596	0.477524975450375	0.275515589772147	-20.2009385678228	-0.362175772060238	-10.4045378727452	9.31962208052792e-18	1.6682123524145e-15	0.090709559337251	0.00264256212424767	0.0265577124319343	0.686024928078753
TPM1	FALSE	FALSE	chr15	+	cassette exon	63061713	63061788	76	coding exon	nonsense_mediated_decay;protein_coding;retained_intron	chr15:63061789-63062214	chr15:63061274-63062214	skipping	TRUE	TRUE	0.484149864187799	0.371488349935815	0.578734491863835	20.7246141928019	0.333268822924833	10.0131146153421	6.91722044762099e-17	9.04825643936884e-15	-0.0649803578321059	0.0353763991457753	-0.0024898404645773	1
TPM1	FALSE	FALSE	chr15	+	cassette exon	63043706	63043831	126	coding exon	protein_coding	chr15:63042944-63043705	chr15:63042944-63044026	inclusion	TRUE	FALSE	0.0554368588794598	0.0942642430307818	0.0335762778358104	-6.06879651949714	-0.439867789626654	-6.21359946115829	1.11227507791986e-08	3.63735340385141e-07	0.138213151323153	0.00709257454142865	0.0655464050195083	0.531559292179633
TPM1	FALSE	FALSE	chr15	+	cassette exon	63065896	63066178	283	coding exon	protein_coding	chr15:63062646-63065895	chr15:63062646-63071089	inclusion	TRUE	FALSE	0.00909353191900852	0.00708879400838735	0.0105276952977164	0.343890128932908	0.221216254319379	5.39910313275138	4.31729720308019e-07	8.89886532586409e-06	-0.0190338340177645	0.718437111665739	0.0269542743374449	0.781325204460825
TPM1	FALSE	FALSE	chr15	+	cassette exon	63064064	63065278	1215	coding exon	protein_coding	chr15:63062646-63064063	chr15:63062646-63071089	inclusion	TRUE	FALSE	0.0292928325103635	0.0257032384639994	0.0308878501498228	0.518461168582337	0.182066322657605	3.20644745501717	0.00179042557011559	0.00991732469700834	-0.0444055345556865	0.397143382508671	-0.0119328740209084	1
TPM1	FALSE	FALSE	chr15	+	cassette exon	63044027	63044152	126	coding exon	nonsense_mediated_decay;protein_coding;retained_intron	chr15:63044153-63056984	chr15:63043832-63056984	skipping	TRUE	FALSE	0.0493771452571564	0.062355926592476	0.041002432284684	-2.1353494307792	-0.140823095974676	-1.93741533150411	0.0554333996048115	0.138319143107824	0.0571613245284174	0.368164133152241	0.0363128175802449	0.865330761437268
TPM2	FALSE	FALSE	chr9	-	cassette exon	35685064	35685139	76	coding exon	protein_coding	chr9:35685140-35685268	chr9:35684808-35685268	skipping	TRUE	TRUE	0.0950114651690773	0.069003697241176	0.10726000533956	3.82563080983839	0.337804250006488	7.12619164231146	1.45354204125416e-10	6.77191298945946e-09	-0.0939698663766902	0.00915498232190984	-0.0358867840835626	0.690703440572063
TPM2	FALSE	FALSE	chr9	-	cassette exon	35684732	35684807	76	coding exon	processed_transcript;protein_coding	chr9:35684551-35684731	chr9:35684551-35685063	inclusion	TRUE	TRUE	0.117291927135865	0.0950297758012	0.133026312932889	3.79965371316889	0.227534287047973	5.36201597175796	5.07016564666559e-07	1.00253682350638e-05	-0.0256182912595646	0.605016815221264	0.0205531489269787	0.875851163913888
TPM2	FALSE	FALSE	chr9	-	cassette exon	35682932	35683241	310	coding exon	protein_coding	chr9:35683242-35684245	chr9:35682164-35684245	inclusion	TRUE	FALSE	0.0548764098750053	0.0355556625901484	0.055299563950994	1.97439013608456	0.248747878925172	3.76268037782698	0.000279639068558196	0.00219136514324061	-0.14409081094059	0.000632847745709273	-0.11533146289192	0.070031242102986
TPM4	FALSE	FALSE	chr19	+	cassette exon	16076495	16076697	203	coding exon	protein_coding	chr19:16076698-16081912	chr19:16076173-16081912	skipping	TRUE	FALSE	0.378129082752118	0.595062316783996	0.258112455700516	-33.694986108348	-0.637685071072175	-5.17087247996886	1.15053305329835e-06	2.06729206360343e-05	0.122351219061691	0.28065590107885	0.00240913256672444	1
TPT1	FALSE	FALSE	chr13	-	cassette exon	45340712	45340785	74	coding exon	protein_coding	chr13:45340185-45340711	chr13:45340185-45341041	skipping	TRUE	TRUE	0.00469626244600038	0.00266927419760949	0.00664896283280799	0.39796886351985	0.118462286543936	4.99250114155527	2.43687401245155e-06	4.02320801764473e-05	0.0162333687109453	0.514541219474477	0.0458039408588119	0.0410245036847029
TRAPPC2L	FALSE	FALSE	chr16	+	other	88860911	88860913	3	not an annotated exon	""	chr16:88859973-88860910	chr16:88859973-88860913	inclusion	TRUE	FALSE	0.352330637661186	0.336808451593017	0.354403228494861	1.75947769018437	0.0594102530772849	1.85280425343575	0.0667733811578565	0.160605565288451	0.00594446917516431	0.909679553713324	0.0203634993780247	0.790958395735541
TRAPPC3	FALSE	FALSE	chr1	-	cassette exon	36149092	36149287	196	non-coding annotation only	processed_transcript	chr1:36140167-36149091	chr1:36140167-36149336	skipping	TRUE	FALSE		0.70757440634028	0.833786296864188	12.6211890523908	0.105391750367371	0.742139214570837	0.459760121580108	0.649084339349916	-0.0343325701266373	0.861321182717944	-0.0173955291045037	1
TRIO	FALSE	FALSE	chr5	+	unannotated splice site	14497006	14497017	12	not an annotated exon	""	chr5:14497018-14497846	chr5:14497006-14497846	skipping	TRUE	FALSE	0.242637586750048	0.244305904479614	0.249776336511943	0.54704320323298	0.0354461384050929	0.920643580688455	0.359387788505272	0.560935231164033	-0.00772652705423351	0.892282704818756	-0.00123261934301247	1
TRIP10	FALSE	FALSE	chr19	+	cassette exon	6746029	6746196	168	coding exon	protein_coding	chr19:6746197-6746451	chr19:6744995-6746451	inclusion	TRUE	FALSE		0.274266247388436	0.182799815791374	-9.14664315970627	-0.457584788347387	-3.31345422535071	0.00128387842768073	0.00759386179572553	0.104286807192377	0.418553547379619	0.0216152271722527	1
TRIP12	FALSE	FALSE	chr2	-	unannotated splice site	229793131	229793145	15	not an annotated exon	""	chr2:229793146-229795178	chr2:229793131-229795178	skipping	TRUE	FALSE	0.114195864560691	0.118284796859539	0.115857130704556	-0.242766615498301	-0.0311941738363962	-0.304511968471917	0.761352273586978	0.892574657866017	-0.0477560716442255	0.675188633993372	-0.0636771791663277	0.790958395735541
TRNP1	FALSE	FALSE	chr1	+	other	26994613	26994630	18	not an annotated exon	""	chr1:26994631-26999846	chr1:26994613-26999846	inclusion	TRUE	FALSE		0.168897174495201	0.204701518771854	3.58043442766531	0.140200398448838	2.11131485744896	0.0372894784747701	0.101133585560361	-0.0234715021540768	0.779428468130883	0.0030812478521895	1
TSC22D1	FALSE	FALSE	chr13	-	cassette exon	44436504	44436845	342	coding exon	protein_coding	chr13:44436096-44436503	chr13:44436096-44573162	inclusion	TRUE	FALSE	0.3960199886475	0.229172576360578	0.495404307438825	26.6231731078247	0.644238468706825	6.41146876112087	4.42461799625311e-09	1.56751310471425e-07	-0.1969770088937	0.00735246554066813	-0.0895279072628595	0.568473491579471
TSPAN4	FALSE	FALSE	chr11	+	cassette exon	862550	862741	192	coding exon	protein_coding	chr11:850368-862549	chr11:850368-864436	skipping	TRUE	TRUE	0.0985502401695655	0.133983505728798	0.0817867779284214	-5.21967278003768	-0.248147163237325	-2.69597962785273	0.00819891559042829	0.0325373534691326	0.0681493742708337	0.421773183872124	0.025317606815825	1
TTC3	FALSE	FALSE	chr21	+	cassette exon	37157161	37157214	54	coding exon	protein_coding	chr21:37156907-37157160	chr21:37156907-37159698	inclusion	TRUE	FALSE	0.136905769259367	0.137204621992285	0.138400521126366	0.119589913408122	0.0225784499959305	0.214384096649277	0.830671397627435	0.938264172477884	-0.0442894029076841	0.705462987355531	-0.0475177613209697	0.905247893125774
TUBB6	FALSE	FALSE	chr18	+	cassette exon	12325067	12326616	1550	coding exon	protein_coding	chr18:12311054-12325066	chr18:12311054-12329145	skipping	TRUE	FALSE	0.0772983077595764	0.112594635996651	0.0529423884033007	-5.96522475933505	-0.33419636018316	-9.504140989381	9.37451246657542e-16	9.96334903088218e-14	0.0671780858785378	0.0349450380573281	0.00489096144199056	1
TUBB6	FALSE	FALSE	chr18	+	other	12324809	12325066	258	not an annotated exon	""	chr18:12311054-12324808	chr18:12311054-12325066	inclusion	TRUE	FALSE	0.0147703561511841	0.0216898692729722	0.00880512702452653	-1.28847422484457	-0.267739453624739	-4.75211955492896	6.54787581342456e-06	8.66510725348519e-05	0.0626374504181888	0.192301648075535	0.0143861622517326	1
TUBB6	FALSE	FALSE	chr18	+	cassette exon	12310943	12311053	111	coding exon	nonsense_mediated_decay;protein_coding;retained_intron	chr18:12308796-12310942	chr18:12308796-12325066	skipping	TRUE	TRUE	0.0259835291986272	0.0218245073938718	0.0296297480063681	0.780524061249634	0.229846611568861	3.17876063389939	0.00195344578409077	0.0103969782655599	-0.0872031260555508	0.109395071015574	-0.0520349281433102	0.728221025506894
TUBB6	FALSE	FALSE	chr18	+	cassette exon	12308687	12308795	109	coding exon	nonsense_mediated_decay;protein_coding;retained_intron	chr18:12308350-12308686	chr18:12308350-12310942	skipping	TRUE	TRUE	0.022572429023924	0.0244221440928551	0.0192306030659614	-0.519154102689376	-0.169515657923529	-2.39575016723408	0.0183913845985696	0.0600279261225869	0.0242295256692155	0.78944915403528	-0.00920647263387137	1
TUG1	FALSE	FALSE	chr22	+	alternative 5' splice site	30973588	30973601	14	non-coding annotation only	processed_transcript	chr22:30973602-30975169	chr22:30973588-30975169	inclusion	TRUE	FALSE	0.428097495649313	0.424259302502474	0.413519342573364	-1.07399599291105	-0.0773439929884528	-0.936358629805486	0.351278839229043	0.550186451016253	0.0620616367956514	0.394143460905014	0.0563481788992924	0.763742089132858
TUSC3	FALSE	FALSE	chr8	+	cassette exon	15757791	15757859	69	coding exon	protein_coding	chr8:15748466-15757790	chr8:15748466-15764202	skipping	TRUE	FALSE		0.647008558477082	0.646844711883114	-0.016384659396762	0.0426616733596827	0.410324720233687	0.682428372479016	0.833604144278145	0.0249572497322234	0.863017141541745	0.0401257340697854	0.944113575193574
TXNRD1	FALSE	FALSE	chr12	+	cassette exon	104288931	104289040	110	coding exon	protein_coding	chr12:104289041-104311289	chr12:104287110-104311289	skipping	TRUE	TRUE	0.0689256676181113	0.0646886215941123	0.067601471650261	0.291285005614866	0.0652606621373359	0.724036376213512	0.470684720483535	0.660395517477105	0.0237154964594847	0.845858050455077	0.0427694929506302	0.882454942920744
TXNRD1	FALSE	FALSE	chr12	+	other	104287110	104287346	237	not an annotated exon	""	chr12:104287347-104288930	chr12:104287110-104288930	inclusion	TRUE	FALSE		0.330162815444896	0.351551837444945	2.13890220000488	0.0561030864976535	0.419408940273434	0.675808012559553	0.828559138686028	-0.027656296591987	0.885425137608643	-0.0202690396369269	1
UAP1	FALSE	FALSE	chr1	+	cassette exon	162592732	162592782	51	coding exon	protein_coding	chr1:162592783-162597791	chr1:162590512-162597791	skipping	TRUE	TRUE	0.188558509812453	0.157599569061239	0.204753267622561	4.71536985613218	0.180229709984041	3.01526718690965	0.00323344284246114	0.0155984951875324	-0.0153476676350185	0.85740388599001	0.0221497077862435	0.951896290971134
UAP1	FALSE	FALSE	chr1	+	unannotated splice site	162592732	162592734	3	not an annotated exon	""	chr1:162590512-162592731	chr1:162590512-162592734	skipping	TRUE	FALSE	0.181389777118816	0.196357097160188	0.169476884388201	-2.68802127719874	-0.0320396739771325	-1.0848453826687	0.280522818312609	0.469979362108957	-0.00359764917605487	0.960291504975306	-0.0114470670350011	0.944113575193574
UBAP2L	FALSE	FALSE	chr1	+	cassette exon	154263103	154263505	403	coding exon	protein_coding	chr1:154261698-154263102	chr1:154261698-154266500	inclusion	TRUE	FALSE	0.459617103544029	0.370229880957687	0.530195874227187	15.99659932695	0.284847241786084	4.58639547596495	1.27353981769554e-05	0.000154689604285091	-0.0580195959333695	0.301785183292697	-0.00507253669027825	1
UBAP2L	FALSE	FALSE	chr1	+	alternative 5' splice site	154234760	154234792	33	coding exon	protein_coding	chr1:154234793-154235195	chr1:154234760-154235195	inclusion	TRUE	FALSE	0.160577543536147	0.131095582846645	0.182046842931688	5.09512600850436	0.121750717784374	1.78853414741942	0.0766297657992309	0.179145964077454	0.0348288062042084	0.637209752049209	0.0686147313844651	0.474131077937937
UBC	FALSE	FALSE	chr12	+	unannotated splice site	124912200	124912883	684	not an annotated exon	""	chr12:124912884-124913111	chr12:124912200-124913111	skipping	TRUE	TRUE	0.0862919635713207	0.0553618703620805	0.101124018098392	4.57621477363118	0.281647244049584	4.03469317293257	0.000105182053307855	0.000951394051329822	-0.108490224918859	0.0262664236271228	-0.065701857274273	0.518529678745546
UBC	FALSE	FALSE	chr12	-	unannotated splice site	124912735	124913418	684	not an annotated exon	""	chr12:124911823-124912734	chr12:124911823-124913418	skipping	FALSE	TRUE	0.0160958234847324	0.00999303504561188	0.0190973774601706	0.910434241455872	0.182679303199414	3.19346181664545	0.0018652380212263	0.0101995243338372	-0.102397756528962	0.00572388280880068	-0.080636865538023	0.181411588405581
UBC	FALSE	FALSE	chr12	-	unannotated splice site	124911953	124912408	456	not an annotated exon	""	chr12:124912409-124913320	chr12:124911953-124913320	skipping	FALSE	TRUE	0.0133844587750109	0.00873696848163633	0.016147624321948	0.741065584031169	0.159978545495421	3.11619659560025	0.00237405428287398	0.0121598774338169	-0.0731020652219219	0.0391342200676274	-0.050945203994775	0.482516833577077
UBC	FALSE	FALSE	chr12	-	unannotated splice site	124913268	124913723	456	not an annotated exon	""	chr12:124912584-124913267	chr12:124912584-124913723	skipping	FALSE	FALSE		0.242594944169534	0.363135191989974	12.054024782044	0.314908634269587	3.09930645085898	0.00250713338068262	0.0126886318864607	-0.12187380930769	0.110657206168379	-0.0740942543125331	0.724184936323508
UBC	FALSE	FALSE	chr12	-	unannotated splice site	124913496	124913723	228	not an annotated exon	""	chr12:124911900-124913495	chr12:124911900-124913723	skipping	FALSE	FALSE	0.0186694522764681	0.0123212675901084	0.0224134387445749	1.00921711544665	0.209412652182613	2.96706094648495	0.00373828547991741	0.0173450326291939	-0.114865220919045	0.0131974965887407	-0.0894488733046164	0.277393731195914
UBC	FALSE	FALSE	chr12	-	unannotated splice site	124911823	124913190	1368	not an annotated exon	""	chr12:124913191-124913418	chr12:124911823-124913418	skipping	FALSE	TRUE	0.126297169856592	0.0899409853239062	0.148996610716415	5.90556253925085	0.242349667808454	2.89307097564935	0.00465597151177489	0.0209457131105111	-0.0981114898229058	0.123225933688777	-0.0621835209459951	0.713205121015177
UBC	FALSE	FALSE	chr12	-	unannotated splice site	124911900	124913267	1368	not an annotated exon	""	chr12:124913268-124913723	chr12:124911900-124913723	inclusion	FALSE	FALSE		0.0591521812213104	0.0850528091526668	2.59006279313564	0.212952696869987	2.72537816264727	0.00768862005439918	0.031204053466601	-0.132859349224246	0.0064959151430754	-0.111565449823192	0.140266180204508
UBC	FALSE	FALSE	chr12	-	unannotated splice site	124913496	124913723	228	not an annotated exon	""	chr12:124913268-124913495	chr12:124913268-124913723	skipping	FALSE	FALSE		0.0331880253736283	0.0497468510886545	1.65588257150261	0.21392299346718	2.45094138174416	0.0159491472847749	0.0539734255275069	-0.150084039649521	0.00690552140830229	-0.130259841192701	0.136124721976895
UBC	FALSE	FALSE	chr12	-	unannotated splice site	124912409	124913092	684	not an annotated exon	""	chr12:124913093-124913320	chr12:124912409-124913320	inclusion	FALSE	FALSE	0.137999286490813	0.350396846375957	0.0313658359820199	-31.9031010393937	-0.414981958872022	-2.31375460482121	0.0226674550385546	0.0699564560672632	0.139027738051756	0.388121237887745	0.07208741292002	0.926587402948521
UBC	FALSE	FALSE	chr12	-	unannotated splice site	124912051	124912962	912	not an annotated exon	""	chr12:124912963-124913190	chr12:124912051-124913190	skipping	TRUE	TRUE	0.109219687815848	0.0781206991994917	0.130075840983608	5.19551417841163	0.18131802699148	2.17760856857694	0.0317176155181345	0.0906484120816601	-0.0878132852231824	0.177884498896068	-0.063628865080956	0.686024928078753
UBC	FALSE	FALSE	chr12	-	unannotated splice site	124912637	124913548	912	not an annotated exon	""	chr12:124912181-124912636	chr12:124912181-124913548	inclusion	FALSE	FALSE	0.189656106225669	0.150669720543381	0.195363503336295	4.46937827929146	0.168036005966907	1.99384455501599	0.0488125532095475	0.125031994854078	-0.0361684989776697	0.705462987355531	-0.00529743810352405	1
UBC	FALSE	FALSE	chr12	-	unannotated splice site	124912637	124913548	912	not an annotated exon	""	chr12:124912409-124912636	chr12:124912409-124913548	inclusion	FALSE	FALSE	0.189444040358869	0.150519156654084	0.195169496808652	4.46503401545685	0.167962190264753	1.99376251875459	0.0488216669115601	0.125031994854078	-0.0362708101995087	0.703771035379801	-0.00543542304374533	1
UBC	FALSE	FALSE	chr12	-	unannotated splice site	124912181	124912636	456	not an annotated exon	""	chr12:124912637-124913092	chr12:124912181-124913092	inclusion	FALSE	FALSE		0.145257878971332	0.178789962289263	3.35320833179304	0.116419718877752	1.97924522207931	0.0505104868188748	0.128678775783515	-0.0395527762707512	0.471641351918054	-0.0209050538313347	0.96580989741943
UBC	FALSE	FALSE	chr12	-	unannotated splice site	124912181	124912864	684	not an annotated exon	""	chr12:124912865-124913092	chr12:124912181-124913092	inclusion	FALSE	FALSE		0.150307912460568	0.183361332539394	3.30534200788265	0.111526956780874	1.8902681748629	0.0615888733343573	0.15101929214863	-0.0341960065324286	0.560700140869362	-0.0156444325838376	1
UBC	FALSE	FALSE	chr12	-	unannotated splice site	124912181	124912408	228	not an annotated exon	""	chr12:124912409-124913092	chr12:124912181-124913092	inclusion	FALSE	FALSE		0.35221710428405	0.318924352585672	-3.32927516983784	-0.0373880750219055	-1.85871701865376	0.0659789809619151	0.159145045568421	0.0138557725850387	0.455741087970464	0.00808173450143477	0.926587402948521
UBC	FALSE	FALSE	chr12	-	unannotated splice site	124913321	124913548	228	not an annotated exon	""	chr12:124912409-124913320	chr12:124912409-124913548	inclusion	FALSE	FALSE	0.210602643823672	0.168664068579688	0.214826526483044	4.61624579033558	0.161480219183695	1.82785620103831	0.0704658630867557	0.167473375512268	-0.025037142947716	0.831339297884748	0.00644795758745973	1
UBC	FALSE	FALSE	chr12	-	unannotated splice site	124913321	124913548	228	not an annotated exon	""	chr12:124912181-124913320	chr12:124912181-124913548	inclusion	FALSE	FALSE	0.209929140420057	0.168234021450184	0.214066121362611	4.58320999124268	0.160647291755653	1.81852941045312	0.0718892490410038	0.170736966472384	-0.0253825953158639	0.829153408189584	0.00585131620528912	1
UBC	FALSE	FALSE	chr12	-	unannotated splice site	124912637	124912864	228	not an annotated exon	""	chr12:124912865-124913548	chr12:124912637-124913548	inclusion	TRUE	FALSE	0.178281445903989	0.157647481003178	0.191076434636965	3.34289536337863	0.0647031654674131	1.63958650036983	0.104141998539298	0.227334362665054	-0.0196230236363123	0.646533770003136	-0.00880158008472785	1
UBC	FALSE	FALSE	chr12	-	unannotated splice site	124912637	124913320	684	not an annotated exon	""	chr12:124913321-124913548	chr12:124912637-124913548	inclusion	TRUE	FALSE	0.178281445903989	0.157647481003178	0.191076434636965	3.34289536337863	0.0647031654674131	1.63958650036983	0.104141998539298	0.227334362665054	-0.0196230236363123	0.646533770003136	-0.00880158008472785	1
UBC	FALSE	FALSE	chr12	-	unannotated splice site	124913040	124913495	456	not an annotated exon	""	chr12:124911900-124913039	chr12:124911900-124913495	inclusion	FALSE	FALSE	0.415851466158651	0.410048136237524	0.430543286654291	2.0495150416767	0.119210521659988	1.43248134199516	0.15503410709135	0.310159410716284	-0.0304948032043654	0.761723677437123	-0.00949845005855295	1
UBC	FALSE	FALSE	chr12	-	unannotated splice site	124911823	124912734	912	not an annotated exon	""	chr12:124912735-124912962	chr12:124911823-124912962	inclusion	FALSE	FALSE		0.773368089343612	0.747898650719426	-2.5469438624186	-0.113565813748272	-1.3708664556069	0.173715924058943	0.337026730019661	0.0359306868799054	0.691259694769542	0.0185889925108372	1
UBC	FALSE	FALSE	chr12	-	unannotated splice site	124912181	124912636	456	not an annotated exon	""	chr12:124912637-124913548	chr12:124912181-124913548	skipping	FALSE	TRUE	0.209546758835111	0.215586507363036	0.204019164587449	-1.15673427755871	-0.0162318876243118	-1.31607777825769	0.191069397710721	0.360614329419623	0.00626481383357557	0.637209752049209	0.00380113808082525	0.983234759464368
UBC	FALSE	FALSE	chr12	+	unannotated splice site	124912207	124912890	684	not an annotated exon	""	chr12:124912891-124913118	chr12:124912207-124913118	skipping	FALSE	TRUE	0.0515835793079643	0.0424359160774557	0.0454723142729497	0.303639819549402	0.0928169933791975	1.22532052159018	0.223249037046696	0.399615776313585	-0.0249975640866581	0.792492422645402	-0.00888452876275052	1
UBC	FALSE	FALSE	chr12	-	unannotated splice site	124911900	124913495	1596	not an annotated exon	""	chr12:124913496-124913723	chr12:124911900-124913723	inclusion	TRUE	FALSE		0.295899751552198	0.236966653765417	-5.89330977867814	-0.129970817661096	-0.993467791509577	0.323087827024465	0.521510061561559	0.0491269761619189	0.736942848901488	0.0307494840745336	1
UBC	FALSE	FALSE	chr12	-	unannotated splice site	124911900	124913267	1368	not an annotated exon	""	chr12:124913268-124913495	chr12:124911900-124913495	inclusion	FALSE	FALSE		0.507738841210051	0.506275435495392	-0.146340571465808	-0.00426889941945744	-0.986668901891621	0.326139707622925	0.523153246835165	0.00149808513424117	0.786997649565782	0.000821467851577299	1
UBC	FALSE	FALSE	chr12	-	unannotated splice site	124912963	124913418	456	not an annotated exon	""	chr12:124912735-124912962	chr12:124912735-124913418	skipping	TRUE	FALSE		0.441159093624516	0.425903441006232	-1.52556526182837	-0.0175857022339693	-0.888123400023324	0.376765616167282	0.576161467926639	0.00149700349543071	0.994147604074607	-0.00188077878179474	1
UBC	FALSE	FALSE	chr12	-	unannotated splice site	124911900	124912583	684	not an annotated exon	""	chr12:124912584-124913723	chr12:124911900-124913723	inclusion	FALSE	FALSE		0.588133271813173	0.597291648225806	0.915837641263284	0.12474423086898	0.850900422411265	0.397033916604278	0.590687794996795	0.00803460617870094	1	0.0349647853737687	1
UBC	FALSE	FALSE	chr12	-	unannotated splice site	124912584	124913039	456	not an annotated exon	""	chr12:124913040-124913267	chr12:124912584-124913267	inclusion	FALSE	FALSE		0.0946942283931927	0.0750720063439043	-1.96222220492884	0.0766552035390536	0.563799065616126	0.574128387328152	0.755361951761332	-0.0935743378990632	0.446106167862908	-0.0939415812319134	0.758999082625987
UBC	FALSE	FALSE	chr12	-	unannotated splice site	124913093	124913548	456	not an annotated exon	""	chr12:124912637-124913092	chr12:124912637-124913548	inclusion	FALSE	FALSE	0.0315475046504128	0.0276312308587959	0.0247175765381993	-0.291365432059657	0.044364028366779	0.534039595650528	0.5944648764484	0.771375446318584	-0.0258792192995189	0.800312332292369	-0.0207838150970899	1
UBC	FALSE	FALSE	chr12	-	unannotated splice site	124912128	124913495	1368	not an annotated exon	""	chr12:124911900-124912127	chr12:124911900-124913495	inclusion	FALSE	FALSE	0.0408172571330595	0.0418801125374821	0.0345206566149493	-0.735945592253282	0.0405091259578666	0.310243132281628	0.757002944406116	0.890705006365513	-0.0258104729803993	0.89372992395357	-0.021565644630028	1
UBC	FALSE	FALSE	chr12	-	unannotated splice site	124912356	124913495	1140	not an annotated exon	""	chr12:124911900-124912355	chr12:124911900-124913495	inclusion	FALSE	FALSE	0.0408172571330595	0.0418801125374821	0.0345206566149493	-0.735945592253282	0.0405091259578666	0.310243132281628	0.757002944406116	0.890705006365513	-0.0258104729803993	0.89372992395357	-0.021565644630028	1
UBC	FALSE	FALSE	chr12	-	unannotated splice site	124912812	124913495	684	not an annotated exon	""	chr12:124911900-124912811	chr12:124911900-124913495	inclusion	FALSE	FALSE	0.0408172571330595	0.0418801125374821	0.0345206566149493	-0.735945592253282	0.0405091259578666	0.310243132281628	0.757002944406116	0.890705006365513	-0.0258104729803993	0.89372992395357	-0.021565644630028	1
UBC	FALSE	FALSE	chr12	+	unannotated splice site	124911979	124912206	228	not an annotated exon	""	chr12:124912207-124912662	chr12:124911979-124912662	inclusion	FALSE	FALSE		0.389219613463292	0.379951305424448	-0.926830803884437	-0.00386555994362312	-0.300536703277615	0.764453337647064	0.892824794415407	0.00132656697596716	0.973039865376012	0.000776343571938276	1
UBC	FALSE	FALSE	chr12	+	unannotated splice site	124911979	124912434	456	not an annotated exon	""	chr12:124912435-124912662	chr12:124911979-124912662	inclusion	FALSE	FALSE		0.389219613463292	0.379951305424448	-0.926830803884437	-0.00386555994362312	-0.300536703277615	0.764453337647064	0.892824794415407	0.00132656697596716	0.973039865376012	0.000776343571938276	1
UBC	FALSE	FALSE	chr12	-	unannotated splice site	124913093	124913548	456	not an annotated exon	""	chr12:124912865-124913092	chr12:124912865-124913548	skipping	TRUE	FALSE		0.951638587813396	0.972209434128663	2.05708463152664	0.0187760706184893	0.194849044214789	0.845898706893031	0.951356316846296	-0.00105531799232098	1	0.00295956059958476	1
UBC	FALSE	FALSE	chr12	-	unannotated splice site	124913093	124913548	456	not an annotated exon	""	chr12:124912181-124913092	chr12:124912181-124913548	inclusion	FALSE	FALSE	0.0336329902587281	0.0556492689400326	0.0223782551223504	-3.32710138176822	0.00583635991866754	0.0847088291843911	0.932657306397061	1	-0.013131498373744	0.902375455144099	-0.0142808607785419	1
UBC	FALSE	FALSE	chr12	-	unannotated splice site	124913093	124913548	456	not an annotated exon	""	chr12:124912409-124913092	chr12:124912409-124913548	inclusion	FALSE	FALSE	0.0336141384041215	0.0556403888184126	0.0223566922900647	-3.3283696528348	0.00570289494669652	0.0827719770948403	0.934193496244879	1	-0.0132017025955182	0.900656380568073	-0.0143940926930517	1
UBC	FALSE	FALSE	chr12	-	unannotated splice site	124912584	124913495	912	not an annotated exon	""	chr12:124911900-124912583	chr12:124911900-124913495	inclusion	FALSE	FALSE	0.0271624060859015	0.0419421223223973	0.0129674747752187	-2.89746475471786	0.00550830633535107	0.0420685168308243	0.966525519743019	1	-0.0393996513549229	0.812180522944947	-0.0455366853954529	0.970467838347115
UBC	FALSE	FALSE	chr12	+	unannotated splice site	124912200	124912427	228	not an annotated exon	""	chr12:124912428-124912655	chr12:124912200-124912655	inclusion	FALSE	FALSE		0.5	0.5	0	0	0	1	1	0	1	0	1
UBC	FALSE	FALSE	chr12	-	unannotated splice site	124912181	124912408	228	not an annotated exon	""	chr12:124912409-124912636	chr12:124912181-124912636	inclusion	TRUE	FALSE		0.5	0.5	0	0	0	1	1	0	1	0	1
UBE2Q2	FALSE	FALSE	chr15	+	cassette exon	75859878	75859982	105	coding exon	protein_coding	chr15:75859983-75868950	chr15:75854488-75868950	skipping	TRUE	FALSE	0.118606017395593	0.111274847856839	0.134557726624033	2.32828787671941	0.0440329981844174	0.499603507858983	0.618419854139257	0.791007615358949	0.0385342334046212	0.694106923497671	0.0556058303824419	0.790958395735541
UBL5	FALSE	FALSE	chr19	+	other	9827985	9828064	80	not an annotated exon	""	chr19:9828065-9828326	chr19:9827985-9828326	inclusion	TRUE	FALSE		0.206167186162641	0.266632495041041	6.04653088783998	0.199488122100467	2.6647794373694	0.00896973833689509	0.0347311182660732	-0.0647618452501746	0.306569736437153	-0.032588200694673	0.915151176959858
UBP1	FALSE	FALSE	chr3	-	cassette exon	33408690	33408797	108	coding exon	processed_transcript;protein_coding	chr3:33408798-33409235	chr3:33402905-33409235	inclusion	TRUE	TRUE	0.452012034175292	0.437951735062025	0.467251277944199	2.92995428821737	-0.059316848922202	-1.0143700531035	0.31278309532826	0.511465230676173	0.0530715899057029	0.268661481983372	0.049714085546366	0.611646978686251
UBQLN1	FALSE	FALSE	chr9	-	cassette exon	83666350	83666433	84	coding exon	protein_coding	chr9:83665146-83666349	chr9:83665146-83669184	skipping	TRUE	TRUE	0.15655944499437	0.185352117827967	0.143187342140958	-4.21647756870083	-0.138606377884737	-2.97874883264809	0.00360961083226552	0.0170031668151455	0.0540768601552812	0.130091592169819	0.0331478274242307	0.735940228989576
UBTF	FALSE	FALSE	chr17	-	cassette exon	44212344	44212454	111	coding exon	protein_coding	chr17:44212007-44212343	chr17:44212007-44212818	inclusion	TRUE	TRUE	0.366026196120985	0.32513430645954	0.38954430872316	6.44100022636205	0.121869660639475	2.68550235993641	0.00844271029417089	0.0331949800121101	-0.023383260627098	0.642585150964938	-0.000460889698778121	1
UGP2	FALSE	FALSE	chr2	+	cassette exon	63841896	63842204	309	coding exon	processed_transcript;protein_coding	chr2:63842205-63856305	chr2:63841233-63856305	skipping	TRUE	FALSE	0.409948178987708	0.346479469913965	0.48055677800332	13.4077308089355	0.169864629070757	3.70485837113618	0.000342280238735582	0.00256974633982277	-0.0177818177674048	0.75927318889578	0.0169385686523198	0.952895267562741
UQCR10	FALSE	FALSE	chr22	+	other	29767549	29767607	59	not an annotated exon	""	chr22:29767608-29769677	chr22:29767549-29769677	inclusion	TRUE	FALSE	0.111698018696349	0.095839443959571	0.126879144217213	3.10397002576416	0.107773619191445	3.29905401830172	0.00133275921054558	0.0078015732789424	-0.0256765542425504	0.39471754682175	-0.00634049693126515	1
UQCRH	FALSE	FALSE	chr1	+	cassette exon	46309897	46310044	148	NMD-only exon	nonsense_mediated_decay	chr1:46310045-46310154	chr1:46303821-46310154	skipping	TRUE	FALSE	0.198552212634156	0.149349163861234	0.257709959884944	10.836079602371	0.306286954401396	2.97481741122542	0.00365242945627376	0.0171280765102927	-0.043130429495238	0.724121588893087	0.0174042191795143	1
VAMP5	FALSE	FALSE	chr2	+	other	85591863	85591864	2	not an annotated exon	""	chr2:85591865-85592947	chr2:85591863-85592947	inclusion	TRUE	FALSE	0.12544747196675	0.104128589815373	0.142233725035871	3.8105135220498	0.114116344041878	2.15133453565894	0.0337874426046586	0.0939583747329878	0.00911144703762171	0.927791299690649	0.0363762425655357	0.763386789569299
VCAN	FALSE	FALSE	chr5	+	cassette exon	83519349	83522309	2961	coding exon	protein_coding	chr5:83512397-83519348	chr5:83512397-83537006	inclusion	TRUE	TRUE	0.348193676622036	0.291342777302389	0.360889305163101	6.95465278607116	0.251465338153763	2.42794373639691	0.0169189289314617	0.0563577642467201	-0.13566311414168	0.0632006252783995	-0.104718462037091	0.474131077937937
VEGFA	FALSE	FALSE	chr6	+	cassette exon	43781956	43782087	132	coding exon	protein_coding;retained_intron	chr6:43782088-43784540	chr6:43778919-43784540	skipping	TRUE	FALSE	0.467486288819989	0.475064974014572	0.455887559406713	-1.9177414607859	-0.0347835130745715	-0.720444952505214	0.472882937508893	0.662659608762977	0.00843447229790156	0.921155313251906	0.00222142307480936	1
VPS28	FALSE	FALSE	chr8	-	alternative 3' splice site	144425001	144425051	51	coding exon	protein_coding;retained_intron	chr8:144425052-144425682	chr8:144425001-144425682	skipping	TRUE	FALSE	0.0777244396925276	0.0770175823966656	0.0783821615030873	0.136457910642165	-0.0524222736564598	-0.734413854638944	0.464365208486522	0.653956966485573	0.00515360650963592	0.999029178587114	-0.00562402202248432	1
VTI1B	FALSE	FALSE	chr14	-	cassette exon	67663029	67663190	162	NMD-only exon	nonsense_mediated_decay	chr14:67662536-67663028	chr14:67662536-67674374	inclusion	TRUE	FALSE	0.179885913488247	0.299583603197101	0.106697717547977	-19.2885885649124	-0.481053770122416	-3.96998379076122	0.000133254034764107	0.0011710516078365	0.0885490630199327	0.452467616182108	-0.0026337443319972	1
WAC	FALSE	FALSE	chr10	+	cassette exon	28595695	28596041	347	coding exon	protein_coding	chr10:28596042-28608185	chr10:28590833-28608185	skipping	TRUE	FALSE	0.186862954100055	0.134969480086015	0.228538345909567	9.35688658235517	0.501334542111642	5.74698659873265	9.31210520832469e-08	2.31171312507389e-06	-0.0776161429180831	0.366066651651213	0.0201545430627297	1
WAC	FALSE	FALSE	chr10	+	alternative 3' splice site	28616173	28616175	3	coding exon	nonsense_mediated_decay;protein_coding	chr10:28614686-28616172	chr10:28614686-28616175	skipping	TRUE	FALSE	0.255658728600862	0.286755796157988	0.236080385693807	-5.06754104641813	-0.113322165092423	-2.58727172161434	0.0110690254084873	0.0400486759726227	0.0434138829665183	0.224122403729318	0.026153303231452	0.801020692772742
WASHC3	FALSE	FALSE	chr12	-	alternative 3' splice site	102039976	102039978	3	coding exon	nonsense_mediated_decay;protein_coding;retained_intron	chr12:102039979-102044104	chr12:102039976-102044104	skipping	TRUE	FALSE	0.116572744848012	0.113596253191326	0.128332551965343	1.47362987740166	-0.0126496810941465	-0.225245622649448	0.822234492975651	0.933695996864839	0.0313649690810686	0.576090040131699	0.0343993367716379	0.794371046265522
WIPI2	FALSE	FALSE	chr7	+	alternative 5' splice site	5229706	5229738	33	coding exon	protein_coding;retained_intron	chr7:5229739-5230834	chr7:5229706-5230834	skipping	TRUE	FALSE	0.395593873927379	0.364179610596126	0.415207212674466	5.10276020783405	0.138645728382894	1.83206966749261	0.0698305693045469	0.166242431881091	0.0012657418090983	1	0.0325569703079855	0.91701834432199
WNK1	FALSE	FALSE	chr12	+	cassette exon	871265	871348	84	coding exon	protein_coding	chr12:862271-871264	chr12:862271-878211	skipping	TRUE	FALSE	0.365812969980779	0.343629578232487	0.385804930127006	4.21753518945194	0.0842103083254881	1.4896091005105	0.139382820355079	0.285139821710736	-0.0477798992197986	0.310264901267305	-0.0378566974524443	0.777973206711966
WNT5B	FALSE	FALSE	chr12	+	cassette exon	1639684	1639976	293	coding exon	protein_coding	chr12:1632906-1639683	chr12:1632906-1645793	skipping	TRUE	TRUE	0.103474562737084	0.0804624972273845	0.12041958004836	3.99570828209754	0.25382101606234	2.58870633559763	0.0110258845989324	0.0400203132561038	-0.0407829369144295	0.724121588893087	0.00843934092418612	1
WSB1	FALSE	FALSE	chr17	+	cassette exon	27307744	27308847	1104	coding exon	protein_coding	chr17:27306883-27307743	chr17:27306883-27309099	skipping	TRUE	FALSE	0.231506719711694	0.157567716806173	0.294173424703395	13.6605707897222	0.373779585277409	5.36814947339099	4.93734639228783e-07	9.93604442613664e-06	-0.122379018661017	0.0137888577282179	-0.0615527606196352	0.575744292454288
WWC2	FALSE	FALSE	chr4	+	unannotated splice site	183285967	183287837	1871	not an annotated exon	""	chr4:183284391-183285966	chr4:183284391-183287837	skipping	FALSE	FALSE	0.265680030251516	0.291012730363373	0.252388499731973	-3.86242306314005	-0.129854063281282	-1.36061291716064	0.176606014037967	0.340883685438778	0.0726455493759812	0.388780686700235	0.0571506885595461	0.801020692772742
XPO1	FALSE	FALSE	chr2	-	unannotated splice site	61492199	61492250	52	not an annotated exon	""	chr2:61492251-61492324	chr2:61492199-61492324	inclusion	TRUE	FALSE	0.174087964857971	0.228420221224942	0.15135346024246	-7.70667609824819	-0.142159202329386	-2.03316320860234	0.0446080985237043	0.117424259349163	0.0938453898712878	0.0498708625236969	0.0795603970120228	0.376461707415409
XPO1	FALSE	FALSE	chr2	-	cassette exon	61534558	61534678	121	coding exon	protein_coding	chr2:61533904-61534557	chr2:61533904-61537561	inclusion	TRUE	FALSE	0.130965810301934	0.1045206866167	0.128775664518473	2.42549779017727	0.118503910653834	1.10334504775535	0.272448496146587	0.463067134130206	-0.0933679911088436	0.297142398214828	-0.0842920962276388	0.685750082706529
YAP1	FALSE	FALSE	chr11	+	unannotated splice site	102186132	102186137	6	not an annotated exon	""	chr11:102186138-102205892	chr11:102186132-102205892	inclusion	TRUE	FALSE	0.169325803563167	0.150603801576262	0.189413403745229	3.88096021689669	0.106985111224517	2.61948717891136	0.0101360426906285	0.0378244701446712	-0.020772017051092	0.6460412276922	-0.000695042088344918	1
YAP1	FALSE	FALSE	chr11	+	alternative 5' splice site	102206075	102206086	12	coding exon	protein_coding	chr11:102206087-102223621	chr11:102206075-102223621	inclusion	TRUE	FALSE	0.11692039648344	0.119237895567602	0.116148872450468	-0.308902311713487	0.167871607295169	1.73431178854183	0.0858544994555863	0.196362577436751	0.0122056632272128	0.958115403910792	0.0520896417024937	0.852325246216829
YAP1	FALSE	FALSE	chr11	+	cassette exon	102209517	102209564	48	coding exon	protein_coding	chr11:102209565-102223621	chr11:102206075-102223621	inclusion	TRUE	TRUE	0.435231067969411	0.467731851277091	0.416798993945522	-5.09328573315688	-0.111842981306756	-1.32780841592833	0.187176551162806	0.355022888547221	0.0020650129680129	1	-0.0225997159957651	1
YAP1	FALSE	FALSE	chr11	+	cassette exon	102186018	102186131	114	coding exon	protein_coding	chr11:102186132-102205892	chr11:102162572-102205892	skipping	TRUE	TRUE	0.146237051857338	0.126443885072793	0.145774994498816	1.93311094260233	0.0580009387506769	0.902048690409002	0.369135572621729	0.570390768962517	0.0113084953729614	0.921017467716348	0.0264153527578451	0.921496272449727
YBX3	FALSE	FALSE	chr12	-	cassette exon	10709908	10710114	207	coding exon	processed_transcript;protein_coding	chr12:10710115-10713210	chr12:10704149-10713210	skipping	TRUE	TRUE	0.368434107117515	0.397373636560096	0.345336016709124	-5.20376198509715	-0.0743876896703646	-2.63350566002649	0.00975271238218807	0.0367319765357937	0.0251929604009074	0.297142398214828	0.0132443500821883	0.885309445713496
YME1L1	FALSE	FALSE	chr10	-	cassette exon	27142387	27142485	99	coding exon	protein_coding	chr10:27136386-27142386	chr10:27136386-27145427	skipping	TRUE	FALSE	0.0914637072592783	0.0854586948601116	0.0937617618421082	0.830306698199662	0.0966018638819298	1.29018441499943	0.199875632067121	0.371486935018776	-0.0110487392888928	0.941406122136108	0.00852156466778161	1
YTHDF2	FALSE	FALSE	chr1	+	cassette exon	28742403	28743986	1584	coding exon	processed_transcript;protein_coding	chr1:28743987-28768928	chr1:28738339-28768928	skipping	TRUE	TRUE	0.105703707123618	0.0964033359738391	0.117931387317652	2.1528051343813	0.102124830516927	1.33253927881639	0.185623525354502	0.353079200073077	0.035052158732357	0.681838806271626	0.0644839819237505	0.618142836076918
YWHAB	FALSE	FALSE	chr20	+	cassette exon	44887648	44887742	95	coding exon	protein_coding	chr20:44885887-44887647	chr20:44885887-44901530	inclusion	TRUE	TRUE	0.0667016094202506	0.0651818714773593	0.0707831589487108	0.560128747135155	0.136054162477288	1.73512028648506	0.0857105443236593	0.196326182103777	-0.0226871201369503	0.828078373457571	0.00354258595578027	1
YWHAE	FALSE	FALSE	chr17	-	cassette exon	1369709	1369741	33	coding exon	protein_coding;retained_intron	chr17:1365059-1369708	chr17:1365059-1400046	inclusion	TRUE	TRUE	0.0266984383188677	0.0310470176017802	0.025531227718369	-0.551578988341112	-0.0939974443582356	-1.69616397433142	0.0928753236783062	0.20780853673021	0.0451601311369114	0.340592506464797	0.0325546657908514	0.801799079502949
YY1AP1	FALSE	FALSE	chr1	-	unannotated splice site	155668627	155771066	102440	not an annotated exon	""	chr1:155661424-155668626	chr1:155661424-155771066	skipping	FALSE	FALSE	0.491605776632385	0.495366593757018	0.489074029485092	-0.629256427192676	-0.00683798486468711	-1.05182166571431	0.295342782482916	0.491178876882347	0.000869253594766678	0.95197078235111	-0.000499727960555376	1
YY1AP1	FALSE	FALSE	chr1	-	unannotated splice site	155679409	155783985	104577	not an annotated exon	""	chr1:155676747-155679408	chr1:155676747-155783985	skipping	FALSE	FALSE	0.250137844473563	0.235441991609196	0.253571365866672	1.81293742574766	0.048334823138576	0.472796153592011	0.637358962496937	0.80384949881791	0.022961382942134	0.872550107603863	0.0380831829070908	0.95020865976266
YY1AP1	FALSE	FALSE	chr1	-	unannotated splice site	155672560	155775001	102442	not an annotated exon	""	chr1:155670465-155672559	chr1:155670465-155775001	skipping	FALSE	FALSE	0.5	0.5	0.5	0	0	0	1	1	0	1	0	1
ZC3H14	FALSE	FALSE	chr14	+	alternative 3' splice site	88609712	88609714	3	coding exon	protein_coding	chr14:88609404-88609711	chr14:88609404-88609714	skipping	TRUE	FALSE	0.387563592653736	0.39140129234523	0.395048102350412	0.364681000518136	-0.0216591654606739	-0.471109169660753	0.638559049668007	0.80384949881791	-0.00872749828392787	0.902947326648038	-0.0152115292612943	0.980954039261069
ZDHHC3	FALSE	FALSE	chr3	-	cassette exon	44932907	44932990	84	coding exon	protein_coding;retained_intron	chr3:44929437-44932906	chr3:44929437-44933117	inclusion	TRUE	TRUE	0.145434998615393	0.129351090374728	0.180020042250933	5.06689518762049	0.191047327070487	2.93017661304483	0.00417260202606683	0.018971951190713	-0.0633841234073891	0.243455824701381	-0.0324503368133699	0.866752509178043
ZDHHC7	FALSE	FALSE	chr16	-	cassette exon	84988763	84988873	111	coding exon	nonsense_mediated_decay;protein_coding	chr16:84981995-84988762	chr16:84981995-84990303	inclusion	TRUE	TRUE	0.411174994306738	0.431475513991536	0.398546521895269	-3.29289920962667	-0.172648837748066	-3.62334463968996	0.000453537271564837	0.00322020931230066	0.0674714530174781	0.0449656962459761	0.0414232844947474	0.593770447481842
ZMYND11	FALSE	FALSE	chr10	+	cassette exon	221195	221356	162	coding exon	nonsense_mediated_decay;protein_coding	chr10:221357-236837	chr10:210049-236837	skipping	TRUE	FALSE	0.1498042096309	0.102822126164652	0.157751094762882	5.49289685982302	0.268607337091492	3.18620493751857	0.00190830507844453	0.0102692176768827	-0.100610634198118	0.115211884031263	-0.0592689002601073	0.748927830086642
ZNF207	FALSE	FALSE	chr17	+	cassette exon	32366665	32366757	93	coding exon	nonsense_mediated_decay;protein_coding	chr17:32365488-32366664	chr17:32365488-32367771	skipping	TRUE	TRUE	0.309860674169559	0.219985197635785	0.364098681783316	14.4113484147531	0.284734003756071	4.69923705418363	8.10834185622946e-06	0.000103627289788963	-0.102670295135627	0.0152057818566299	-0.0581017617783224	0.499584556565982
ZRANB2	FALSE	FALSE	chr1	-	cassette exon	71065678	71065752	75	coding exon	processed_transcript;protein_coding	chr1:71065138-71065677	chr1:71065138-71066775	skipping	TRUE	FALSE	0.257200336735303	0.223933627606102	0.310296698913452	8.63630713073502	0.162458182946704	3.61421527552246	0.000467940609097619	0.00330866114665489	-0.0146617982567402	0.801972247284422	0.0189833490635486	0.91701834432199
