gene	chromosome	start	end	strand	annotated	type	meanPSI	d_prolif	t_prolif	p_prolif	FDR_prolif	d_age	FDR_age	d_age_adj	FDR_age_adj	machinery	named
ATAD3B	chr1	1479109	1480866	+	1	alternative acceptor		0.000316961646045214	0.085983261303552	0.931648279457065	1	2.12490019340988e-05	1	9.61703920399214e-05	1	FALSE	FALSE
""	chr1	1479109	1518920	+	0	alternative acceptor		-0.000316961646045213	-0.0859832613035518	0.931648279457065	1	-2.12490019340988e-05	1	-9.61703920399212e-05	1	FALSE	FALSE
ATAD3B	chr1	1480937	1482137	+	1	alternative acceptor		-0.0117019313079855	-1.36454881678027	0.175427439294621	0.339572408105296	0.00104766343577095	0.960291504975306	-0.0013480674257201	1	FALSE	FALSE
""	chr1	1480937	1520140	+	0	alternative acceptor		0.0117019313079855	1.36454881678027	0.17542743929462	0.339572408105296	-0.00104766343577095	0.960291504975306	0.00134806742572011	1	FALSE	FALSE
ATAD3B	chr1	1490672	1495484	+	1	alternative acceptor		-0.317716398165834	-2.77103603072632	0.00669841471862032	0.0278840984798381	0.055124233461738	0.673304098938259	-0.00452002686726902	1	FALSE	FALSE
""	chr1	1490672	1509204	+	1	alternative acceptor		0.188426249530146	2.81037162296087	0.00598668024721405	0.0256431983888854	-0.0332465547002705	0.655214741049296	0.00202405600477811	1	FALSE	FALSE
ATAD3A	chr1	1490672	1533925	+	0	alternative acceptor		0.187567863837341	2.79454172254726	0.0062643471711909	0.0266646367074096	-0.0330793000213035	0.658211357946092	0.00203354817534635	1	FALSE	FALSE
CDK11B	chr1	1645263	1649498	-	1	alternative acceptor	0.58349143739748	0.0562062010743367	1.72308903835117	0.0878732879400576	0.199673767936943	-0.0139061801117975	0.705462987355531	-0.00391842581536041	1	FALSE	FALSE
SLC35E2B	chr1	1645263	1716345	-	1	alternative acceptor	0.416508562602519	-0.0562062010743367	-1.72308903835117	0.0878732879400576	0.199673767936943	0.0139061801117975	0.705462987355531	0.00391842581536041	1	FALSE	FALSE
CDK11B	chr1	1652567	1655368	-	1	alternative acceptor	0.691630866380543	0.155645892675398	2.12434210099779	0.0360349106167366	0.0984375349458001	0.00163776710655991	1	0.0368063595239834	0.865330761437268	FALSE	FALSE
SLC35E2B	chr1	1652567	1721595	-	0	alternative acceptor	0.308369133619458	-0.155645892675398	-2.12434210099779	0.0360349106167365	0.0984375349458001	-0.00163776710655989	1	-0.0368063595239833	0.865330761437268	FALSE	FALSE
CDK11B	chr1	1655485	1657374	-	1	alternative acceptor	0.500141602945341	0.000432541250925147	0.116826427913788	0.907225093356256	0.985939725420874	5.27062787797716e-05	1	0.000159448817332732	1	FALSE	FALSE
SLC35E2B	chr1	1655485	1722707	-	0	alternative acceptor	0.499858397054659	-0.000432541250925146	-0.116826427913787	0.907225093356256	0.985939725420874	-5.27062787797714e-05	1	-0.000159448817332731	1	FALSE	FALSE
SLC35E2B	chr1	1666020	1668326	-	1	alternative acceptor	0.504672897196262	-0.0231820494532937	-0.437907038197718	0.662370628186857	0.819482603114911	0.00312194597802166	1	-0.00148641673896611	1	FALSE	FALSE
""	chr1	1666020	1734689	-	0	alternative acceptor	0.495327102803738	0.0231820494532937	0.437907038197718	0.662370628186857	0.819482603114911	-0.00312194597802167	1	0.00148641673896611	1	FALSE	FALSE
GNB1	chr1	1787054	1787321	-	1	alternative acceptor	0.929226304075689	-0.000183708259301102	-0.00286852111569337	0.997716802823269	1	0.00254180158489224	1	0.00297616895147097	1	FALSE	FALSE
GNB1	chr1	1787054	1787325	-	1	alternative acceptor	0.0707736959243105	0.000183708259301123	0.00286852111569369	0.997716802823268	1	-0.00254180158489226	1	-0.00297616895147097	1	FALSE	FALSE
NBPF1	chr1	16580957	16581419	-	1	alternative acceptor	0.5	0	0	1	1	0	1	0	1	FALSE	FALSE
NBPF1	chr1	16580957	16587724	-	0	alternative acceptor	0.5	0	0	1	1	0	1	0	1	FALSE	FALSE
AKR7L	chr1	19267462	19268571	-	1	alternative acceptor		0.025238939052403	1.17296565712647	0.243652739478367	0.42278722804384	-0.00939148312027444	0.694106923497671	-0.00555842245362135	1	FALSE	FALSE
""	chr1	19267462	19283995	-	0	alternative acceptor		-0.0183991753702005	-0.751338554843316	0.454249430619853	0.644246169115146	-0.00375340957945868	0.938559926774261	-0.00849070364730079	0.96951046090697	FALSE	FALSE
AKR7A3	chr1	19267462	19306017	-	0	alternative acceptor		0.00431380495457757	0.142881522497223	0.886677113218007	0.976867140283266	0.00698331818171772	0.865357879812485	0.00921277327768438	0.983234759464368	FALSE	FALSE
EIF4G3	chr1	20886372	20892618	-	1	alternative acceptor	0.133525076745852	0.116862575899017	1.59233639684141	0.11437356124004	0.244612594973142	0.0381758368899194	0.627289192329627	0.0714930518226723	0.484910345714144	FALSE	FALSE
EIF4G3	chr1	20886372	20893516	-	1	alternative acceptor	0.866474923254149	-0.116862575899017	-1.59233639684141	0.11437356124004	0.244612594973142	-0.0381758368899194	0.627289192329627	-0.0714930518226722	0.484910345714144	FALSE	FALSE
HSPG2	chr1	21842381	21842769	-	1	alternative acceptor		0.120029158757278	0.912468555697657	0.36367374706858	0.564001100674984	-0.0257032711111307	0.897586392226939	-0.00359639092720839	1	FALSE	FALSE
HSPG2	chr1	21842381	21847688	-	0	alternative acceptor		-0.120029158757278	-0.912468555697659	0.363673747068579	0.564001100674984	0.0257032711111306	0.897586392226939	0.00359639092720834	1	FALSE	FALSE
HSPG2	chr1	21843439	21844147	-	1	alternative acceptor		-0.283400527523388	-2.4586323618195	0.0157193294399392	0.0534614394252332	-0.0282372340234722	0.863205297776067	-0.0957203522466725	0.618142836076918	FALSE	FALSE
HSPG2	chr1	21843439	21852087	-	0	alternative acceptor		0.217585344928574	2.35025028160909	0.0207860908012761	0.0656392709518478	0.0257028867479435	0.837889846895872	0.078256399794836	0.608087013173841	FALSE	FALSE
HSPG2	chr1	21843439	21852918	-	0	alternative acceptor		0.217585344928574	2.35025028160909	0.0207860908012761	0.0656392709518478	0.0257028867479435	0.837889846895872	0.078256399794836	0.608087013173841	FALSE	FALSE
HSPG2	chr1	21851927	21852087	-	1	alternative acceptor		0.0887606476640329	2.63281914482398	0.00979776700121447	0.0367389256572553	-0.0402390808799145	0.106461359346479	-0.0279180553006758	0.632324922787646	FALSE	FALSE
HSPG2	chr1	21851927	21852918	-	0	alternative acceptor		-0.0887606476640328	-2.63281914482398	0.00979776700121451	0.0367389256572553	0.0402390808799145	0.106461359346479	0.0279180553006758	0.632324922787646	FALSE	FALSE
HSPG2	chr1	21888067	21888667	-	1	alternative acceptor	0.133464670058384	0.119855747623125	1.42283679737465	0.157805160009633	0.313168809964727	-0.00132543570803667	1	0.0252723839728591	0.985187378373503	FALSE	FALSE
HSPG2	chr1	21888067	21889980	-	1	alternative acceptor	0.866535329941616	-0.119855747623125	-1.42283679737465	0.157805160009633	0.313168809964727	0.00132543570803669	1	-0.0252723839728591	0.985187378373503	FALSE	FALSE
KDM1A	chr1	23030635	23044426	+	1	alternative acceptor	0.540261962656711	-0.0574869715168179	-0.77318746611997	0.441182250924104	0.631507085603064	-0.00490347229617674	1	-0.0186969704581667	1	FALSE	FALSE
KDM1A	chr1	23030635	23050386	+	1	alternative acceptor	0.45973803734329	0.0574869715168178	0.773187466119969	0.441182250924104	0.631507085603064	0.00490347229617676	1	0.0186969704581667	1	FALSE	FALSE
HNRNPR	chr1	23323733	23333517	-	1	alternative acceptor	0.95752975610039	-0.16442605857008	-2.15384030298699	0.0335851095406425	0.0939058558479313	0.0226118651453756	0.823063273377401	-0.00998677257715843	1	TRUE	FALSE
HNRNPR	chr1	23323733	23337753	-	1	alternative acceptor	0.0424702438996096	0.164426058570079	2.15384030298698	0.0335851095406429	0.0939058558479313	-0.0226118651453755	0.823063273377401	0.00998677257715848	1	TRUE	FALSE
HNRNPR	chr1	23338609	23340851	-	1	alternative acceptor		-0.0788450923401954	-0.737280856911366	0.46264419165761	0.652073309501671	-0.0259944949854008	0.861321182717944	-0.0485659536645576	0.902506498809721	TRUE	FALSE
HNRNPR	chr1	23338609	23344210	-	1	alternative acceptor		0.0788450923401954	0.737280856911366	0.46264419165761	0.652073309501671	0.0259944949854009	0.861321182717944	0.0485659536645575	0.902506498809721	TRUE	FALSE
TMEM50A	chr1	25340580	25342960	+	1	alternative acceptor	0.961871760339127	-0.208403107607985	-2.77204701594816	0.00661207056378593	0.0276261080926732	0.0174255126414446	0.872881226588809	-0.025993536325793	0.970467838347115	FALSE	FALSE
TMEM50A	chr1	25340580	25351625	+	1	alternative acceptor	0.0381282396608725	0.208403107607985	2.77204701594817	0.00661207056378593	0.0276261080926732	-0.0174255126414446	0.872881226588809	0.025993536325793	0.970467838347115	FALSE	FALSE
YTHDF2	chr1	28738339	28742402	+	1	alternative acceptor	0.827823865145034	-0.0399507057096241	-0.41828495905022	0.676609608373865	0.828914182224577	-0.0321037845195331	0.788473083121456	-0.0470580176152077	0.869621028064469	FALSE	FALSE
YTHDF2	chr1	28738339	28768928	+	1	alternative acceptor	0.172176134854966	0.0399507057096241	0.41828495905022	0.676609608373865	0.828914182224577	0.0321037845195331	0.788473083121456	0.0470580176152077	0.869621028064469	FALSE	FALSE
COL16A1	chr1	31668856	31670601	-	1	alternative acceptor		-0.0970384845572666	-1.23633968573138	0.219171699798796	0.396847567381992	0.047804765461535	0.52687273448502	0.0350343722153276	0.908552550007806	FALSE	FALSE
COL16A1	chr1	31668856	31671614	-	1	alternative acceptor		0.0970384845572665	1.23633968573138	0.219171699798796	0.396847567381992	-0.047804765461535	0.52687273448502	-0.0350343722153276	0.908552550007806	FALSE	FALSE
COL16A1	chr1	31679686	31679803	-	1	alternative acceptor	0.634440437601891	0.2416438007786	4.3677678278341	2.99836821102453e-05	0.000320674537285988	-0.0610466342459397	0.187705745570054	-0.0183427502382754	0.980928941102963	FALSE	FALSE
COL16A1	chr1	31679686	31680041	-	1	alternative acceptor	0.365559562398109	-0.2416438007786	-4.3677678278341	2.99836821102453e-05	0.000320674537285988	0.0610466342459396	0.187705745570054	0.0183427502382754	0.980928941102963	FALSE	FALSE
PTP4A2	chr1	31911827	31915894	-	1	alternative acceptor	0.845888187353555	-0.117882127763528	-1.97106749568749	0.0513992194240437	0.130551714160697	0.0565420820898231	0.248291946758214	0.0407161402072136	0.763742089132858	FALSE	FALSE
PTP4A2	chr1	31911827	31918969	-	1	alternative acceptor	0.154111812646445	0.117882127763528	1.97106749568749	0.0513992194240439	0.130551714160697	-0.0565420820898232	0.248291946758214	-0.0407161402072136	0.763742089132858	FALSE	FALSE
RBBP4	chr1	32681861	32684009	-	1	alternative acceptor	0.765641982667385	-0.219163549266641	-3.09431076436203	0.00254005514287055	0.0128171031764136	0.010807471501009	0.941406122136108	-0.0362598348366504	0.86095732319391	FALSE	FALSE
RBBP4	chr1	32681861	32684257	-	1	alternative acceptor	0.234358017332615	0.219163549266641	3.09431076436203	0.00254005514287055	0.0128171031764136	-0.010807471501009	0.941406122136108	0.0362598348366504	0.86095732319391	FALSE	FALSE
TRAPPC3	chr1	36140167	36149091	-	1	alternative acceptor		-0.105391750367371	-0.742139214570837	0.459760121580108	0.649084339349916	0.0343325701266373	0.861321182717944	0.0173955291045037	1	FALSE	FALSE
TRAPPC3	chr1	36140167	36149336	-	1	alternative acceptor		0.105391750367371	0.742139214570837	0.459760121580108	0.649084339349916	-0.0343325701266373	0.861321182717944	-0.0173955291045037	1	FALSE	FALSE
MAP7D1	chr1	36173479	36174897	+	1	alternative acceptor	0.491149278407158	0.00458870855914161	0.0570776670712507	0.954593906806584	1	-0.0469304476276447	0.549633883024578	-0.0546823030447213	0.763742089132858	FALSE	FALSE
MAP7D1	chr1	36173479	36176198	+	1	alternative acceptor	0.508850721592842	-0.00458870855914161	-0.0570776670712507	0.954593906806584	1	0.0469304476276446	0.549633883024578	0.0546823030447212	0.763742089132858	FALSE	FALSE
MAP7D1	chr1	36179316	36179511	+	1	alternative acceptor	0.116944754195474	0.0574417152969985	0.83893597825931	0.403448068699578	0.596480782740467	0.050822919428373	0.4047453079066	0.0731967980801911	0.425255625789379	FALSE	FALSE
MAP7D1	chr1	36179316	36179514	+	1	alternative acceptor	0.883055245804526	-0.0574417152969985	-0.838935978259311	0.403448068699578	0.596480782740467	-0.0508229194283729	0.4047453079066	-0.073196798080191	0.425255625789379	FALSE	FALSE
THRAP3	chr1	36301085	36301552	+	1	alternative acceptor	0.607363516230988	-0.0280274021614589	-0.894655481712263	0.373057153927892	0.573324618395283	0.0136653925175607	0.694106923497671	0.00994419454967062	0.983234759464368	FALSE	FALSE
THRAP3	chr1	36301085	36301555	+	1	alternative acceptor	0.392636483769012	0.0280274021614589	0.894655481712263	0.373057153927892	0.573324618395283	-0.0136653925175607	0.694106923497671	-0.00994419454967062	0.983234759464368	FALSE	FALSE
PABPC4	chr1	39563923	39564422	-	1	alternative acceptor	0.724797508737176	-0.131526189917558	-3.65873964856056	0.000401566673514623	0.00290580480132603	0.00417149421563674	0.971905873218505	-0.0245078838987444	0.763742089132858	FALSE	FALSE
PABPC4	chr1	39563923	39564470	-	1	alternative acceptor	0.275202491262824	0.131526189917559	3.65873964856056	0.00040156667351462	0.00290580480132603	-0.00417149421563673	0.971905873218505	0.0245078838987444	0.763742089132858	FALSE	FALSE
CAP1	chr1	40059459	40060066	+	1	alternative acceptor	0.896296434260957	0.0434916277298684	1.40550687172786	0.162879805055904	0.320019767183784	0.00283771046817268	0.983878662274079	0.0131100158721697	0.91701834432199	FALSE	FALSE
CAP1	chr1	40059459	40060069	+	1	alternative acceptor	0.103703565739043	-0.0434916277298684	-1.40550687172786	0.162879805055904	0.320019767183784	-0.0028377104681727	0.983878662274079	-0.0131100158721697	0.91701834432199	FALSE	FALSE
P3H1	chr1	42746853	42747252	-	1	alternative acceptor	0.187087992701945	0.305860405360004	3.30718481748959	0.00129830599682209	0.00762614627839712	-0.0523320985607196	0.599460639389804	0.00638558030751835	1	FALSE	FALSE
P3H1	chr1	42746853	42747271	-	1	alternative acceptor	0.812912007298055	-0.305860405360004	-3.30718481748959	0.00129830599682208	0.00762614627839712	0.0523320985607196	0.599460639389804	-0.00638558030751833	1	FALSE	FALSE
ELOVL1	chr1	43365009	43365185	-	1	alternative acceptor	0.93602265533212	-0.246268908122777	-3.94295499116047	0.000146987522892699	0.00127114541860004	0.0670447381766605	0.196528827204939	0.0244270168846241	0.941874636349608	FALSE	FALSE
ELOVL1	chr1	43365009	43365563	-	1	alternative acceptor	0.0639773446678795	0.246268908122777	3.94295499116047	0.000146987522892699	0.00127114541860004	-0.0670447381766605	0.196528827204939	-0.0244270168846241	0.941874636349608	FALSE	FALSE
ELOVL1	chr1	43365624	43367485	-	1	alternative acceptor	0.261016157415873	-0.00735349974785177	-0.0509637367890689	0.959453119846329	1	0.0255762222980549	0.918205634370744	0.0287139032779354	1	FALSE	FALSE
ELOVL1	chr1	43365624	43367914	-	1	alternative acceptor	0.738983842584127	0.00735349974785186	0.0509637367890696	0.959453119846328	1	-0.0255762222980549	0.918205634370744	-0.0287139032779354	1	FALSE	FALSE
ATP6V0B	chr1	43975108	43975799	+	1	alternative acceptor		-0.138024526442436	-1.20848839771115	0.229681229182516	0.407325850579679	0.0430279813308006	0.747922542055103	0.0202295178598243	1	FALSE	FALSE
ATP6V0B	chr1	43975108	43976089	+	1	alternative acceptor		0.138024526442436	1.20848839771114	0.229681229182516	0.407325850579679	-0.0430279813308006	0.747922542055103	-0.0202295178598243	1	FALSE	FALSE
MAGOH	chr1	53228955	53233541	-	1	alternative acceptor	0.872906605485696	-0.0724633587970686	-0.779529888015253	0.437455129678814	0.628022328424504	-0.0291484542808108	0.800312332292369	-0.0508321269106005	0.846802145998523	TRUE	FALSE
MAGOH	chr1	53228955	53235576	-	1	alternative acceptor	0.127093394514304	0.0724633587970685	0.779529888015252	0.437455129678815	0.628022328424504	0.0291484542808108	0.800312332292369	0.0508321269106005	0.846802145998523	TRUE	FALSE
TMEM59	chr1	54043526	54045691	-	1	alternative acceptor	0.980929934511448	-0.0970198037048678	-1.7347252293497	0.0857808605134408	0.196326182103777	0.0388779032082812	0.448894884049244	0.0244202110042479	0.916595151474288	FALSE	FALSE
TMEM59	chr1	54043526	54052999	-	1	alternative acceptor	0.0190700654885519	0.0970198037048681	1.7347252293497	0.08578086051344	0.196326182103777	-0.0388779032082813	0.448894884049244	-0.0244202110042479	0.916595151474288	FALSE	FALSE
SRSF11	chr1	70250504	70250607	+	1	alternative acceptor	0.68413154641155	-0.00294026134158367	-0.138306393787199	0.89026830636579	0.979188290350915	0.0129073493135828	0.52515960178129	0.0146634583450741	0.760091232332566	FALSE	FALSE
SRSF11	chr1	70250504	70250610	+	1	alternative acceptor	0.31586845358845	0.00294026134158367	0.138306393787199	0.89026830636579	0.979188290350915	-0.0129073493135828	0.52515960178129	-0.0146634583450741	0.760091232332566	FALSE	FALSE
ZRANB2	chr1	71065138	71065677	-	1	alternative acceptor	0.742799663264697	-0.162458182946704	-3.61421527552246	0.000467940609097618	0.00330866114665489	0.0146617982567402	0.801972247284422	-0.0189833490635486	0.91701834432199	FALSE	FALSE
ZRANB2	chr1	71065138	71066775	-	1	alternative acceptor	0.257200336735303	0.162458182946704	3.61421527552246	0.000467940609097619	0.00330866114665489	-0.0146617982567402	0.801972247284422	0.0189833490635486	0.91701834432199	FALSE	FALSE
CCN1	chr1	85582625	85582739	+	1	alternative acceptor	0.98570107513905	0.108679066582056	2.66087912103306	0.00904176174817414	0.034798693157872	-0.0320241495264802	0.386009838227096	-0.0136727816824058	0.979332796962311	FALSE	FALSE
CCN1	chr1	85582625	85582742	+	1	alternative acceptor	0.0142989248609503	-0.108679066582057	-2.66087912103307	0.00904176174817381	0.034798693157872	0.0320241495264802	0.386009838227096	0.0136727816824057	0.979332796962311	FALSE	FALSE
SELENOF	chr1	86863606	86868052	-	1	alternative acceptor	0.928130315061536	-0.232663972148929	-3.74818284135667	0.000294232807065035	0.00226912874564214	-0.00768139845429018	0.965807695505628	-0.0612314449503614	0.482705558022424	FALSE	FALSE
SELENOF	chr1	86863606	86880661	-	1	alternative acceptor	0.0718696849384639	0.232663972148929	3.74818284135667	0.000294232807065035	0.00226912874564214	0.00768139845429016	0.965807695505628	0.0612314449503614	0.482705558022424	FALSE	FALSE
SNX7	chr1	98701904	98738236	+	1	alternative acceptor	0.83701575644716	-0.116243680076789	-1.10113970925851	0.273402473810638	0.463790879566186	0.0725869463038268	0.45016910570193	0.0601296313202638	0.829640025388377	FALSE	FALSE
SNX7	chr1	98701904	98760053	+	1	alternative acceptor	0.16298424355284	0.116243680076789	1.10113970925851	0.273402473810637	0.463790879566186	-0.0725869463038267	0.45016910570193	-0.0601296313202638	0.829640025388377	FALSE	FALSE
GSTM4	chr1	109671584	109674746	+	1	alternative acceptor	0.509111802607097	-0.0104691686987542	-1.86402523394292	0.0651660803018273	0.157863135500313	0.00460260966105115	0.343484295654107	0.00311872942217815	0.844122950101577	FALSE	FALSE
GSTM2	chr1	109671584	109693205	+	0	alternative acceptor	0.490888197392903	0.0104691686987542	1.86402523394291	0.0651660803018279	0.157863135500313	-0.00460260966105115	0.343484295654107	-0.00311872942217815	0.844122950101577	FALSE	FALSE
AHCYL1	chr1	110009146	110011213	+	1	alternative acceptor	0.753614203990147	0.0178956985040466	0.519900097073488	0.604248791469029	0.778428083252337	0.0274617238806882	0.343484295654107	0.0366075591493157	0.425255625789379	FALSE	FALSE
""	chr1	110009146	110193640	+	0	alternative acceptor	0.246385796009853	-0.0178956985040467	-0.519900097073489	0.604248791469029	0.778428083252337	-0.0274617238806882	0.343484295654107	-0.0366075591493157	0.425255625789379	FALSE	FALSE
ATP5PB	chr1	111449874	111454210	+	1	alternative acceptor	0.941796950316851	0.00164613529256893	0.0208644517867459	0.983394149174057	1	0.0323120741394097	0.718573146449501	0.0387256596244558	0.869621028064469	FALSE	FALSE
ATP5PB	chr1	111449874	111456085	+	1	alternative acceptor	0.0582030496831495	-0.00164613529256882	-0.0208644517867445	0.983394149174058	1	-0.0323120741394097	0.718573146449501	-0.0387256596244558	0.869621028064469	FALSE	FALSE
RHOC	chr1	112703807	112705099	-	1	alternative acceptor	0.903146537309454	-0.0256218007464411	-0.311816901456682	0.755809983487706	0.890705006365513	-0.0402245390580738	0.648089822822384	-0.053488539851899	0.790072509883377	FALSE	FALSE
RHOC	chr1	112703807	112707077	-	1	alternative acceptor	0.0968534626905457	0.0256218007464412	0.311816901456683	0.755809983487704	0.890705006365513	0.0402245390580738	0.648089822822384	0.053488539851899	0.790072509883377	FALSE	FALSE
CSDE1	chr1	114736856	114737470	-	1	alternative acceptor	0.111534009000001	0.0157669691645549	0.557822073948974	0.578176294196394	0.758340754555317	-0.0022953907731003	0.990739151150038	0.000806742271951819	1	FALSE	FALSE
CSDE1	chr1	114736856	114737962	-	1	alternative acceptor	0.888465990999999	-0.0157669691645549	-0.557822073948974	0.578176294196394	0.758340754555317	0.00229539077310032	0.990739151150038	-0.000806742271951799	1	FALSE	FALSE
""	chr1	143382869	143419624	-	1	alternative acceptor	0.280403333135773	-0.0287307580146314	-0.426365603962788	0.670731213815326	0.826206757763826	-0.000837201324875672	1	-0.00742905568928329	1	FALSE	FALSE
""	chr1	143382869	143420072	-	1	alternative acceptor	0.719596666864227	0.0287307580146314	0.426365603962787	0.670731213815326	0.826206757763826	0.000837201324875654	1	0.00742905568928326	1	FALSE	FALSE
""	chr1	143401781	143419624	-	1	alternative acceptor	0.465190029320094	0.0690703142796558	1.64734682399708	0.102534339225877	0.224401086040675	0.000559519453023781	1	0.0161348441015335	0.944113575193574	FALSE	FALSE
""	chr1	143401781	143420072	-	1	alternative acceptor	0.534809970679906	-0.0690703142796558	-1.64734682399708	0.102534339225877	0.224401086040675	-0.000559519453023775	1	-0.0161348441015335	0.944113575193574	FALSE	FALSE
""	chr1	144208476	144245237	-	1	alternative acceptor	0.340183417280142	0.0111939372248657	0.164237986015037	0.869865663269821	0.968629033962744	-0.000293477059413748	1	0.00215888359111409	1	FALSE	FALSE
""	chr1	144208476	144245685	-	1	alternative acceptor	0.659816582719858	-0.0111939372248658	-0.164237986015038	0.869865663269821	0.968629033962744	0.000293477059413744	1	-0.00215888359111409	1	FALSE	FALSE
""	chr1	144227380	144245237	-	1	alternative acceptor	0.552034171718318	0.0436657891421326	1.02768940492823	0.306503320658665	0.503826869772896	0.00275780604977544	1	0.0130541724809274	0.983234759464368	FALSE	FALSE
""	chr1	144227380	144245685	-	1	alternative acceptor	0.447965828281682	-0.0436657891421326	-1.02768940492823	0.306503320658665	0.503826869772896	-0.00275780604977545	1	-0.0130541724809274	0.983234759464368	FALSE	FALSE
""	chr1	144720691	144721060	+	1	alternative acceptor	0.285504909706538	-0.0390686226855143	-0.661871511734623	0.509531648639162	0.699829946248527	0.0189837450919968	0.798373901371683	0.0137844361172871	1	FALSE	FALSE
""	chr1	144720691	144738996	+	1	alternative acceptor	0.287455594651097	0.0593788968366541	1.41875905176407	0.158988158170195	0.31418868444906	0.013743850606439	0.793030961044261	0.0296149499915756	0.745349701160936	FALSE	FALSE
""	chr1	144720691	144757915	+	1	alternative acceptor	0.427039495642365	-0.00243723512542375	-0.0464195676683765	0.963065723002737	1	-0.0188386935939596	0.766247134753445	-0.0229089001052212	0.916595151474288	FALSE	FALSE
""	chr1	144721139	144738996	+	1	alternative acceptor	0.618445703099539	0.0847100899490667	1.18122453897047	0.240233807509824	0.41834878614486	0.0195587016665612	0.837889846895872	0.042191415625548	0.801020692772742	FALSE	FALSE
""	chr1	144721139	144757915	+	1	alternative acceptor	0.381554296900461	-0.0847100899490667	-1.18122453897047	0.240233807509824	0.41834878614486	-0.0195587016665612	0.837889846895872	-0.042191415625548	0.801020692772742	FALSE	FALSE
SRGAP2B	chr1	144914755	144955438	-	1	alternative acceptor	0.824331780950445	-0.178044403206309	-1.01091979842512	0.314423736141144	0.511898097949273	-0.0292560847107569	0.928595471495225	-0.0746083658481099	0.91701834432199	FALSE	FALSE
SRGAP2B	chr1	144914755	145092834	-	1	alternative acceptor	0.175668219049556	0.178044403206309	1.01091979842512	0.314423736141144	0.511898097949273	0.0292560847107569	0.928595471495225	0.0746083658481099	0.91701834432199	FALSE	FALSE
NBPF20	chr1	145393936	145394977	-	1	alternative acceptor	0.500146031076823	0.000170799848601456	0.0465643424217944	0.962950615167525	1	9.64890593013168e-05	1	0.000152796484242151	1	FALSE	FALSE
""	chr1	145393936	145580689	-	0	alternative acceptor	0.499853968923177	-0.000170799848601456	-0.0465643424217946	0.962950615167525	1	-9.64890593013213e-05	1	-0.000152796484242157	1	FALSE	FALSE
NBPF20	chr1	145399101	145400388	-	1	alternative acceptor	0.714444961809558	0.0573783323701929	1.43407362779463	0.154580242025106	0.309798116162278	-0.00316511442029031	0.993800733214574	0.00909459544173989	1	FALSE	FALSE
""	chr1	145399101	145586090	-	0	alternative acceptor	0.285555038190443	-0.0573783323701928	-1.43407362779463	0.154580242025106	0.309798116162278	0.00316511442029031	0.993800733214574	-0.00909459544173989	1	FALSE	FALSE
NBPF10	chr1	146067289	146068002	-	1	alternative acceptor	0.25	1.33155420679478e-17	3.6454131553499e-15	0.999999999999997	1	-4.76592037454814e-18	1	-2.67504964931411e-18	1	FALSE	FALSE
NBPF10	chr1	146067289	146072728	-	0	alternative acceptor	0.25	1.33155420679478e-17	3.6454131553499e-15	0.999999999999997	1	-4.76592037454814e-18	1	-2.67504964931411e-18	1	FALSE	FALSE
NBPF10	chr1	146067289	146077466	-	0	alternative acceptor	0.25	1.33155420679478e-17	3.6454131553499e-15	0.999999999999997	1	-4.76592037454814e-18	1	-2.67504964931411e-18	1	FALSE	FALSE
NBPF10	chr1	146067289	146082196	-	0	alternative acceptor	0.25	1.33155420679478e-17	3.6454131553499e-15	0.999999999999997	1	-4.76592037454814e-18	1	-2.67504964931411e-18	1	FALSE	FALSE
NBPF14	chr1	148533970	148534683	-	1	alternative acceptor	0.226215317664381	0.0220202666219881	1.88023596027986	0.0629013172602141	0.153423240707488	-0.00466465317697845	0.72977551125966	-0.000605117858148977	1	FALSE	FALSE
NBPF14	chr1	148533970	148539409	-	0	alternative acceptor	0.226215317664381	0.0220202666219881	1.88023596027986	0.0629013172602141	0.153423240707488	-0.00466465317697845	0.72977551125966	-0.000605117858148977	1	FALSE	FALSE
NBPF14	chr1	148533970	148542553	-	0	alternative acceptor	0.0951387293424779	-0.148190234581767	-1.91922263342635	0.0577236744379823	0.143089079273745	0.0521722511175969	0.467803958187632	0.0287402766487479	0.95020865976266	FALSE	FALSE
NBPF14	chr1	148533970	148544123	-	0	alternative acceptor	0.226215317664381	0.0220202666219881	1.88023596027986	0.0629013172602141	0.153423240707488	-0.00466465317697845	0.72977551125966	-0.000605117858148977	1	FALSE	FALSE
NBPF14	chr1	148533970	148548831	-	0	alternative acceptor	0.226215317664381	0.0220202666219881	1.88023596027986	0.0629013172602141	0.153423240707488	-0.00466465317697845	0.72977551125966	-0.000605117858148977	1	FALSE	FALSE
NBPF14	chr1	148541840	148542553	-	1	alternative acceptor	0.5	0	0	1	1	0	1	0	1	FALSE	FALSE
NBPF14	chr1	148541840	148556689	-	0	alternative acceptor	0.5	0	0	1	1	0	1	0	1	FALSE	FALSE
NBPF9	chr1	149073871	149075654	-	1	alternative acceptor		-0.336289081217408	-2.16044566504269	0.0331030858903158	0.0936008707715374	0.116853388906122	0.404856144971538	0.064154065249001	0.920556389031575	FALSE	FALSE
NBPF9	chr1	149073871	149081964	-	0	alternative acceptor		0.336289081217408	2.16044566504269	0.0331030858903158	0.0936008707715374	-0.116853388906122	0.404856144971538	-0.0641540652490009	0.920556389031575	FALSE	FALSE
ENSG00000286185	chr1	149488186	149488904	+	1	alternative acceptor	0.250122970978849	9.25974231306803e-05	0.0248946732385412	0.980187142908915	1	0.000366029075304991	0.983443966831359	0.000455245402086936	1	FALSE	FALSE
ENSG00000286185	chr1	149488186	149493659	+	0	alternative acceptor	0.249959009673717	-3.15809934882598e-05	-0.00862744530063542	0.993133068051493	1	-0.000124836755202301	1	-0.000155264602326861	1	FALSE	FALSE
ENSG00000286185	chr1	149488186	149498416	+	0	alternative acceptor	0.249959009673717	-3.15809934882598e-05	-0.00862744530063542	0.993133068051493	1	-0.000124836755202301	1	-0.000155264602326861	1	FALSE	FALSE
ENSG00000286185	chr1	149488186	149503177	+	0	alternative acceptor	0.249959009673717	-3.15809934882598e-05	-0.00862744530063542	0.993133068051493	1	-0.000124836755202301	1	-0.000155264602326861	1	FALSE	FALSE
S100A4	chr1	153544810	153544957	-	1	alternative acceptor	0.0275380722295424	0.00266491908440765	0.048296185391808	0.961573719012788	1	0.0397216925343022	0.418553547379619	0.0477496457725278	0.595237507023469	FALSE	FALSE
S100A4	chr1	153544810	153545469	-	1	alternative acceptor	0.688617211323195	0.134405799235128	5.25345506805714	8.09023681245819e-07	1.50354619667597e-05	-0.0605200711417923	0.000392011449314977	-0.0417372840211586	0.0997597076755252	FALSE	FALSE
S100A4	chr1	153544810	153545479	-	1	alternative acceptor	0.14789211668174	0.0215963043495111	0.908168859592068	0.36590900363793	0.565863456030206	0.00862335572094565	0.763428603625631	0.015073824030336	0.790958395735541	FALSE	FALSE
S100A4	chr1	153544810	153545752	-	1	alternative acceptor	0.135952599765523	-0.266756237504677	-5.74026863662439	9.59617991740298e-08	2.3649715868904e-06	0.10382560371603	0.00114057330825421	0.0634999366038923	0.198098935670926	FALSE	FALSE
S100A16	chr1	153608178	153608898	-	1	alternative acceptor		-0.162852190971714	-1.26319153078533	0.209400167927563	0.385999984347773	-0.0912188370508772	0.431663923311882	-0.14421208685968	0.380019352242775	FALSE	FALSE
S100A16	chr1	153608178	153612951	-	1	alternative acceptor		0.162852190971714	1.26319153078533	0.209400167927563	0.385999984347773	0.0912188370508772	0.431663923311882	0.14421208685968	0.380019352242775	FALSE	FALSE
C1orf43	chr1	154212625	154213892	-	1	alternative acceptor	0.901981692322946	-0.152861282358791	-2.13242981465482	0.0353483100770683	0.0968245006865339	0.031632633831092	0.694106923497671	0.00331190901733596	1	FALSE	FALSE
C1orf43	chr1	154212625	154214456	-	1	alternative acceptor	0.0980183076770536	0.152861282358791	2.13242981465482	0.0353483100770684	0.0968245006865339	-0.031632633831092	0.694106923497671	-0.00331190901733597	1	FALSE	FALSE
C1orf43	chr1	154214575	154219835	-	1	alternative acceptor	0.821889991819352	-0.2818238308273	-3.40476551948249	0.000944912798149567	0.00598444772161392	0.0594653848346406	0.452281040878004	0.00746599677655806	1	FALSE	FALSE
C1orf43	chr1	154214575	154220341	-	1	alternative acceptor	0.178110008180648	0.2818238308273	3.40476551948249	0.000944912798149561	0.00598444772161392	-0.0594653848346407	0.452281040878004	-0.00746599677655809	1	FALSE	FALSE
UBAP2L	chr1	154261698	154263102	+	1	alternative acceptor	0.459617103544029	0.284847241786084	4.58639547596495	1.27353981769554e-05	0.000154689604285091	-0.0580195959333695	0.301785183292697	-0.00507253669027825	1	FALSE	FALSE
UBAP2L	chr1	154261698	154266500	+	1	alternative acceptor	0.540382896455971	-0.284847241786084	-4.58639547596495	1.27353981769554e-05	0.000154689604285091	0.0580195959333695	0.301785183292697	0.00507253669027823	1	FALSE	FALSE
SHC1	chr1	154968032	154968203	-	1	alternative acceptor	0.957397439974514	-0.1076171189581	-2.00912419541561	0.0471401657065451	0.12247800119783	-0.0266574039614591	0.648561225852984	-0.055748938613554	0.459778966287498	FALSE	FALSE
SHC1	chr1	154968032	154968494	-	1	alternative acceptor	0.0426025600254865	0.1076171189581	2.00912419541561	0.0471401657065448	0.12247800119783	0.0266574039614591	0.648561225852984	0.055748938613554	0.459778966287498	FALSE	FALSE
FDPS	chr1	155308966	155310042	+	1	alternative acceptor	0.350727705851858	0.297720171831868	3.94244350898655	0.000147260010270043	0.00127114541860004	-0.0499223651400465	0.511894312387036	0.00742283904817461	1	FALSE	FALSE
FDPS	chr1	155308966	155310063	+	1	alternative acceptor	0.649272294148142	-0.297720171831868	-3.94244350898655	0.000147260010270042	0.00127114541860004	0.0499223651400465	0.511894312387036	-0.0074228390481746	1	FALSE	FALSE
YY1AP1	chr1	155661424	155668626	-	1	alternative acceptor	0.508394223367615	0.00683798486468711	1.05182166571431	0.295342782482917	0.491178876882347	-0.000869253594766687	0.95197078235111	0.000499727960555365	1	FALSE	FALSE
DAP3	chr1	155661424	155771066	-	0	alternative acceptor	0.491605776632385	-0.00683798486468711	-1.05182166571431	0.295342782482916	0.491178876882347	0.000869253594766678	0.95197078235111	-0.000499727960555376	1	FALSE	FALSE
YY1AP1	chr1	155670465	155672559	-	1	alternative acceptor	0.5	0	0	1	1	0	1	0	1	FALSE	FALSE
DAP3	chr1	155670465	155775001	-	0	alternative acceptor	0.5	0	0	1	1	0	1	0	1	FALSE	FALSE
YY1AP1	chr1	155676747	155679408	-	1	alternative acceptor	0.749862155526437	-0.0483348231385761	-0.472796153592012	0.637358962496936	0.80384949881791	-0.0229613829421339	0.872550107603863	-0.0380831829070907	0.95020865976266	FALSE	FALSE
DAP3	chr1	155676747	155783985	-	0	alternative acceptor	0.250137844473563	0.048334823138576	0.472796153592011	0.637358962496937	0.80384949881791	0.022961382942134	0.872550107603863	0.0380831829070908	0.95020865976266	FALSE	FALSE
ARHGEF2	chr1	155948016	155950268	-	1	alternative acceptor	0.275235102743411	0.283317511486963	3.00852095615188	0.00330008324820753	0.0158749407739092	-0.0576794671842772	0.548359975491591	-0.00501141257925549	1	FALSE	FALSE
ARHGEF2	chr1	155948016	155950298	-	1	alternative acceptor	0.724764897256589	-0.283317511486963	-3.00852095615188	0.00330008324820752	0.0158749407739092	0.0576794671842772	0.548359975491591	0.00501141257925555	1	FALSE	FALSE
GLMP	chr1	156294566	156294758	-	1	alternative acceptor	0.815030669415811	0.118567319176913	1.3060467341544	0.194445913686194	0.364559290213201	-0.042423472107574	0.676010069228796	-0.0238027772966329	1	FALSE	FALSE
GLMP	chr1	156294566	156295525	-	1	alternative acceptor	0.184969330584189	-0.118567319176913	-1.3060467341544	0.194445913686194	0.364559290213201	0.042423472107574	0.676010069228796	0.0238027772966329	1	FALSE	FALSE
IFI16	chr1	159032692	159045296	+	1	alternative acceptor	0.377694811556464	0.0144541596854435	0.572236763954875	0.568408469009412	0.751229067483846	0.0115771943920642	0.680546396015288	0.0169805341468213	0.77459555409508	FALSE	FALSE
IFI16	chr1	159032692	159049431	+	1	alternative acceptor	0.377694811556464	0.0144541596854435	0.572236763954875	0.568408469009412	0.751229067483846	0.0115771943920642	0.680546396015288	0.0169805341468213	0.77459555409508	FALSE	FALSE
IFI16	chr1	159032692	159051678	+	1	alternative acceptor	0.244610376887073	-0.0392405983992824	-0.61693023145643	0.538642071585543	0.726088658526529	-0.0249160834503846	0.72977551125966	-0.0383666032547989	0.801020692772742	FALSE	FALSE
IFI16	chr1	159045465	159049431	+	1	alternative acceptor	0.09255177212059	0.105118704151094	1.13093246041788	0.260709945216952	0.446013341892783	-0.014021995983192	0.940973041140956	0.00689971377571384	1	FALSE	FALSE
IFI16	chr1	159045465	159051678	+	1	alternative acceptor	0.90744822787941	-0.105118704151094	-1.13093246041788	0.260709945216952	0.446013341892783	0.014021995983192	0.940973041140956	-0.00689971377571383	1	FALSE	FALSE
SDHC	chr1	161340656	161356676	+	1	alternative acceptor	0.914902431737064	-0.117946577828594	-1.68002964497541	0.0959822183291638	0.213915809002285	0.057880810829914	0.334038183987725	0.0422908798198854	0.801020692772742	FALSE	FALSE
SDHC	chr1	161340656	161362328	+	1	alternative acceptor	0.085097568262936	0.117946577828594	1.68002964497541	0.0959822183291641	0.213915809002285	-0.0578808108299139	0.334038183987725	-0.0422908798198854	0.801020692772742	FALSE	FALSE
UAP1	chr1	162590512	162592731	+	1	alternative acceptor	0.636639365634247	-0.0744556520079246	-2.14484522039936	0.03431635767835	0.0948090434314122	0.00108395584717239	1	-0.0153901406939767	0.909584769224396	FALSE	FALSE
UAP1	chr1	162590512	162592734	+	1	alternative acceptor	0.181389777118816	-0.0320396739771325	-1.0848453826687	0.280522818312609	0.469979362108957	-0.00359764917605487	0.960291504975306	-0.0114470670350011	0.944113575193574	FALSE	FALSE
UAP1	chr1	162590512	162597791	+	1	alternative acceptor	0.181970857246937	0.157494524263464	2.61589976779943	0.0102363018304225	0.0379528977350649	0.00176405669601256	1	0.0373703391617799	0.790958395735541	FALSE	FALSE
TMCO1	chr1	165768270	165768681	-	1	alternative acceptor	0.940003474369551	-0.126107352310012	-1.62180769130423	0.107901748196369	0.23329551533112	0.0501845330529825	0.490888215599352	0.0313269144106085	0.925794517878951	FALSE	FALSE
TMCO1	chr1	165768270	165768758	-	1	alternative acceptor	0.0599965256304489	0.126107352310012	1.62180769130423	0.107901748196369	0.23329551533112	-0.0501845330529825	0.490888215599352	-0.0313269144106085	0.925794517878951	FALSE	FALSE
DCAF6	chr1	168004794	168015780	+	1	alternative acceptor	0.132927360759877	-0.0589662942354822	-0.662375742851807	0.509209841022973	0.699726331038033	0.0136068347856117	0.938841245504339	0.00294486264111534	1	FALSE	FALSE
DCAF6	chr1	168004794	168022987	+	1	alternative acceptor	0.252467658442167	0.0849562985271492	1.63512107537605	0.10507624405185	0.228932931467227	0.0011622223233865	1	0.0204085069898691	0.939812382304857	FALSE	FALSE
DCAF6	chr1	168004794	168038370	+	1	alternative acceptor	0.614604980797957	-0.024071521861025	-0.535219273640648	0.593651921022814	0.770908813821531	-0.0123111009013462	0.837889846895872	-0.0200058744298987	0.908552550007806	FALSE	FALSE
PRRX1	chr1	170726402	170730276	+	1	alternative acceptor	0.485544618911918	0.00308814558601398	0.061257117690071	0.951273148274732	1	0.0473744836735387	0.237941812788254	0.056928901576967	0.376498861396169	FALSE	FALSE
PRRX1	chr1	170726402	170736047	+	1	alternative acceptor	0.514455381088082	-0.00308814558601399	-0.0612571176900712	0.951273148274732	1	-0.0473744836735387	0.237941812788254	-0.056928901576967	0.376498861396169	FALSE	FALSE
PRRC2C	chr1	171588506	171591151	+	1	alternative acceptor	0.329256611729178	-0.128684807819688	-2.61485946191186	0.0102655428260459	0.0379528977350649	0.0781077369666617	0.0152057818566299	0.0638966257516457	0.246738490600285	FALSE	FALSE
PRRC2C	chr1	171588506	171591586	+	1	alternative acceptor	0.670743388270822	0.128684807819688	2.61485946191186	0.0102655428260459	0.0379528977350649	-0.0781077369666617	0.0152057818566299	-0.0638966257516457	0.246738490600285	FALSE	FALSE
""	chr1	173865283	173865470	-	1	alternative acceptor	0.394769669824526	-0.0172349960334564	-0.333949528133443	0.739096601442945	0.879509467620959	-0.0145175339141972	0.830916595321783	-0.0210938095056815	0.924237686612439	FALSE	FALSE
""	chr1	173865283	173865509	-	1	alternative acceptor	0.605230330175474	0.0172349960334564	0.333949528133443	0.739096601442945	0.879509467620959	0.0145175339141972	0.830916595321783	0.0210938095056815	0.924237686612439	FALSE	FALSE
GLUL	chr1	182388751	182391174	-	1	alternative acceptor	0.0713499353978876	0.368811883641643	4.0786960545386	8.94292902480392e-05	0.000822024367928598	-0.0490250798337375	0.637209752049209	0.0244113984232382	1	FALSE	FALSE
GLUL	chr1	182388751	182391678	-	1	alternative acceptor	0.928650064602112	-0.368811883641643	-4.0786960545386	8.94292902480387e-05	0.000822024367928598	0.0490250798337375	0.637209752049209	-0.0244113984232383	1	FALSE	FALSE
NEK7	chr1	198264236	198277960	+	1	alternative acceptor	0.958140131279444	-0.117732885484942	-1.59208243344539	0.114430649397903	0.244612594973142	0.0777777099598079	0.171518311767429	0.0659579142223807	0.568473491579471	FALSE	FALSE
NEK7	chr1	198264236	198319411	+	1	alternative acceptor	0.0418598687205557	0.117732885484942	1.5920824334454	0.114430649397903	0.244612594973142	-0.0777777099598079	0.171518311767429	-0.0659579142223807	0.568473491579471	FALSE	FALSE
NAV1	chr1	201786578	201788467	+	1	alternative acceptor	0.85777189572147	-0.144702429086689	-1.53545692268411	0.127737804791473	0.267839873055363	-0.0497989602047993	0.620314310192263	-0.0915262894425594	0.488994393703433	FALSE	FALSE
NAV1	chr1	201786578	201789739	+	1	alternative acceptor	0.14222810427853	0.144702429086689	1.53545692268412	0.127737804791472	0.267839873055363	0.0497989602047993	0.620314310192263	0.0915262894425593	0.488994393703433	FALSE	FALSE
TMEM183A	chr1	203008811	203014888	+	1	alternative acceptor		0.352359485446906	2.757466261475	0.0069034848009049	0.0286675846250032	-0.126580889363541	0.224122403729318	-0.0717126505541142	0.83414611106599	FALSE	FALSE
TMEM183A	chr1	203008811	203014891	+	1	alternative acceptor		-0.352359485446906	-2.757466261475	0.00690348480090488	0.0286675846250032	0.126580889363541	0.224122403729318	0.0717126505541142	0.83414611106599	FALSE	FALSE
CD55	chr1	207339418	207340390	+	1	alternative acceptor	0.242760073350909	-0.13156707446831	-1.50301999743314	0.135893798969353	0.279766834318869	0.111607201819859	0.0670503476026005	0.103017520791515	0.338675586248181	FALSE	FALSE
CD55	chr1	207339418	207359545	+	1	alternative acceptor	0.757239926649091	0.13156707446831	1.50301999743314	0.135893798969353	0.279766834318869	-0.111607201819859	0.0670503476026005	-0.103017520791515	0.338675586248181	FALSE	FALSE
CD46	chr1	207767196	207767778	+	1	alternative acceptor	0.605229538808657	0.0501903212477777	0.506860359753981	0.613336189529002	0.788045478121699	-0.0367876708949538	0.751645034600265	-0.032428000864856	0.982438621677276	FALSE	FALSE
CD46	chr1	207767196	207770320	+	1	alternative acceptor	0.394770461191343	-0.0501903212477777	-0.506860359753981	0.613336189529002	0.788045478121699	0.0367876708949538	0.751645034600265	0.032428000864856	0.982438621677276	FALSE	FALSE
CD46	chr1	207785683	207790252	+	1	alternative acceptor	0.682495403711247	-0.0126791073898715	-0.406096418163435	0.685514207707638	0.83504076662381	0.0135939902961161	0.694106923497671	0.0132972082477449	0.91701834432199	FALSE	FALSE
CD46	chr1	207785683	207793518	+	1	alternative acceptor	0.317504596288753	0.0126791073898715	0.406096418163436	0.685514207707638	0.83504076662381	-0.0135939902961161	0.694106923497671	-0.013297208247745	0.91701834432199	FALSE	FALSE
KCNK2	chr1	215086679	215124632	+	1	alternative acceptor	0.883365652882754	0.217707856623297	2.47047743336325	0.0151348621809948	0.0523638517574398	-0.0200161570931882	0.874574993213875	0.0250023550162417	1	FALSE	FALSE
KCNK2	chr1	215086679	215169198	+	1	alternative acceptor	0.116634347117246	-0.217707856623297	-2.47047743336325	0.0151348621809948	0.0523638517574398	0.0200161570931882	0.874574993213875	-0.0250023550162416	1	FALSE	FALSE
ENAH	chr1	225514901	225517195	-	1	alternative acceptor	0.681362036202246	0.0652172113041913	1.42251193170689	0.157899158332683	0.313168809964727	-0.00410681625922822	0.985099221234231	0.00973250602584247	1	FALSE	FALSE
ENAH	chr1	225514901	225519197	-	1	alternative acceptor	0.318637963797754	-0.0652172113041914	-1.42251193170689	0.157899158332683	0.313168809964727	0.00410681625922819	0.985099221234231	-0.0097325060258425	1	FALSE	FALSE
GUK1	chr1	228146068	228146841	+	1	alternative acceptor	0.944724562308951	-0.201213360577299	-3.81590115693568	0.000231748943609076	0.00189922447521559	0.019179833234501	0.786997649565782	-0.0223006321066811	0.91701834432199	FALSE	FALSE
GUK1	chr1	228146068	228146860	+	1	alternative acceptor	0.0552754376910492	0.201213360577299	3.81590115693568	0.000231748943609077	0.00189922447521559	-0.019179833234501	0.786997649565782	0.0223006321066811	0.91701834432199	FALSE	FALSE
GUK1	chr1	228147700	228148370	+	1	alternative acceptor		-0.0632740763898977	-1.00402413667243	0.317766362693917	0.515858424592846	0.00839831443451158	0.95197078235111	-0.00405061690856749	1	FALSE	FALSE
GUK1	chr1	228147700	228148664	+	1	alternative acceptor		0.0632740763898977	1.00402413667243	0.317766362693917	0.515858424592846	-0.00839831443451157	0.95197078235111	0.0040506169085675	1	FALSE	FALSE
AKR1C1	chr10	4972750	4975850	+	1	alternative acceptor	0.742536358895921	0.416887960350733	4.07905174402631	8.931168000185e-05	0.000822024367928598	-0.180849503367528	0.00810636053077048	-0.12130619539382	0.330176830903479	FALSE	FALSE
AKR1C3	chr10	4972750	5105594	+	0	alternative acceptor	0.257463641104079	-0.416887960350733	-4.07905174402631	8.93116800018497e-05	0.000822024367928598	0.180849503367528	0.00810636053077048	0.12130619539382	0.330176830903479	FALSE	FALSE
ATP5F1C	chr10	7802855	7806973	+	1	alternative acceptor	0.384867187183856	0.153513131841027	2.7121064404984	0.00783613476851758	0.0316707282848851	-0.0499564607742956	0.301785183292697	-0.0249177164839937	0.913202703092532	FALSE	FALSE
ATP5F1C	chr10	7802855	7807658	+	1	alternative acceptor	0.615132812816144	-0.153513131841027	-2.7121064404984	0.00783613476851757	0.0316707282848851	0.0499564607742956	0.301785183292697	0.0249177164839937	0.913202703092532	FALSE	FALSE
OPTN	chr10	13100303	13108137	+	1	alternative acceptor	0.164563382002647	0.00603125433898176	0.0475629697116309	0.962156645816789	1	-0.014955260118646	0.964719659168634	-0.0164021549291035	1	FALSE	FALSE
OPTN	chr10	13100303	13109111	+	1	alternative acceptor	0.835436617997353	-0.00603125433898174	-0.0475629697116307	0.962156645816789	1	0.014955260118646	0.964719659168634	0.0164021549291035	1	FALSE	FALSE
OPTN	chr10	13116341	13118887	+	1	alternative acceptor	0.740532486546187	0.0436767078891982	1.28965130838123	0.200060048154688	0.371486935018776	0.00939778749031035	0.837889846895872	0.0209387938260372	0.790958395735541	FALSE	FALSE
OPTN	chr10	13116341	13118905	+	1	alternative acceptor	0.259467513453813	-0.0436767078891982	-1.28965130838123	0.200060048154688	0.371486935018776	-0.00939778749031036	0.837889846895872	-0.0209387938260373	0.790958395735541	FALSE	FALSE
RSU1	chr10	16782085	16816972	-	1	alternative acceptor	0.877388583942921	-0.102519981762299	-1.70344412588363	0.0915004948965705	0.205815597316956	0.0237090236433479	0.731211994371504	0.00518161584522324	1	FALSE	FALSE
RSU1	chr10	16782085	16817314	-	1	alternative acceptor	0.122611416057079	0.102519981762299	1.70344412588363	0.0915004948965708	0.205815597316956	-0.0237090236433479	0.731211994371504	-0.00518161584522325	1	FALSE	FALSE
YME1L1	chr10	27136386	27142386	-	1	alternative acceptor	0.908536292740722	-0.0966018638819297	-1.29018441499943	0.199875632067121	0.371486935018776	0.0110487392888928	0.941406122136108	-0.00852156466778159	1	FALSE	FALSE
YME1L1	chr10	27136386	27145427	-	1	alternative acceptor	0.0914637072592783	0.0966018638819298	1.29018441499943	0.199875632067121	0.371486935018776	-0.0110487392888928	0.941406122136108	0.00852156466778161	1	FALSE	FALSE
WAC	chr10	28614686	28616172	+	1	alternative acceptor	0.744341271399138	0.113322165092423	2.58727172161434	0.0110690254084873	0.0400486759726227	-0.0434138829665183	0.224122403729318	-0.026153303231452	0.801020692772742	FALSE	FALSE
WAC	chr10	28614686	28616175	+	1	alternative acceptor	0.255658728600862	-0.113322165092423	-2.58727172161434	0.0110690254084873	0.0400486759726227	0.0434138829665183	0.224122403729318	0.026153303231452	0.801020692772742	FALSE	FALSE
ITGB1	chr10	32901636	32906464	-	1	alternative acceptor		-0.494149065586606	-2.87431461888615	0.00493748305710689	0.0218082855548318	0.170881745805166	0.223153971207964	0.0930943398340098	0.846802145998523	FALSE	FALSE
ITGB1	chr10	32901636	32908367	-	1	alternative acceptor		0.494149065586606	2.87431461888615	0.00493748305710689	0.0218082855548318	-0.170881745805166	0.223153971207964	-0.0930943398340098	0.846802145998523	FALSE	FALSE
ITGB1	chr10	32932601	32933350	-	1	alternative acceptor	0.0133531934373112	-0.0975000448835988	-1.70101475682895	0.0919574151467727	0.206570124778186	0.0264528227315689	0.680546396015288	0.00956310525896801	1	FALSE	FALSE
ITGB1	chr10	32932601	32935491	-	1	alternative acceptor	0.986646806562689	0.0975000448835992	1.70101475682896	0.0919574151467716	0.206570124778186	-0.026452822731569	0.680546396015288	-0.00956310525896798	1	FALSE	FALSE
ITGB1	chr10	32935559	32953592	-	1	alternative acceptor		-0.311932618479033	-2.23060362110805	0.027919522522306	0.0825411450626581	0.0898726000209222	0.500159705708498	0.0368310307229936	1	FALSE	FALSE
ITGB1	chr10	32935559	32958144	-	1	alternative acceptor		0.311932618479033	2.23060362110805	0.0279195225223061	0.0825411450626581	-0.0898726000209221	0.500159705708498	-0.0368310307229935	1	FALSE	FALSE
NRP1	chr10	33197710	33202890	-	1	alternative acceptor	0.816608133870316	-0.0555400862838418	-1.51607364927444	0.132563799738615	0.275243884561068	0.024156362838299	0.475628551183765	0.0162353910745851	0.909584769224396	FALSE	FALSE
NRP1	chr10	33197710	33202911	-	1	alternative acceptor	0.183391866129684	0.0555400862838418	1.51607364927444	0.132563799738615	0.275243884561068	-0.024156362838299	0.475628551183765	-0.0162353910745851	0.909584769224396	FALSE	FALSE
HNRNPH3	chr10	68337334	68337857	+	1	alternative acceptor	0.888127058156423	0.196486484891946	3.43491063484467	0.000855497129147388	0.00553145577230091	-0.0628236782265338	0.171005072611653	-0.0305667599160536	0.853966070835217	FALSE	TRUE
HNRNPH3	chr10	68337334	68338502	+	1	alternative acceptor	0.111872941843577	-0.196486484891946	-3.43491063484467	0.000855497129147391	0.00553145577230091	0.0628236782265337	0.171005072611653	0.0305667599160536	0.853966070835217	FALSE	TRUE
P4HA1	chr10	73030371	73043886	-	1	alternative acceptor	0.651238878822	0.100146416013113	3.34025676941002	0.00116658238078154	0.00704715217946362	-0.0227182792324392	0.418553547379619	-0.00453716592012239	1	FALSE	FALSE
P4HA1	chr10	73030371	73044980	-	1	alternative acceptor	0.348761121178	-0.100146416013113	-3.34025676941002	0.00116658238078154	0.00704715217946362	0.0227182792324392	0.418553547379619	0.00453716592012241	1	FALSE	FALSE
PPP3CB	chr10	73438421	73439871	-	1	alternative acceptor	0.339229731171664	0.122687378994846	2.18245472540938	0.0313481361844123	0.090099638455473	-0.0094777049776158	0.928595471495225	0.0162292450313251	1	FALSE	FALSE
PPP3CB	chr10	73438421	73444724	-	1	alternative acceptor	0.660770268828336	-0.122687378994846	-2.18245472540939	0.0313481361844123	0.090099638455473	0.00947770497761578	0.928595471495225	-0.0162292450313251	1	FALSE	FALSE
RPS24	chr10	78037305	78040203	+	1	alternative acceptor	0.729706079702716	-0.467199944751342	-9.89732038313601	1.25184341913394e-16	1.52054266731233e-14	0.123070271187942	0.00198640514764407	0.0414486578865475	0.582206591073488	FALSE	FALSE
RPS24	chr10	78037305	78040614	+	1	alternative acceptor	0.270293920297284	0.467199944751343	9.89732038313602	1.25184341913393e-16	1.52054266731233e-14	-0.123070271187942	0.00198640514764407	-0.0414486578865475	0.582206591073488	FALSE	FALSE
""	chr10	79804528	79806038	-	1	alternative acceptor	0.657099292416133	-0.0521443383405645	-0.760998313892266	0.448396791989219	0.63941194530622	0.0304181016680445	0.689289910634612	0.024429156804936	0.96580989741943	FALSE	FALSE
""	chr10	79804528	79814612	-	1	alternative acceptor	0.342900707583868	0.0521443383405645	0.760998313892266	0.448396791989218	0.63941194530622	-0.0304181016680445	0.689289910634612	-0.0244291568049361	0.96580989741943	FALSE	FALSE
ANXA11	chr10	80172870	80176106	-	1	alternative acceptor	0.829253913700781	-0.487094921723278	-4.76711979245177	6.16113978506603e-06	8.34822167689624e-05	0.0532502108088007	0.666911475564118	-0.0458893561100053	0.907169199855509	FALSE	FALSE
ANXA11	chr10	80172870	80205342	-	1	alternative acceptor	0.17074608629922	0.487094921723279	4.76711979245177	6.16113978506601e-06	8.34822167689624e-05	-0.0532502108088007	0.666911475564118	0.0458893561100053	0.907169199855509	FALSE	FALSE
MMRN2	chr10	86968606	86970199	+	1	alternative acceptor	0.867092072941414	-0.0902973113658822	-1.27448755859057	0.205358512904206	0.379166287940936	0.0367356177031595	0.626913037754793	0.0233828823358468	0.980954039261069	FALSE	FALSE
ADIRF	chr10	86968606	86970475	+	1	alternative acceptor	0.132907927058586	0.0902973113658822	1.27448755859057	0.205358512904206	0.379166287940936	-0.0367356177031595	0.626913037754793	-0.0233828823358468	0.980954039261069	FALSE	FALSE
""	chr10	87326673	87328192	-	1	alternative acceptor	0.564735518030517	-0.0486604415847293	-0.671201568074903	0.503594608107467	0.693477179907339	0.0352745852503986	0.651982018806467	0.0309745189132567	0.91701834432199	FALSE	FALSE
""	chr10	87326673	87336785	-	1	alternative acceptor	0.435264481969483	0.0486604415847293	0.671201568074903	0.503594608107467	0.693477179907339	-0.0352745852503986	0.651982018806467	-0.0309745189132567	0.91701834432199	FALSE	FALSE
ALDH18A1	chr10	95633050	95633490	-	1	alternative acceptor	0.871531129282974	-0.00528667875801909	-0.0552880803906195	0.956016060641774	1	0.0517705786497085	0.596113275894501	0.0602715817613183	0.790958395735541	FALSE	FALSE
ALDH18A1	chr10	95633050	95633496	-	1	alternative acceptor	0.128468870717026	0.00528667875801902	0.0552880803906188	0.956016060641774	1	-0.0517705786497084	0.596113275894501	-0.0602715817613183	0.790958395735541	FALSE	FALSE
ATP5MK	chr10	103392467	103395745	-	1	alternative acceptor	0.320402194079519	0.243380383158752	3.73228393336744	0.000311068370365846	0.00237207068971804	-0.134690302130246	0.00114057330825421	-0.10537455954107	0.106171673413108	FALSE	FALSE
ATP5MK	chr10	103392467	103396408	-	1	alternative acceptor	0.679597805920481	-0.243380383158752	-3.73228393336744	0.000311068370365847	0.00237207068971804	0.134690302130246	0.00114057330825421	0.10537455954107	0.106171673413108	FALSE	FALSE
BUB3	chr10	123162829	123163819	+	1	alternative acceptor	0.593809004342596	0.0561847508781087	0.776351708170802	0.439320482750373	0.629637152058162	-0.0620110577049848	0.301691274639052	-0.06102747097788	0.618142836076918	FALSE	FALSE
BUB3	chr10	123162829	123165046	+	1	alternative acceptor	0.406190995657404	-0.0561847508781087	-0.776351708170802	0.439320482750372	0.629637152058162	0.0620110577049848	0.301691274639052	0.06102747097788	0.618142836076918	FALSE	FALSE
OAT	chr10	124408966	124411972	-	1	alternative acceptor	0.952988129954702	-0.249256891219534	-3.9287002069634	0.000154764914226367	0.00131918664983427	0.0721741921386087	0.158493346628285	0.0298468180558139	0.885309445713496	FALSE	FALSE
""	chr10	124408966	124443819	-	0	alternative acceptor	0.0470118700452983	0.249256891219534	3.9287002069634	0.000154764914226367	0.00131918664983427	-0.0721741921386088	0.158493346628285	-0.029846818055814	0.885309445713496	FALSE	FALSE
BCCIP	chr10	125833947	125836103	+	1	alternative acceptor	0.631939523245042	0.0748463508095998	0.999531666410642	0.319879621732532	0.518546517403404	-0.0302461576659605	0.724121588893087	-0.0191401564628094	1	FALSE	FALSE
BCCIP	chr10	125833947	125841254	+	1	alternative acceptor	0.368060476754958	-0.0748463508095998	-0.999531666410643	0.319879621732532	0.518546517403404	0.0302461576659605	0.724121588893087	0.0191401564628094	1	FALSE	FALSE
IFITM2	chr11	308439	309012	+	1	alternative acceptor		0.00167742524701098	0.36966773424512	0.712396455146947	0.857529843978305	0.000299234606226986	1	0.000730682974764213	1	FALSE	FALSE
ENSG00000288681	chr11	308439	314921	+	1	alternative acceptor		-0.00167742524701097	-0.369667734245119	0.712396455146948	0.857529843978305	-0.000299234606227003	1	-0.000730682974764231	1	FALSE	FALSE
RNH1	chr11	502182	504823	-	1	alternative acceptor	0.360500552415634	0.0103113414350285	0.118473830574308	0.905922973231966	0.985939725420874	0.0348199481130012	0.724659214924882	0.0436435698177672	0.865330761437268	FALSE	FALSE
RNH1	chr11	502182	506608	-	1	alternative acceptor	0.104307306427734	-0.0533845275806523	-0.43247922290373	0.666297287885489	0.822831182316103	-0.0488384254823481	0.726933980894644	-0.0699323035632827	0.833832763744196	FALSE	FALSE
RNH1	chr11	502182	507112	-	1	alternative acceptor	0.535192141156631	0.0635101918702915	0.899616980232325	0.370422545060698	0.571858060443892	-0.0163428056103816	0.866069950828425	-0.00517491260942763	1	FALSE	FALSE
RNH1	chr11	502250	504823	-	1	alternative acceptor		-0.0961009341834878	-1.09336386659117	0.276834970157505	0.46725346575964	0.0709072471424794	0.340244473451681	0.062737382809283	0.729704973607922	FALSE	FALSE
RNH1	chr11	502250	507112	-	1	alternative acceptor		0.0961009341834879	1.09336386659117	0.276834970157505	0.46725346575964	-0.0709072471424794	0.340244473451681	-0.062737382809283	0.729704973607922	FALSE	FALSE
RPLP2	chr11	812634	812759	+	1	alternative acceptor	0.98751332731277	-0.000651303083396383	-0.0212822445344081	0.983061681446762	1	-0.00216010477844919	1	-0.00271009432797088	1	FALSE	FALSE
RPLP2	chr11	812634	812762	+	1	alternative acceptor	0.0124866726872301	0.00065130308339643	0.0212822445344096	0.983061681446761	1	0.0021601047784491	1	0.0027100943279708	1	FALSE	FALSE
TSPAN4	chr11	850368	862549	+	1	alternative acceptor	0.901449759830435	0.248147163237326	2.69597962785273	0.00819891559042824	0.0325373534691326	-0.0681493742708336	0.421773183872124	-0.0253176068158249	1	FALSE	FALSE
TSPAN4	chr11	850368	864436	+	1	alternative acceptor	0.0985502401695655	-0.248147163237325	-2.69597962785273	0.00819891559042829	0.0325373534691326	0.0681493742708337	0.421773183872124	0.025317606815825	1	FALSE	FALSE
AP2A2	chr11	984754	985431	+	1	alternative acceptor	0.254408504052746	-0.0257143198268153	-0.394891366206709	0.693739620959482	0.842044415018986	0.00404843270899509	1	-0.000953792999877979	1	FALSE	FALSE
AP2A2	chr11	984754	985434	+	1	alternative acceptor	0.745591495947255	0.0257143198268152	0.394891366206709	0.693739620959482	0.842044415018986	-0.00404843270899508	1	0.000953792999877969	1	FALSE	FALSE
NAP1L4	chr11	2945647	2949226	-	1	alternative acceptor	0.193902024325819	-0.0622640755219496	-1.08762353701631	0.279299858397118	0.46908583625116	0.00332687174132567	1	-0.00999690557956672	1	FALSE	FALSE
NAP1L4	chr11	2945647	2951258	-	1	alternative acceptor	0.806097975674181	0.0622640755219495	1.08762353701631	0.279299858397118	0.46908583625116	-0.00332687174132568	1	0.0099969055795667	1	FALSE	FALSE
ILK	chr11	6604361	6608045	+	1	alternative acceptor	0.899078287637525	-0.101401420679442	-1.07157252848761	0.286416498157545	0.478674452203347	0.083329609924112	0.28852974020726	0.0762064405261962	0.661864351585469	FALSE	FALSE
ILK	chr11	6604361	6608393	+	1	alternative acceptor	0.100921712362475	0.101401420679442	1.07157252848761	0.286416498157545	0.478674452203347	-0.083329609924112	0.28852974020726	-0.0762064405261961	0.661864351585469	FALSE	FALSE
CTR9	chr11	10801088	10801660	-	1	alternative acceptor	0.888680227994975	-0.0748820871757077	-2.87539064229779	0.00490393528242056	0.0217165154889484	0.00767943263565869	0.828904795915588	-0.00765631015585846	0.992278526193239	FALSE	FALSE
CTR9	chr11	10801088	10802048	-	1	alternative acceptor	0.111319772005026	0.0748820871757077	2.87539064229779	0.00490393528242057	0.0217165154889484	-0.0076794326356587	0.828904795915588	0.00765631015585845	0.992278526193239	FALSE	FALSE
MICAL2	chr11	12239586	12249183	+	1	alternative acceptor	0.280898505700734	0.0738655014544272	1.19406602700988	0.235194847862122	0.413170288005722	-0.0603583591287308	0.219027299508437	-0.0551053822265522	0.568473491579471	FALSE	FALSE
MICAL2	chr11	12239586	12256784	+	1	alternative acceptor	0.719101494299266	-0.0738655014544272	-1.19406602700988	0.235194847862122	0.413170288005722	0.0603583591287308	0.219027299508437	0.0551053822265522	0.568473491579471	FALSE	FALSE
NUCB2	chr11	17282944	17286633	+	1	alternative acceptor	0.097575977110211	0.202411939109517	2.46544419804026	0.0153368299360334	0.0528031809681648	-0.0923860896305864	0.142276868572719	-0.0643324399501902	0.685750082706529	FALSE	FALSE
NUCB2	chr11	17282944	17295323	+	1	alternative acceptor	0.902424022889789	-0.202411939109517	-2.46544419804026	0.0153368299360333	0.0528031809681648	0.0923860896305864	0.142276868572719	0.0643324399501902	0.685750082706529	FALSE	FALSE
CD59	chr11	33722464	33731423	-	1	alternative acceptor	0.956354336399527	0.043035688888979	0.501685018660749	0.616959775921581	0.790610473967331	-0.0613180112375835	0.422134914284486	-0.063149951349428	0.719163563139003	FALSE	FALSE
CD59	chr11	33722464	33736381	-	1	alternative acceptor	0.0436456636004731	-0.043035688888979	-0.50168501866075	0.616959775921581	0.790610473967331	0.0613180112375834	0.422134914284486	0.0631499513494278	0.719163563139003	FALSE	FALSE
CD44	chr11	35190066	35204511	+	1	alternative acceptor	0.0128177522983468	0.167722560985389	2.87167442931768	0.0049575721391776	0.0218686158824164	-0.0265317549611335	0.694106923497671	0.0060719217788349	1	FALSE	FALSE
CD44	chr11	35190066	35211245	+	1	alternative acceptor	0.0188024284322954	0.138989431384274	2.26322182816104	0.0257195779531572	0.0782399683530302	-0.0250781537889108	0.724659214924882	0.00136169608031633	1	FALSE	FALSE
CD44	chr11	35190066	35214851	+	1	alternative acceptor	0.968379819269358	-0.206401051314715	-3.35911905504171	0.00109717625207497	0.00669927546374681	0.0292037066219272	0.68303713083084	-0.0115634729320361	1	FALSE	FALSE
PAMR1	chr11	35441694	35451887	-	1	alternative acceptor	0.319474709891507	0.0488749405982224	1.25071437922565	0.213872406679364	0.391541937332038	0.0215377887375443	0.587976678373447	0.0365142432950458	0.527999013694237	FALSE	FALSE
PAMR1	chr11	35441694	35468000	-	1	alternative acceptor	0.680525290108493	-0.0488749405982224	-1.25071437922565	0.213872406679365	0.391541937332038	-0.0215377887375444	0.587976678373447	-0.0365142432950458	0.527999013694237	FALSE	FALSE
API5	chr11	43335995	43342427	+	1	alternative acceptor	0.598332480348442	-0.0281322383153919	-0.504990704898157	0.614644154795463	0.788831988852593	0.0314811734130307	0.568283483417414	0.0310694340207461	0.842528559606514	FALSE	FALSE
API5	chr11	43335995	43342432	+	1	alternative acceptor	0.401667519651558	0.0281322383153918	0.504990704898157	0.614644154795464	0.788831988852593	-0.0314811734130307	0.568283483417414	-0.0310694340207461	0.842528559606514	FALSE	FALSE
ENSG00000288534	chr11	57815501	57816296	+	1	alternative acceptor	0.93682073987003	0.0416379735146111	0.499837597518944	0.618255575213894	0.791007615358949	-0.0433789431290495	0.622164109157198	-0.0421679447074775	0.863932451492619	FALSE	FALSE
ENSG00000288534	chr11	57815501	57816299	+	1	alternative acceptor	0.0631792601299701	-0.0416379735146112	-0.499837597518945	0.618255575213894	0.791007615358949	0.0433789431290495	0.622164109157198	0.0421679447074776	0.863932451492619	FALSE	FALSE
AHNAK	chr11	62520086	62527696	+	0	alternative acceptor		0.00784861539508164	0.406771129763071	0.685131227324589	0.83504076662381	-0.00850479597493539	0.680546396015288	-0.00832662015396598	0.902506498809721	FALSE	FALSE
AHNAK	chr11	62520086	62528281	+	0	alternative acceptor		-0.00784861539508167	-0.406771129763072	0.685131227324589	0.83504076662381	0.00850479597493538	0.680546396015288	0.00832662015396597	0.902506498809721	FALSE	FALSE
AHNAK	chr11	62521478	62527696	+	0	alternative acceptor		-0.0130014344078694	-0.966653507270497	0.336279295670603	0.532442218145123	-0.00437601930353266	0.788473083121456	-0.00765465189333325	0.801020692772742	FALSE	FALSE
AHNAK	chr11	62521478	62528281	+	0	alternative acceptor		0.0130014344078694	0.966653507270495	0.336279295670604	0.532442218145123	0.00437601930353266	0.788473083121456	0.00765465189333325	0.801020692772742	FALSE	FALSE
AHNAK	chr11	62522537	62522920	+	0	alternative acceptor	0.564846528555506	-0.320329797188952	-3.19292997000966	0.00186836332254648	0.0101995243338372	0.0950322622450456	0.268661481983372	0.0410619300780619	0.92402910572514	FALSE	FALSE
AHNAK	chr11	62522537	62525266	+	0	alternative acceptor	0.435153471444494	0.320329797188952	3.19292997000967	0.00186836332254647	0.0101995243338372	-0.0950322622450456	0.268661481983372	-0.0410619300780618	0.92402910572514	FALSE	FALSE
AHNAK	chr11	62523014	62527696	+	0	alternative acceptor		-0.0548102289200214	-0.622076727607841	0.535413563947354	0.723457104086194	0.104855198417449	0.077596997811502	0.111399260942102	0.232650869864478	FALSE	FALSE
AHNAK	chr11	62523014	62528281	+	0	alternative acceptor		0.0548102289200215	0.622076727607841	0.535413563947354	0.723457104086194	-0.104855198417449	0.077596997811502	-0.111399260942102	0.232650869864478	FALSE	FALSE
AHNAK	chr11	62525744	62527696	+	0	alternative acceptor		0.011145878999307	0.330858455208022	0.741512019440902	0.879931046098572	-0.0278667072403633	0.298902429544598	-0.0301648589871288	0.517869765463628	FALSE	FALSE
AHNAK	chr11	62525744	62530663	+	0	alternative acceptor		-0.011145878999307	-0.330858455208022	0.741512019440902	0.879931046098572	0.0278667072403633	0.298902429544598	0.0301648589871288	0.517869765463628	FALSE	FALSE
AHNAK	chr11	62526896	62527696	+	0	alternative acceptor	0.618483702186822	-0.283478529312928	-2.81750493185616	0.00580298405619936	0.0251348311566523	0.0573411176271863	0.585081647948702	0.00457369984252248	1	FALSE	FALSE
AHNAK	chr11	62526896	62530663	+	0	alternative acceptor	0.381516297813178	0.283478529312928	2.81750493185616	0.00580298405619935	0.0251348311566523	-0.0573411176271863	0.585081647948702	-0.00457369984252248	1	FALSE	FALSE
GANAB	chr11	62633515	62634309	-	1	alternative acceptor	0.203033031784592	0.0160427679738279	0.620004826357887	0.536623875152652	0.724516792137424	-0.0147812691810153	0.560596984934392	-0.0139531944362902	0.852325246216829	FALSE	FALSE
GANAB	chr11	62633515	62634820	-	1	alternative acceptor	0.796966968215408	-0.0160427679738279	-0.620004826357887	0.536623875152652	0.724516792137424	0.0147812691810153	0.560596984934392	0.0139531944362902	0.852325246216829	FALSE	FALSE
PRDX5	chr11	64318387	64319733	+	1	alternative acceptor	0.907751392611258	-0.05333872672037	-0.873042657579197	0.384670624971346	0.581725546066663	-0.0206093697514	0.788473083121456	-0.036411954598693	0.801020692772742	FALSE	FALSE
PRDX5	chr11	64318387	64320660	+	1	alternative acceptor	0.0570405937287055	-0.0524319315557947	-0.793275523358026	0.429440914736876	0.620445433738367	0.0858493345669888	0.0564659064258261	0.0901659361801902	0.199312815302904	FALSE	FALSE
PRDX5	chr11	64318387	64320864	+	1	alternative acceptor	0.0352080136600369	0.167180373705179	2.58336464683834	0.0111872889492931	0.0403477939730074	-0.0794602802983606	0.0926146279715858	-0.0568798061950006	0.582206591073488	FALSE	FALSE
PRDX5	chr11	64319869	64320660	+	1	alternative acceptor	0.972757068164019	-0.265800743761561	-4.76198464965984	6.29096931119193e-06	8.39042612837797e-05	0.0971598216035462	0.0120811206166485	0.0558011488630613	0.479014386353474	FALSE	FALSE
PRDX5	chr11	64319869	64320864	+	1	alternative acceptor	0.027242931835981	0.265800743761561	4.76198464965984	6.29096931119195e-06	8.39042612837797e-05	-0.0971598216035462	0.0120811206166485	-0.0558011488630613	0.479014386353474	FALSE	FALSE
SCYL1	chr11	65536751	65536985	+	1	alternative acceptor	0.59173828774713	-0.000899636537609543	-0.0175431149799154	0.986037274936604	1	-0.00257682611296643	1	-0.00326039778628224	1	FALSE	FALSE
SCYL1	chr11	65536751	65537036	+	1	alternative acceptor	0.40826171225287	0.000899636537609554	0.0175431149799156	0.986037274936604	1	0.00257682611296644	1	0.00326039778628224	1	FALSE	FALSE
FIBP	chr11	65885187	65885508	-	1	alternative acceptor	0.150482256240438	0.088859141369204	2.1078670849706	0.0374692998810958	0.101459465681216	-0.0301566148922347	0.435229924448723	-0.0158952201897191	0.947283790071782	FALSE	FALSE
FIBP	chr11	65885187	65885529	-	1	alternative acceptor	0.849517743759562	-0.0888591413692041	-2.10786708497061	0.0374692998810957	0.101459465681216	0.0301566148922347	0.435229924448723	0.0158952201897191	0.947283790071782	FALSE	FALSE
FOSL1	chr11	65893297	65894013	-	1	alternative acceptor		-0.0907552096645807	-0.926493275793217	0.356398296601484	0.557292232984667	0.0107001502255096	0.971905873218505	-0.00740427604818257	1	FALSE	FALSE
FOSL1	chr11	65893297	65896808	-	1	alternative acceptor		0.0907552096645805	0.926493275793216	0.356398296601485	0.557292232984667	-0.0107001502255095	0.971905873218505	0.00740427604818261	1	FALSE	FALSE
MRPL11	chr11	66438260	66438631	-	1	alternative acceptor		0.383257080500551	2.12098287873154	0.0363471674296633	0.0991312882343904	0.0428284230744175	0.865357879812485	0.136873608509718	0.687935454745823	FALSE	FALSE
MRPL11	chr11	66438260	66438709	-	1	alternative acceptor		-0.383257080500551	-2.12098287873154	0.0363471674296633	0.0991312882343904	-0.0428284230744175	0.865357879812485	-0.136873608509718	0.687935454745823	FALSE	FALSE
RBM14-RBM4	chr11	66640124	66643449	+	1	alternative acceptor	0.770638863645881	0.131703237913615	1.5184207034336	0.131971921600486	0.274349942153578	-0.0344187732725514	0.72977551125966	-0.0113583389275189	1	FALSE	FALSE
RBM14-RBM4	chr11	66640124	66646026	+	1	alternative acceptor	0.229361136354119	-0.131703237913616	-1.5184207034336	0.131971921600486	0.274349942153578	0.0344187732725514	0.72977551125966	0.0113583389275189	1	FALSE	FALSE
CTTN	chr11	70420511	70421469	+	1	alternative acceptor	0.791074150272312	-0.00412952786783931	-0.137997982637756	0.89051143253613	0.979188290350915	0.00317697979763638	0.974078329715062	0.00284637423812186	1	FALSE	FALSE
CTTN	chr11	70420511	70422939	+	1	alternative acceptor	0.208925849727688	0.0041295278678393	0.137997982637755	0.890511432536131	0.979188290350915	-0.00317697979763634	0.974078329715062	-0.00284637423812183	1	FALSE	FALSE
NUMA1	chr11	72010855	72012400	-	1	alternative acceptor	0.798268428476579	-0.365825453459211	-4.91743563165229	3.32768410019997e-06	5.14877679061755e-05	0.0572523291909268	0.444352154863195	-0.0139760990995667	1	FALSE	FALSE
NUMA1	chr11	72010855	72012894	-	1	alternative acceptor	0.201731571523421	0.365825453459211	4.91743563165229	3.32768410019999e-06	5.14877679061755e-05	-0.0572523291909268	0.444352154863195	0.0139760990995667	1	FALSE	FALSE
RAB6A	chr11	73716363	73718612	-	1	alternative acceptor	0.494881984426367	-0.289695482781532	-2.36784202806542	0.0197587900868658	0.0632169756212893	0.0868277366677667	0.444515837414915	0.038184117239426	0.983234759464368	FALSE	FALSE
RAB6A	chr11	73716363	73718784	-	1	alternative acceptor	0.505118015573633	0.289695482781532	2.36784202806542	0.0197587900868658	0.0632169756212893	-0.0868277366677667	0.444515837414915	-0.0381841172394261	0.983234759464368	FALSE	FALSE
CCDC90B	chr11	83274741	83278725	-	1	alternative acceptor	0.813450489308607	-0.013891981078585	-0.19683511313095	0.844344446442771	0.950236751274607	0.0144611127797543	0.887836451695193	0.0140548858505372	1	FALSE	FALSE
CCDC90B	chr11	83274741	83280140	-	1	alternative acceptor	0.186549510691393	0.013891981078585	0.19683511313095	0.84434444644277	0.950236751274607	-0.0144611127797543	0.887836451695193	-0.0140548858505372	1	FALSE	FALSE
CCDC90B	chr11	83280261	83285552	-	1	alternative acceptor	0.225675562815898	0.0558415621157976	0.969289525776289	0.33467135141553	0.530884918919877	-0.00441781647296305	0.994147604074607	0.00726332835286473	1	FALSE	FALSE
CCDC90B	chr11	83280261	83285872	-	1	alternative acceptor	0.774324437184102	-0.0558415621157976	-0.96928952577629	0.334671351415529	0.530884918919877	0.00441781647296305	0.994147604074607	-0.00726332835286476	1	FALSE	FALSE
PICALM	chr11	85976683	85978069	-	1	alternative acceptor	0.913115423700046	-0.361381433578517	-5.92401730012916	4.19420328059096e-08	1.12318782340865e-06	0.0781518837021665	0.135418212032375	0.0118286914487863	1	FALSE	FALSE
PICALM	chr11	85976683	85981128	-	1	alternative acceptor	0.0868845762999544	0.361381433578517	5.92401730012916	4.19420328059096e-08	1.12318782340865e-06	-0.0781518837021665	0.135418212032375	-0.0118286914487862	1	FALSE	FALSE
PICALM	chr11	85983974	85990249	-	1	alternative acceptor	0.154848193654117	0.124013408496745	2.99227484895843	0.00346580728786112	0.0164856092112107	-0.0200522772066924	0.676010069228796	0.0039734127473741	1	FALSE	FALSE
PICALM	chr11	85983974	85996825	-	1	alternative acceptor	0.845151806345884	-0.124013408496745	-2.99227484895844	0.0034658072878611	0.0164856092112107	0.0200522772066924	0.676010069228796	-0.0039734127473741	1	FALSE	FALSE
YAP1	chr11	102162572	102186017	+	1	alternative acceptor	0.728154266143136	-0.0346984573742795	-0.454659441537271	0.650311043441719	0.813127889244592	-0.0170623266379423	0.872881226588809	-0.0280262142409661	0.954354195671919	FALSE	FALSE
YAP1	chr11	102162572	102205892	+	1	alternative acceptor	0.271845733856864	0.0346984573742795	0.45465944153727	0.65031104344172	0.813127889244592	0.0170623266379423	0.872881226588809	0.0280262142409661	0.954354195671919	FALSE	FALSE
YAP1	chr11	102206075	102209516	+	1	alternative acceptor	0.502003116430594	-0.0808336526142275	-1.28932227731443	0.200173931849661	0.371486935018776	0.00792127755326433	0.957884598802127	-0.00870227729738992	1	FALSE	FALSE
YAP1	chr11	102206075	102223621	+	1	alternative acceptor	0.497996883569406	0.0808336526142276	1.28932227731443	0.200173931849661	0.371486935018776	-0.00792127755326433	0.957884598802127	0.00870227729738991	1	FALSE	FALSE
TIMM8B	chr11	112085463	112085977	-	1	alternative acceptor	0.230357438404639	-0.250489763598385	-2.27956672336878	0.0246950692081082	0.075190627015914	-0.00153935458358345	1	-0.0579330534722009	0.855196191594143	FALSE	FALSE
TIMM8B	chr11	112085463	112086639	-	1	alternative acceptor	0.769642561595361	0.250489763598385	2.27956672336878	0.0246950692081082	0.075190627015914	0.00153935458358345	1	0.057933053472201	0.855196191594143	FALSE	FALSE
RBM7	chr11	114402916	114405705	+	1	alternative acceptor	0.697072222316734	0.022863182800123	0.465502528130349	0.642554396062161	0.806052033544044	0.0157187926719399	0.798373901371683	0.0237804215605365	0.875851163913888	FALSE	FALSE
RBM7	chr11	114402916	114405708	+	1	alternative acceptor	0.302927777683266	-0.022863182800123	-0.465502528130349	0.642554396062162	0.806052033544044	-0.01571879267194	0.798373901371683	-0.0237804215605366	0.875851163913888	FALSE	FALSE
APLP2	chr11	130122514	130123611	+	1	alternative acceptor	0.136541443700239	0.00249255749124143	0.0844539467666031	0.932859448762949	1	0.0469011194231265	0.0113839746378065	0.0562335790491714	0.0410245036847029	FALSE	FALSE
APLP2	chr11	130122514	130126699	+	1	alternative acceptor	0.863458556299761	-0.00249255749124146	-0.0844539467666042	0.932859448762948	1	-0.0469011194231265	0.0113839746378065	-0.0562335790491715	0.0410245036847029	FALSE	FALSE
APLP2	chr11	130133729	130135562	+	1	alternative acceptor	0.974049223297877	-0.245349524097255	-5.03541922727568	2.03690517442866e-06	3.48116306443813e-05	0.0491241176840438	0.268661481983372	0.00335977039352936	1	FALSE	FALSE
APLP2	chr11	130133729	130140397	+	1	alternative acceptor	0.0259507767021225	0.245349524097255	5.03541922727568	2.03690517442866e-06	3.48116306443813e-05	-0.0491241176840438	0.268661481983372	-0.00335977039352946	1	FALSE	FALSE
APLP2	chr11	130135716	130137255	+	1	alternative acceptor	0.0829293292368563	0.159259061184471	4.70024295897068	8.0755441156242e-06	0.000103627289788963	-0.0451994052370718	0.0842536324072403	-0.0179837239273088	0.855196191594143	FALSE	FALSE
APLP2	chr11	130135716	130140397	+	1	alternative acceptor	0.917070670763144	-0.159259061184471	-4.70024295897068	8.07554411562427e-06	0.000103627289788963	0.0451994052370717	0.0842536324072403	0.0179837239273088	0.855196191594143	FALSE	FALSE
WNK1	chr12	862271	871264	+	1	alternative acceptor	0.634187030019221	-0.0842103083254881	-1.4896091005105	0.139382820355079	0.285139821710736	0.0477798992197986	0.310264901267305	0.0378566974524443	0.777973206711966	FALSE	FALSE
WNK1	chr12	862271	878211	+	1	alternative acceptor	0.365812969980779	0.0842103083254881	1.4896091005105	0.139382820355079	0.285139821710736	-0.0477798992197986	0.310264901267305	-0.0378566974524443	0.777973206711966	FALSE	FALSE
WNT5B	chr12	1632906	1639683	+	1	alternative acceptor	0.896525437262917	-0.25382101606234	-2.58870633559763	0.0110258845989324	0.0400203132561038	0.0407829369144295	0.724121588893087	-0.00843934092418611	1	FALSE	FALSE
WNT5B	chr12	1632906	1645793	+	1	alternative acceptor	0.103474562737084	0.25382101606234	2.58870633559763	0.0110258845989324	0.0400203132561038	-0.0407829369144295	0.724121588893087	0.00843934092418612	1	FALSE	FALSE
DYRK4	chr12	4612719	4613511	+	1	alternative acceptor	0.689248698195787	0.087740291830641	1.48912618231869	0.139509751051651	0.285139821710736	-0.0400988716198936	0.460094789766282	-0.0279480586544976	0.882454942920744	FALSE	FALSE
DYRK4	chr12	4612719	4613514	+	1	alternative acceptor	0.310751301804213	-0.087740291830641	-1.48912618231869	0.139509751051651	0.285139821710736	0.0400988716198936	0.460094789766282	0.0279480586544976	0.882454942920744	FALSE	FALSE
LTBR	chr12	6386445	6388397	+	1	alternative acceptor	0.881874134968185	0.294976341422477	2.81988742188517	0.00576318789067341	0.0250326973386721	-0.0534861965673254	0.645915822795799	0.00257771892255737	1	FALSE	FALSE
LTBR	chr12	6386445	6388799	+	1	alternative acceptor	0.118125865031815	-0.294976341422477	-2.81988742188517	0.00576318789067339	0.0250326973386721	0.0534861965673254	0.645915822795799	-0.00257771892255743	1	FALSE	FALSE
GAPDH	chr12	6537011	6537100	+	1	alternative acceptor	0.998422042272555	-9.36379676632552e-05	-0.0256076912341054	0.979619798670321	1	9.61858206574299e-07	1	-1.98316134613314e-05	1	FALSE	FALSE
ING4	chr12	6537011	6783290	+	0	alternative acceptor	0.00157795772744488	9.36379676632775e-05	0.0256076912341115	0.979619798670316	1	-9.61858206594189e-07	1	1.98316134613127e-05	1	FALSE	FALSE
COPS7A	chr12	6724819	6727925	+	1	alternative acceptor	0.861718558537604	0.247084853151689	2.53898016652724	0.0126129292332454	0.0449006585321185	-0.0617827178031564	0.511894312387036	-0.0179978296999091	1	FALSE	FALSE
COPS7A	chr12	6724819	6728222	+	1	alternative acceptor	0.138281441462397	-0.247084853151689	-2.53898016652724	0.0126129292332455	0.0449006585321185	0.0617827178031564	0.511894312387036	0.0179978296999091	1	FALSE	FALSE
C12orf57	chr12	6944174	6944379	+	1	alternative acceptor		-0.0546273200142741	-0.67693017041042	0.499982592516635	0.690826007530665	0.0451312041686169	0.576090040131699	0.0413480694543	0.86095732319391	FALSE	FALSE
C12orf57	chr12	6944174	6944475	+	1	alternative acceptor		0.0546273200142741	0.67693017041042	0.499982592516635	0.690826007530665	-0.0451312041686169	0.576090040131699	-0.0413480694543	0.86095732319391	FALSE	FALSE
C1S	chr12	7060878	7061751	+	1	alternative acceptor	0.755318868126057	-0.0526526885529538	-0.647085975848141	0.519015814378637	0.708904732811946	0.0775260978006898	0.229845728226718	0.0802361590846473	0.482705558022424	FALSE	FALSE
C1S	chr12	7060878	7061838	+	1	alternative acceptor	0.244681131873943	0.0526526885529539	0.647085975848142	0.519015814378637	0.708904732811946	-0.0775260978006898	0.229845728226718	-0.0802361590846473	0.482705558022424	FALSE	FALSE
SLC2A14	chr12	7821326	7827494	-	1	alternative acceptor	0.500173070266528	0.000165678019707326	0.0444157019538759	0.964659040198503	1	-0.000264207620788098	1	-0.000276525808329713	1	FALSE	FALSE
SLC2A14	chr12	7821326	7929683	-	0	alternative acceptor	0.499826929733472	-0.000165678019707326	-0.044415701953876	0.964659040198503	1	0.000264207620788099	1	0.000276525808329714	1	FALSE	FALSE
MFAP5	chr12	8648204	8648486	-	1	alternative acceptor	0.0376217731901164	0.0133579324024616	0.221422574547493	0.825201797202151	0.935404026896642	0.0252986636745782	0.70599077682325	0.0330234506499949	0.846802145998523	FALSE	FALSE
MFAP5	chr12	8648204	8649500	-	1	alternative acceptor	0.962378226809884	-0.0133579324024617	-0.221422574547496	0.825201797202149	0.935404026896642	-0.0252986636745782	0.70599077682325	-0.0330234506499949	0.846802145998523	FALSE	FALSE
MFAP5	chr12	8650590	8651661	-	1	alternative acceptor	0.777738285654168	-0.147654923429228	-3.53950468920543	0.000603183263067684	0.00412761826497624	0.0348321142332673	0.350207406634777	0.00827608325407581	1	FALSE	FALSE
MFAP5	chr12	8650590	8654436	-	1	alternative acceptor	0.222261714345832	0.147654923429228	3.53950468920543	0.000603183263067683	0.00412761826497624	-0.0348321142332673	0.350207406634777	-0.00827608325407581	1	FALSE	FALSE
MFAP5	chr12	8660899	8662046	-	1	alternative acceptor	0.955281587487034	-0.253592967445024	-2.46951692372064	0.0151732199141529	0.0523899704853139	0.054995307120303	0.622164109157198	0.00848292997359224	1	FALSE	FALSE
MFAP5	chr12	8660899	8662626	-	0	alternative acceptor	0.0447184125129658	0.253592967445024	2.46951692372064	0.015173219914153	0.0523899704853139	-0.054995307120303	0.622164109157198	-0.00848292997359223	1	FALSE	FALSE
YBX3	chr12	10704149	10709907	-	1	alternative acceptor	0.542253379166425	0.0837535504960457	2.24443342337791	0.0269431598785747	0.0809926023612025	-0.0276500255540471	0.418253520925653	-0.0140632742758126	0.947283790071782	FALSE	FALSE
YBX3	chr12	10704149	10713210	-	1	alternative acceptor	0.457746620833575	-0.0837535504960457	-2.24443342337791	0.0269431598785747	0.0809926023612025	0.0276500255540471	0.418253520925653	0.0140632742758126	0.947283790071782	FALSE	FALSE
STRAP	chr12	15882820	15883540	+	1	alternative acceptor	0.879986569264343	-0.213708998381097	-2.65272751413761	0.00924840602566397	0.0353017159296107	0.0280200578436334	0.788473083121456	-0.0146054201355322	1	FALSE	FALSE
STRAP	chr12	15882820	15889927	+	1	alternative acceptor	0.120013430735657	0.213708998381097	2.65272751413761	0.00924840602566393	0.0353017159296107	-0.0280200578436334	0.788473083121456	0.0146054201355322	1	FALSE	FALSE
PPHLN1	chr12	42335975	42351884	+	1	alternative acceptor	0.233896720810295	-0.124976031283344	-2.22412855687572	0.0283225431673124	0.0834705106690034	0.0887805628543813	0.0147127373635271	0.0773968091942164	0.189994392512747	FALSE	FALSE
PPHLN1	chr12	42335975	42355160	+	1	alternative acceptor	0.766103279189705	0.124976031283343	2.22412855687572	0.0283225431673125	0.0834705106690034	-0.0887805628543813	0.0147127373635271	-0.0773968091942164	0.189994392512747	FALSE	FALSE
SLC38A2	chr12	46367341	46370511	-	1	alternative acceptor	0.905910443861584	-0.0271040846168439	-0.519006920212676	0.604869286993464	0.778637564369708	-0.0289479714925302	0.582803910957695	-0.0404343828569443	0.685750082706529	FALSE	FALSE
SLC38A2	chr12	46367341	46370775	-	1	alternative acceptor	0.0940895561384163	0.0271040846168439	0.519006920212677	0.604869286993463	0.778637564369708	0.0289479714925301	0.582803910957695	0.0404343828569443	0.685750082706529	FALSE	FALSE
TUBA1B	chr12	49128939	49129241	-	1	alternative acceptor	0.844864928757682	-0.00141011849900812	-0.0625128554698266	0.950275574042845	1	-0.0143251774707829	0.493613798746261	-0.0173209467536947	0.685750082706529	FALSE	FALSE
""	chr12	49128939	49186309	-	1	alternative acceptor	0.155135071242318	0.00141011849900812	0.0625128554698267	0.950275574042845	1	0.0143251774707829	0.493613798746261	0.0173209467536947	0.685750082706529	FALSE	FALSE
TUBA1B	chr12	49129723	49131297	-	1	alternative acceptor	0.610299355614813	0.265992724928148	11.3634198104261	6.99481640192807e-20	2.97367132286975e-17	-0.0417003472607398	0.093433475409918	0.0100765723354525	0.91701834432199	FALSE	FALSE
""	chr12	49129723	49188976	-	0	alternative acceptor	0.389700644385187	-0.265992724928148	-11.3634198104261	6.99481640192827e-20	2.97367132286975e-17	0.0417003472607398	0.093433475409918	-0.0100765723354525	0.91701834432199	FALSE	FALSE
PFDN5	chr12	53295640	53295838	+	1	alternative acceptor		-0.0813318760795925	-0.915167683927091	0.362262070810695	0.564001100674984	0.0398677067001865	0.685774411613939	0.0291727669746164	0.980954039261069	FALSE	FALSE
PFDN5	chr12	53295640	53297849	+	1	alternative acceptor		0.0813318760795925	0.91516768392709	0.362262070810696	0.564001100674984	-0.0398677067001865	0.685774411613939	-0.0291727669746164	0.980954039261069	FALSE	FALSE
PCBP2	chr12	53462568	53464759	+	1	alternative acceptor	0.58495003400084	0.0396846293461516	1.33613933558478	0.184448207715277	0.351622418241421	-0.0363399810625518	0.0842081395429521	-0.0342496658733891	0.361965329003169	TRUE	FALSE
PCBP2	chr12	53462568	53465931	+	1	alternative acceptor	0.36188898093966	-0.0550595271904701	-1.96089030341773	0.0525920914599975	0.13278819825943	0.0396286846645679	0.0354988066905027	0.0347098811169265	0.283277700446563	TRUE	FALSE
PCBP2	chr12	53462568	53467220	+	1	alternative acceptor	0.0531609850595002	0.111723178769994	2.09883382597162	0.038276506648037	0.10323425781917	-0.0132153392871345	0.861321182717944	0.00933657535199887	1	TRUE	FALSE
PCBP2	chr12	53464853	53465931	+	1	alternative acceptor	0.939607051859936	-0.13797921515451	-2.64424892201922	0.00946786741301443	0.0358976778948295	0.0179870715083508	0.78944915403528	-0.00955309131735578	1	TRUE	FALSE
PCBP2	chr12	53464853	53467220	+	1	alternative acceptor	0.0603929481400641	0.13797921515451	2.64424892201923	0.00946786741301435	0.0358976778948295	-0.0179870715083508	0.78944915403528	0.00955309131735578	1	TRUE	FALSE
PCBP2	chr12	53467294	53467804	+	1	alternative acceptor	0.689506530046378	0.021217765637729	0.53256637270685	0.5954808477769	0.772399070667138	0.0274170090964628	0.446143512181037	0.0372985693684654	0.527999013694237	TRUE	FALSE
PCBP2	chr12	53467294	53468776	+	1	alternative acceptor	0.282633123371413	-0.0212646307418438	-0.562426015849672	0.575047830509776	0.756279068663476	-0.0280965400589717	0.403240795273467	-0.0381157226443805	0.474131077937937	TRUE	FALSE
PCBP2	chr12	53467294	53468779	+	0	alternative acceptor	0.0278603465822083	-0.0271917437150438	-0.435080063752669	0.664414587852008	0.820804218410708	0.010835975544951	0.922188544736098	0.00677263016994686	1	TRUE	FALSE
PCBP2	chr12	53467844	53468776	+	1	alternative acceptor	0.733876771983228	0.00859264264972689	0.42979630032118	0.668241642968642	0.8237367987446	-0.0129467429072064	0.4812369829157	-0.0134441781784756	0.77459555409508	TRUE	FALSE
PCBP2	chr12	53467844	53468779	+	1	alternative acceptor	0.266123228016772	-0.00859264264972693	-0.429796300321183	0.66824164296864	0.8237367987446	0.0129467429072064	0.4812369829157	0.0134441781784756	0.77459555409508	TRUE	FALSE
HNRNPA1	chr12	54282875	54283078	+	1	alternative acceptor		-0.302775036941685	-2.46319865193731	0.0154442927943417	0.0528031809681648	0.0767148048648643	0.526201584438183	0.0233967039882661	1	TRUE	TRUE
HNRNPA1	chr12	54282875	54283811	+	1	alternative acceptor		0.302775036941685	2.46319865193731	0.0154442927943417	0.0528031809681648	-0.0767148048648643	0.526201584438183	-0.0233967039882661	1	TRUE	TRUE
HNRNPA1	chr12	54284318	54284548	+	1	alternative acceptor	0.834135547538521	0.267682118823701	2.88583630916054	0.00475601046367948	0.0212272855472099	-0.0978443052413329	0.1872307540388	-0.0561922862487317	0.801020692772742	TRUE	TRUE
HNRNPA1	chr12	54284318	54286661	+	1	alternative acceptor	0.165864452461479	-0.267682118823701	-2.88583630916054	0.00475601046367949	0.0212272855472099	0.0978443052413329	0.1872307540388	0.0561922862487317	0.801020692772742	TRUE	TRUE
CD63	chr12	55728353	55728952	-	1	alternative acceptor		-0.0642774669864901	-0.46088180612022	0.645864591153659	0.808162426237526	0.0840085905183636	0.528288915809351	0.0854271622786439	0.792304263098106	FALSE	FALSE
CD63	chr12	55728353	55729281	-	1	alternative acceptor		0.06427746698649	0.46088180612022	0.645864591153659	0.808162426237526	-0.0840085905183636	0.528288915809351	-0.085427162278644	0.792304263098106	FALSE	FALSE
ESYT1	chr12	56133874	56134079	+	1	alternative acceptor	0.247572223510006	0.0131262354129011	0.218390396563164	0.827557063638707	0.935501972651795	-0.0212660596642671	0.772242103851949	-0.0223044032545935	0.951761297417903	FALSE	FALSE
ESYT1	chr12	56133874	56134109	+	1	alternative acceptor	0.752427776489994	-0.0131262354129011	-0.218390396563163	0.827557063638708	0.935501972651795	0.0212660596642671	0.772242103851949	0.0223044032545935	0.951761297417903	FALSE	FALSE
MYL6B	chr12	56155199	56155418	+	1	alternative acceptor	0.0462055324813217	0.194276096902325	4.65190791579951	9.80639603207069e-06	0.000122616003327472	-0.0634217208223721	0.0359156853889359	-0.0317717748323883	0.687935454745823	FALSE	FALSE
MYL6B	chr12	56155199	56159974	+	1	alternative acceptor	0.953794467518678	-0.194276096902325	-4.65190791579951	9.80639603207071e-06	0.000122616003327472	0.0634217208223721	0.0359156853889359	0.0317717748323883	0.687935454745823	FALSE	FALSE
MYL6B	chr12	56158712	56159586	+	1	alternative acceptor	0.993076616095341	-0.0736694345514145	-1.80811972143354	0.0735060349858239	0.173848417932397	-0.014795376568236	0.767663771811897	-0.0340640462604824	0.621637841725645	FALSE	FALSE
MYL6B	chr12	56158712	56159974	+	1	alternative acceptor	0.00692338390465934	0.0736694345514146	1.80811972143354	0.0735060349858233	0.173848417932397	0.0147953765682361	0.767663771811897	0.0340640462604825	0.621637841725645	FALSE	FALSE
MYL6	chr12	56160321	56160625	+	1	alternative acceptor	0.896499057261977	-0.0849826017834882	-1.87015569445081	0.0643017097145123	0.156207224813612	0.0130852265071282	0.828904795915588	-0.00350156580012477	1	FALSE	FALSE
MYL6	chr12	56160321	56161386	+	1	alternative acceptor	0.100846952032873	0.0937001110818154	2.00600812365583	0.0474772001966901	0.122884290615634	-0.0134875288368255	0.828904795915588	0.00497658487601169	1	FALSE	FALSE
MYL6	chr12	56160321	56162263	+	1	alternative acceptor	0.00265399070515037	-0.00455441729244084	-0.763036862927936	0.447185498487046	0.63872306023177	0.000188165539835438	1	-0.000796749804763278	1	FALSE	FALSE
PTGES3	chr12	56666267	56670274	-	1	alternative acceptor	0.961228569107272	0.0318962619245466	0.870844012296946	0.385864493920102	0.581725546066663	0.00126181247781412	1	0.00864212472150619	1	FALSE	FALSE
PTGES3	chr12	56666267	56671748	-	1	alternative acceptor	0.0387714308927278	-0.0318962619245464	-0.870844012296941	0.385864493920105	0.581725546066663	-0.00126181247781414	1	-0.00864212472150619	1	FALSE	FALSE
NACA	chr12	56724524	56724961	-	1	alternative acceptor	0.381686422271543	-0.128443091300402	-1.69904787826797	0.0923287103170892	0.20713056978128	0.00264945438784406	1	-0.0256240988436981	0.975998954946361	FALSE	FALSE
NACA	chr12	56724524	56725262	-	1	alternative acceptor	0.618313577728457	0.128443091300402	1.69904787826797	0.0923287103170891	0.20713056978128	-0.00264945438784407	1	0.0256240988436981	0.975998954946361	FALSE	FALSE
STAT6	chr12	57107315	57107604	-	1	alternative acceptor	0.88164185901891	-0.0735118100425209	-1.20582824400391	0.230646407088369	0.40770708446338	0.0263960085789733	0.695241195352959	0.0148686451704003	1	FALSE	FALSE
STAT6	chr12	57107315	57108162	-	1	alternative acceptor	0.11835814098109	0.073511810042521	1.20582824400391	0.230646407088369	0.40770708446338	-0.0263960085789733	0.695241195352959	-0.0148686451704003	1	FALSE	FALSE
OS9	chr12	57715971	57716088	+	1	alternative acceptor	0.273347929421451	-0.0446841004292026	-1.56064151429421	0.12167574736703	0.257190314975308	0.0335852972765661	0.105756440661959	0.0298598394871029	0.458907949753224	FALSE	FALSE
OS9	chr12	57715971	57716091	+	1	alternative acceptor	0.726652070578549	0.0446841004292026	1.56064151429421	0.12167574736703	0.257190314975308	-0.0335852972765662	0.105756440661959	-0.0298598394871029	0.458907949753224	FALSE	FALSE
OS9	chr12	57719183	57720098	+	1	alternative acceptor	0.40695079698931	-0.149184760504151	-3.25462183656604	0.00153664585326189	0.00882792659956707	0.0413571462090665	0.299901888000654	0.0156791458442596	0.974137535363181	FALSE	FALSE
OS9	chr12	57719183	57720405	+	1	alternative acceptor	0.593049203010691	0.149184760504151	3.25462183656603	0.0015366458532619	0.00882792659956707	-0.0413571462090665	0.299901888000654	-0.0156791458442597	0.974137535363181	FALSE	FALSE
CTDSP2	chr12	57827098	57827533	-	1	alternative acceptor	0.130142015852798	0.0146869281527866	0.311497862256985	0.756051776472182	0.890705006365513	-0.0233876795114954	0.645058759356287	-0.0244733611162511	0.860387678897681	FALSE	FALSE
CTDSP2	chr12	57827098	57827551	-	1	alternative acceptor	0.869857984147202	-0.0146869281527867	-0.311497862256985	0.756051776472181	0.890705006365513	0.0233876795114955	0.645058759356287	0.0244733611162511	0.860387678897681	FALSE	FALSE
CPSF6	chr12	69260198	69262369	+	1	alternative acceptor	0.245945816193693	0.0239254022069838	0.308953816647889	0.75798071970283	0.890771398655606	-0.00990456332265398	0.956291682707003	-0.00639857973720363	1	TRUE	FALSE
CPSF6	chr12	69260198	69262372	+	1	alternative acceptor	0.754054183806307	-0.0239254022069839	-0.30895381664789	0.757980719702829	0.890771398655606	0.00990456332265396	0.956291682707003	0.00639857973720362	1	TRUE	FALSE
NAP1L1	chr12	76047719	76048392	-	1	alternative acceptor	0.677538789236549	-0.0646794287993152	-2.59601807232068	0.0108083565664595	0.0394835882733932	0.0100611085286059	0.72977551125966	-0.00254384209849747	1	FALSE	FALSE
NAP1L1	chr12	76047719	76048420	-	1	alternative acceptor	0.322461210763451	0.0646794287993152	2.59601807232068	0.0108083565664596	0.0394835882733932	-0.0100611085286059	0.72977551125966	0.00254384209849746	1	FALSE	FALSE
NAP1L1	chr12	76060280	76067370	-	1	alternative acceptor	0.940826579630963	-0.109291905272009	-2.18186178752892	0.031393140714418	0.090099638455473	0.018857486260887	0.755102806883977	-0.00209434038959238	1	FALSE	FALSE
NAP1L1	chr12	76060280	76074202	-	1	alternative acceptor	0.0591734203690372	0.109291905272009	2.18186178752892	0.031393140714418	0.090099638455473	-0.0188574862608869	0.755102806883977	0.00209434038959238	1	FALSE	FALSE
PPP1R12A	chr12	79805769	79806165	-	1	alternative acceptor	0.747232587747515	-0.229865356543981	-3.77483884892315	0.000267933068130104	0.00213405237637116	0.0538942673454784	0.317417223264594	0.0124905170346509	1	FALSE	FALSE
PPP1R12A	chr12	79805769	79807225	-	1	alternative acceptor	0.252767412252485	0.229865356543981	3.77483884892315	0.000267933068130104	0.00213405237637116	-0.0538942673454784	0.317417223264594	-0.0124905170346509	1	FALSE	FALSE
DCN	chr12	91178586	91179361	-	1	alternative acceptor	0.678055954350566	-0.03737879498377	-0.65119501908645	0.516370822315718	0.707470982767224	0.0736455919587742	0.0610592683460177	0.0790508050870631	0.189994392512747	FALSE	FALSE
DCN	chr12	91178586	91182654	-	1	alternative acceptor	0.321944045649434	0.03737879498377	0.65119501908645	0.516370822315718	0.707470982767224	-0.0736455919587742	0.0610592683460177	-0.0790508050870631	0.189994392512747	FALSE	FALSE
METAP2	chr12	95474331	95476070	+	1	alternative acceptor	0.857998976664899	-0.126230081440098	-1.32426013472628	0.18834773871573	0.355872588540111	0.0475967241481295	0.645567265457208	0.0282274940858344	0.989489116931456	FALSE	FALSE
METAP2	chr12	95474331	95476073	+	1	alternative acceptor	0.142001023335101	0.126230081440098	1.32426013472628	0.18834773871573	0.355872588540111	-0.0475967241481295	0.645567265457208	-0.0282274940858344	0.989489116931456	FALSE	FALSE
TXNRD1	chr12	104287110	104288930	+	1	alternative acceptor		-0.0517140363095829	-0.450839628511001	0.653091032026201	0.815404772364578	0.028729739664746	0.853314767246427	0.0225910399386998	1	FALSE	FALSE
TXNRD1	chr12	104287110	104311289	+	1	alternative acceptor		0.0517140363095829	0.450839628511001	0.653091032026201	0.815404772364578	-0.028729739664746	0.853314767246427	-0.0225910399386998	1	FALSE	FALSE
APPL2	chr12	105176083	105176875	-	1	alternative acceptor	0.880695763829029	-0.177626946306901	-3.11511114665124	0.00238204387793073	0.0121641610042679	0.0186706605071288	0.800312332292369	-0.017622078507305	0.983234759464368	FALSE	FALSE
APPL2	chr12	105176083	105177225	-	1	alternative acceptor	0.119304236170971	0.177626946306901	3.11511114665124	0.00238204387793073	0.0121641610042679	-0.0186706605071288	0.800312332292369	0.017622078507305	0.983234759464368	FALSE	FALSE
ANKRD13A	chr12	110025824	110027704	+	1	alternative acceptor	0.820922291006246	-0.141831061322677	-2.46269519696909	0.0154481520327326	0.0528031809681648	0.0265555276398613	0.685774411613939	-0.000244417992534038	1	FALSE	FALSE
ANKRD13A	chr12	110025824	110027707	+	1	alternative acceptor	0.179077708993754	0.141831061322677	2.46269519696908	0.0154481520327327	0.0528031809681648	-0.0265555276398613	0.685774411613939	0.000244417992534007	1	FALSE	FALSE
ANKRD13A	chr12	110027767	110028508	+	1	alternative acceptor	0.103532732820381	0.016888663345862	0.302348187806913	0.762996347488405	0.892824794415407	-0.0573509986902865	0.180154543315143	-0.0642973156222415	0.362833350027931	FALSE	FALSE
ANKRD13A	chr12	110027767	110028511	+	1	alternative acceptor	0.896467267179619	-0.016888663345862	-0.302348187806911	0.762996347488406	0.892824794415407	0.0573509986902865	0.180154543315143	0.0642973156222415	0.362833350027931	FALSE	FALSE
RPL6	chr12	112408339	112408419	-	1	alternative acceptor	0.789257112149876	-0.0626798106916049	-1.74859223095687	0.0833408219272296	0.191903950829051	0.039772426398745	0.142276868572719	0.0331736915650663	0.531559292179633	FALSE	FALSE
RPL6	chr12	112408339	112410319	-	1	alternative acceptor	0.210742887850124	0.0626798106916049	1.74859223095687	0.0833408219272295	0.191903950829051	-0.039772426398745	0.142276868572719	-0.0331736915650663	0.531559292179633	FALSE	FALSE
RPLP0	chr12	120197463	120198553	-	1	alternative acceptor	0.886091716096846	-0.0638306887146387	-0.601738631030786	0.548670346937314	0.736396152302211	-0.0927208631511034	0.291216813246948	-0.124363952593812	0.340618133050714	FALSE	FALSE
RPLP0	chr12	120197463	120198853	-	1	alternative acceptor	0.113908283903154	0.0638306887146388	0.601738631030787	0.548670346937313	0.736396152302211	0.0927208631511034	0.291216813246948	0.124363952593812	0.340618133050714	FALSE	FALSE
RPLP0	chr12	120199486	120200718	-	1	alternative acceptor	0.00991206166392847	-0.202198771681897	-6.05805364527079	2.27665448303416e-08	6.67750442196375e-07	0.0255368364256775	0.472367357846902	-0.014975090035068	0.907169199855509	FALSE	FALSE
RPLP0	chr12	120199486	120200729	-	1	alternative acceptor	0.990087938336072	0.202198771681896	6.05805364527078	2.27665448303429e-08	6.67750442196375e-07	-0.0255368364256775	0.472367357846902	0.014975090035068	0.907169199855509	FALSE	FALSE
PXN	chr12	120215274	120215559	-	1	alternative acceptor		0.749183115090049	6.94430426686417	3.89419045271984e-10	1.5581343211412e-08	-0.102470164984421	0.355810075046793	0.04409702099143	0.921496272449727	FALSE	FALSE
PXN	chr12	120215274	120221622	-	1	alternative acceptor		-0.749183115090049	-6.94430426686417	3.89419045271981e-10	1.5581343211412e-08	0.102470164984421	0.355810075046793	-0.04409702099143	0.921496272449727	FALSE	FALSE
DYNLL1	chr12	120496217	120496401	+	1	alternative acceptor	0.0577089940786252	0.0806199417774527	1.43158953132759	0.155288756937179	0.310279117510544	0.00481107495033927	0.987823745136366	0.0237687046933987	0.91701834432199	FALSE	FALSE
DYNLL1	chr12	120496217	120496415	+	1	alternative acceptor	0.942291005921375	-0.0806199417774525	-1.43158953132758	0.15528875693718	0.310279117510544	-0.00481107495033931	0.987823745136366	-0.0237687046933987	0.91701834432199	FALSE	FALSE
ABCB9	chr12	122981300	122981570	+	1	alternative acceptor	0.242228203633479	0.142498539144664	1.22607912669231	0.222964666496971	0.399615776313585	-0.125014041832086	0.154360888725574	-0.116484011206784	0.476044928459949	FALSE	FALSE
ABCB9	chr12	122981300	122981594	+	1	alternative acceptor	0.757771796366521	-0.142498539144664	-1.22607912669231	0.222964666496971	0.399615776313585	0.125014041832086	0.154360888725574	0.116484011206784	0.476044928459949	FALSE	FALSE
UBC	chr12	124911823	124912734	-	0	alternative acceptor	0.967514148162222	-0.222632369416068	-3.53576131255563	0.000610848421395301	0.00415499096233084	0.108235789036756	0.00915498232190984	0.078618214514939	0.283277700446563	FALSE	FALSE
UBC	chr12	124911823	124912962	-	0	alternative acceptor	0.0163900283530454	0.16492691304594	3.13854190227237	0.00221500947549353	0.0115563299894487	-0.0755125447743725	0.0375654750800285	-0.0526982756203582	0.476044928459949	FALSE	FALSE
UBC	chr12	124911823	124913418	-	0	alternative acceptor	0.0160958234847324	0.182679303199414	3.19346181664545	0.0018652380212263	0.0101995243338372	-0.102397756528962	0.00572388280880068	-0.080636865538023	0.181411588405581	FALSE	FALSE
UBC	chr12	124911900	124912127	-	1	alternative acceptor	0.0408172571330595	0.0405091259578666	0.310243132281628	0.757002944406116	0.890705006365513	-0.0258104729803993	0.89372992395357	-0.021565644630028	1	FALSE	FALSE
UBC	chr12	124911900	124912355	-	1	alternative acceptor	0.0408172571330595	0.0405091259578666	0.310243132281628	0.757002944406116	0.890705006365513	-0.0258104729803993	0.89372992395357	-0.021565644630028	1	FALSE	FALSE
UBC	chr12	124911900	124912583	-	0	alternative acceptor	0.0271624060859015	0.00550830633535107	0.0420685168308243	0.966525519743019	1	-0.0393996513549229	0.812180522944947	-0.0455366853954529	0.970467838347115	FALSE	FALSE
UBC	chr12	124911900	124912811	-	1	alternative acceptor	0.0408172571330595	0.0405091259578666	0.310243132281628	0.757002944406116	0.890705006365513	-0.0258104729803993	0.89372992395357	-0.021565644630028	1	FALSE	FALSE
UBC	chr12	124911900	124913039	-	0	alternative acceptor	0.415851466158651	0.119210521659988	1.43248134199516	0.15503410709135	0.310159410716284	-0.0304948032043654	0.761723677437123	-0.00949845005855295	1	FALSE	FALSE
UBC	chr12	124911900	124913495	-	0	alternative acceptor	0.415864904079801	0.119114263458968	1.43131350975838	0.155367638083051	0.310279117510544	-0.0306762339365002	0.758611099505399	-0.00973538278929329	1	FALSE	FALSE
UBC	chr12	124911900	124913723	-	1	alternative acceptor	0.0186694522764681	0.209412652182613	2.96706094648495	0.00373828547991741	0.0173450326291939	-0.114865220919045	0.0131974965887407	-0.0894488733046164	0.277393731195914	FALSE	FALSE
UBC	chr12	124912181	124912636	-	1	alternative acceptor	0.189656106225669	0.168036005966907	1.99384455501599	0.0488125532095475	0.125031994854078	-0.0361684989776697	0.705462987355531	-0.00529743810352405	1	FALSE	FALSE
UBC	chr12	124912181	124913092	-	0	alternative acceptor	0.0336329902587281	0.00583635991866754	0.0847088291843911	0.932657306397061	1	-0.013131498373744	0.902375455144099	-0.0142808607785419	1	FALSE	FALSE
UBC	chr12	124912181	124913320	-	1	alternative acceptor	0.209929140420057	0.160647291755653	1.81852941045312	0.0718892490410038	0.170736966472384	-0.0253825953158639	0.829153408189584	0.00585131620528912	1	FALSE	FALSE
UBC	chr12	124912181	124913548	-	0	alternative acceptor	0.566781763095546	0.0277376006930531	0.264661838157916	0.791798865075373	0.911764968127982	-0.0271360867914737	0.849838221698759	-0.0259998699399667	1	FALSE	FALSE
UBC	chr12	124912409	124912636	-	1	alternative acceptor	0.189444040358869	0.167962190264753	1.99376251875459	0.0488216669115601	0.125031994854078	-0.0362708101995087	0.703771035379801	-0.00543542304374533	1	FALSE	FALSE
UBC	chr12	124912409	124913092	-	0	alternative acceptor	0.0336141384041215	0.00570289494669652	0.0827719770948403	0.934193496244879	1	-0.0132017025955182	0.900656380568073	-0.0143940926930517	1	FALSE	FALSE
UBC	chr12	124912409	124913320	-	0	alternative acceptor	0.210602643823672	0.161480219183695	1.82785620103831	0.0704658630867557	0.167473375512268	-0.025037142947716	0.831339297884748	0.00644795758745973	1	FALSE	FALSE
UBC	chr12	124912409	124913548	-	0	alternative acceptor	0.566339177413337	0.0273506825412858	0.261013874605113	0.794602970414776	0.913921829260072	-0.0273186408875728	0.849318587521707	-0.0263032393933379	1	FALSE	FALSE
UBC	chr12	124912584	124913267	-	0	alternative acceptor		-0.314908634269587	-3.09930645085898	0.00250713338068262	0.0126886318864607	0.12187380930769	0.110657206168379	0.074094254312533	0.724184936323508	FALSE	FALSE
UBC	chr12	124912584	124913723	-	0	alternative acceptor		0.314908634269587	3.09930645085898	0.00250713338068262	0.0126886318864607	-0.12187380930769	0.110657206168379	-0.0740942543125331	0.724184936323508	FALSE	FALSE
UBC	chr12	124912637	124913092	-	0	alternative acceptor	0.0315475046504128	0.044364028366779	0.534039595650528	0.5944648764484	0.771375446318584	-0.0258792192995189	0.800312332292369	-0.0207838150970899	1	FALSE	FALSE
UBC	chr12	124912637	124913548	-	1	alternative acceptor	0.968452495349587	-0.044364028366779	-0.534039595650528	0.5944648764484	0.771375446318584	0.0258792192995186	0.800312332292369	0.0207838150970896	1	FALSE	FALSE
UBC	chr12	124912735	124912962	-	1	alternative acceptor		0.0175857022339693	0.888123400023324	0.376765616167281	0.576161467926639	-0.00149700349543069	0.994147604074607	0.00188077878179477	1	FALSE	FALSE
UBC	chr12	124912735	124913418	-	1	alternative acceptor		-0.0175857022339693	-0.888123400023324	0.376765616167282	0.576161467926639	0.00149700349543071	0.994147604074607	-0.00188077878179474	1	FALSE	FALSE
UBC	chr12	124912865	124913092	-	1	alternative acceptor		-0.0187760706184894	-0.19484904421479	0.845898706893031	0.951356316846296	0.00105531799232093	1	-0.00295956059958488	1	FALSE	FALSE
UBC	chr12	124912865	124913548	-	1	alternative acceptor		0.0187760706184893	0.194849044214789	0.845898706893031	0.951356316846296	-0.00105531799232098	1	0.00295956059958476	1	FALSE	FALSE
UBC	chr12	124913268	124913495	-	1	alternative acceptor		-0.21392299346718	-2.45094138174416	0.0159491472847747	0.0539734255275069	0.150084039649521	0.00690552140830229	0.130259841192701	0.136124721976895	FALSE	FALSE
UBC	chr12	124913268	124913723	-	0	alternative acceptor		0.21392299346718	2.45094138174416	0.0159491472847749	0.0539734255275069	-0.150084039649521	0.00690552140830229	-0.130259841192701	0.136124721976895	FALSE	FALSE
POLR1D	chr13	27622010	27622874	+	1	alternative acceptor		0.0515323366088713	0.55826854676486	0.577884410719679	0.758340754555317	0.0455835439477316	0.645708902978782	0.0657364650576176	0.735024763606837	FALSE	FALSE
POLR1D	chr13	27622010	27648378	+	1	alternative acceptor		-0.0515323366088714	-0.558268546764861	0.577884410719679	0.758340754555317	-0.0455835439477316	0.645708902978782	-0.0657364650576176	0.735024763606837	FALSE	FALSE
POSTN	chr13	37564561	37569299	-	1	alternative acceptor	0.298585960591611	0.14362354444262	1.31067025223332	0.192884127535869	0.363233066306473	-0.071690692712948	0.477946681833905	-0.0529330546593931	0.875851163913888	FALSE	FALSE
POSTN	chr13	37564561	37569743	-	1	alternative acceptor	0.701414039408389	-0.14362354444262	-1.31067025223332	0.192884127535869	0.363233066306473	0.0716906927129479	0.477946681833905	0.052933054659393	0.875851163913888	FALSE	FALSE
TSC22D1	chr13	44436096	44436503	-	1	alternative acceptor	0.3960199886475	0.644238468706825	6.41146876112087	4.42461799625311e-09	1.56751310471425e-07	-0.1969770088937	0.00735246554066813	-0.0895279072628595	0.568473491579471	FALSE	FALSE
TSC22D1	chr13	44436096	44573162	-	1	alternative acceptor	0.6039800113525	-0.644238468706825	-6.41146876112087	4.42461799625308e-09	1.56751310471425e-07	0.1969770088937	0.00735246554066813	0.0895279072628595	0.568473491579471	FALSE	FALSE
TPT1	chr13	45340185	45340711	-	1	alternative acceptor	0.995303737554	-0.118462286543935	-4.99250114155525	2.43687401245168e-06	4.02320801764473e-05	-0.0162333687109451	0.514541219474477	-0.0458039408588116	0.0410245036847029	FALSE	FALSE
TPT1	chr13	45340185	45341041	-	1	alternative acceptor	0.00469626244600038	0.118462286543936	4.99250114155527	2.43687401245155e-06	4.02320801764473e-05	0.0162333687109453	0.514541219474477	0.0458039408588119	0.0410245036847029	FALSE	FALSE
SUGT1	chr13	52659250	52661474	+	1	alternative acceptor	0.52619137108714	0.0733915979430602	1.3667938452694	0.17466588326871	0.338483572077996	0.0316842807914971	0.549633883024578	0.0540502615010086	0.474131077937937	FALSE	FALSE
SUGT1	chr13	52659250	52662648	+	1	alternative acceptor	0.47380862891286	-0.0733915979430602	-1.3667938452694	0.17466588326871	0.338483572077996	-0.0316842807914971	0.549633883024578	-0.0540502615010086	0.474131077937937	FALSE	FALSE
LMO7	chr13	75636727	75713181	+	1	alternative acceptor	0.634261438572257	0.103800038536279	1.398528705304	0.164958106927888	0.323542400035609	-0.0171248530004596	0.869525739108476	0.00292102044613885	1	FALSE	FALSE
LMO7	chr13	75636727	75727028	+	1	alternative acceptor	0.365738561427743	-0.103800038536279	-1.398528705304	0.164958106927887	0.323542400035609	0.0171248530004596	0.869525739108476	-0.00292102044613888	1	FALSE	FALSE
LMO7	chr13	75834388	75835151	+	1	alternative acceptor	0.514315213964853	-0.114800673943827	-2.485724260406	0.0145374803656969	0.0506059065749593	0.0182534904365292	0.736942848901488	-0.00404520701894797	1	FALSE	FALSE
LMO7	chr13	75834388	75835232	+	1	alternative acceptor	0.485684786035147	0.114800673943827	2.485724260406	0.0145374803656969	0.0506059065749593	-0.0182534904365292	0.736942848901488	0.00404520701894797	1	FALSE	FALSE
LMO7	chr13	75836458	75838139	+	1	alternative acceptor	0.911365474173136	0.211359647271897	2.21047308504481	0.0292845731521955	0.0855642897685713	-0.0651379611440001	0.467803958187632	-0.0299826425839958	0.983234759464368	FALSE	FALSE
LMO7	chr13	75836458	75840084	+	1	alternative acceptor	0.0886345258268644	-0.211359647271898	-2.21047308504481	0.0292845731521954	0.0855642897685713	0.0651379611440001	0.467803958187632	0.0299826425839958	0.983234759464368	FALSE	FALSE
COL4A2	chr13	110504265	110506199	+	1	alternative acceptor		-0.234566750970174	-2.3020340797549	0.0233857917250548	0.0717825610621942	0.165236644117399	0.0116562410640885	0.143688562379228	0.181411588405581	FALSE	FALSE
COL4A2	chr13	110504265	110506289	+	1	alternative acceptor		-0.234566750970174	-2.3020340797549	0.0233857917250548	0.0717825610621942	0.165236644117399	0.0116562410640885	0.143688562379228	0.181411588405581	FALSE	FALSE
COL4A2	chr13	110504265	110506332	+	1	alternative acceptor		-0.235779507528245	-2.3126691968775	0.0227694298891142	0.0702074624232795	0.166834050066675	0.010821768761288	0.145313504489516	0.179342702461722	FALSE	FALSE
COL4A2	chr13	110504265	110506373	+	0	alternative acceptor		-0.234566750970174	-2.3020340797549	0.0233857917250548	0.0717825610621942	0.165236644117399	0.0116562410640885	0.143688562379228	0.181411588405581	FALSE	FALSE
COL4A2	chr13	110504265	110506414	+	1	alternative acceptor		0.352323582150763	2.17906458361784	0.031651759870048	0.0905362786526773	-0.257990220144023	0.0131974965887407	-0.227457322566435	0.181411588405581	FALSE	FALSE
PCID2	chr13	113185561	113187199	-	1	alternative acceptor	0.232233524033278	0.108987998080871	2.15286938471275	0.0336633831091344	0.0939058558479313	-0.0149857193599754	0.823063273377401	0.00662235922733613	1	FALSE	FALSE
PCID2	chr13	113185561	113190871	-	1	alternative acceptor	0.767766475966722	-0.108987998080871	-2.15286938471275	0.0336633831091344	0.0939058558479313	0.0149857193599754	0.823063273377401	-0.00662235922733613	1	FALSE	FALSE
LAMP1	chr13	113309863	113310602	+	0	alternative acceptor	0.0252755102497242	0.0167379489603103	0.246759398515579	0.805585574390332	0.920321309540316	0.0456220687999628	0.461040221867933	0.0579059871456729	0.609934712265837	FALSE	FALSE
LAMP1	chr13	113309863	113310708	+	1	alternative acceptor	0.974724489750276	-0.0167379489603103	-0.246759398515579	0.805585574390332	0.920321309540316	-0.0456220687999626	0.461040221867933	-0.0579059871456727	0.609934712265837	FALSE	FALSE
TMCO3	chr13	113539508	113547299	+	1	alternative acceptor		-0.258732206202368	-3.28932906846597	0.00137906773655472	0.00799013521639285	0.0887317343274235	0.150699334146342	0.047421109174679	0.801020692772742	FALSE	FALSE
TMCO3	chr13	113539508	113548302	+	1	alternative acceptor		0.258732206202369	3.28932906846597	0.00137906773655472	0.00799013521639285	-0.0887317343274235	0.150699334146342	-0.047421109174679	0.801020692772742	FALSE	FALSE
TFDP1	chr13	113623287	113631622	+	1	alternative acceptor	0.910072719365894	0.00335974253979394	0.0341264560604314	0.972842358552458	1	0.00670028858663212	1	0.0087062938502843	1	FALSE	FALSE
TFDP1	chr13	113623287	113633119	+	1	alternative acceptor	0.0899272806341065	-0.00335974253979389	-0.0341264560604309	0.972842358552458	1	-0.00670028858663214	1	-0.00870629385028431	1	FALSE	FALSE
TFDP1	chr13	113636701	113637817	+	1	alternative acceptor	0.858323701381158	0.521374801705863	7.02366935245987	2.39015076527509e-10	1.042167019577e-08	-0.180886329285561	0.000795040331226445	-0.0979465214710103	0.232650869864478	FALSE	FALSE
TFDP1	chr13	113636701	113640119	+	1	alternative acceptor	0.141676298618843	-0.521374801705863	-7.02366935245987	2.39015076527511e-10	1.042167019577e-08	0.180886329285561	0.000795040331226445	0.0979465214710103	0.232650869864478	FALSE	FALSE
ANG	chr14	20684759	20693546	+	1	alternative acceptor	0.292487649310882	0.073950027695868	1.27733485339169	0.204355808151923	0.377725056263418	0.0558516329434455	0.22490937336835	0.082863872319247	0.177283361888173	FALSE	FALSE
ANG	chr14	20684759	20699354	+	1	alternative acceptor	0.707512350689118	-0.073950027695868	-1.27733485339169	0.204355808151923	0.377725056263418	-0.0558516329434455	0.22490937336835	-0.0828638723192469	0.177283361888173	FALSE	FALSE
HNRNPC	chr14	21230367	21230957	-	1	alternative acceptor	0.387960588964931	0.0522153221208147	1.99682519660301	0.0484824044892786	0.124538261078578	0.0175586836967671	0.472367357846902	0.0325389276288718	0.283277700446563	TRUE	FALSE
HNRNPC	chr14	21230367	21230996	-	1	alternative acceptor	0.612039411035069	-0.0522153221208147	-1.99682519660301	0.0484824044892786	0.124538261078578	-0.0175586836967671	0.472367357846902	-0.0325389276288718	0.283277700446563	TRUE	FALSE
HNRNPC	chr14	21234230	21263310	-	1	alternative acceptor	0.783267718226647	-0.0640791751507049	-0.751249419458907	0.454215596707153	0.644246169115146	0.0267175411179853	0.800312332292369	0.0173630894251583	1	TRUE	FALSE
HNRNPC	chr14	21234230	21269297	-	1	alternative acceptor	0.216732281773353	0.0640791751507049	0.751249419458906	0.454215596707153	0.644246169115146	-0.0267175411179853	0.800312332292369	-0.0173630894251584	1	TRUE	FALSE
ACIN1	chr14	23069618	23071124	-	1	alternative acceptor	0.114423850421349	0.0923560265415013	1.26053835287321	0.210323329232806	0.386027869789949	-0.0371141430209962	0.637244362211406	-0.023371101976391	0.983234759464368	TRUE	FALSE
ACIN1	chr14	23069618	23071426	-	1	alternative acceptor	0.110283180339542	0.170490777856675	2.02671864719956	0.045275225846217	0.118904280388405	-0.0281130623876061	0.792492422645402	0.00481482307434575	1	TRUE	FALSE
ACIN1	chr14	23069618	23078150	-	1	alternative acceptor	0.775292969239109	-0.130955947976785	-2.79366655623297	0.00621523675957534	0.0264887471419997	0.0302484522071413	0.505681501300475	0.00657522369380052	1	TRUE	FALSE
DHRS4	chr14	23960004	23965761	+	1	alternative acceptor	0.172172611009663	-0.0366290702388781	-0.385678985417328	0.70052983823212	0.848771635136245	0.0462855719036632	0.650164072987748	0.0467402543041214	0.869621028064469	FALSE	FALSE
DHRS4	chr14	23960004	23967210	+	1	alternative acceptor	0.221355823899627	0.0529870447274528	0.824195264276069	0.411733107649135	0.604145616209017	-0.0283024093757366	0.693419096597031	-0.0217289122679868	0.97654520506004	FALSE	FALSE
DHRS4L2	chr14	23960004	24000862	+	0	alternative acceptor	0.171937487384914	-0.0361636756640545	-0.381062161170938	0.703941981973917	0.851389289008994	0.0461803349733898	0.651323970307884	0.0467195708383229	0.869621028064469	FALSE	FALSE
DHRS4L2	chr14	23960004	24004336	+	1	alternative acceptor	0.221355823899627	0.0529870447274528	0.824195264276069	0.411733107649135	0.604145616209017	-0.0283024093757366	0.693419096597031	-0.0217289122679868	0.97654520506004	FALSE	FALSE
DHRS4L2	chr14	23960004	24049284	+	0	alternative acceptor	0.213178253806169	0.0791333234857389	0.988662455916884	0.325145153302201	0.523153246835165	-0.041700228938207	0.624358071658217	-0.0317768185531744	0.932248765525071	FALSE	FALSE
DHRS4	chr14	23967267	23968756	+	1	alternative acceptor	0.43022675266869	-0.00483284168854344	-0.295505840510785	0.768202378026401	0.894745303995818	0.0119438883541519	0.412317219365656	0.0130958471906587	0.663697534844911	FALSE	FALSE
DHRS4L2	chr14	23967267	24005885	+	0	alternative acceptor	0.43022675266869	-0.00483284168854344	-0.295505840510785	0.768202378026401	0.894745303995818	0.0119438883541519	0.412317219365656	0.0130958471906587	0.663697534844911	FALSE	FALSE
""	chr14	23967267	24050853	+	0	alternative acceptor	0.139546494662619	0.0156426008415072	0.127547463754982	0.89875579408591	0.983910873542643	-0.0160417700037913	0.953224155664589	-0.0155391382673904	1	FALSE	FALSE
NEDD8-MDP1	chr14	24217224	24218058	-	1	alternative acceptor	0.0171925078940471	0.138541173031491	2.46446134219853	0.0153765485905045	0.0528031809681648	-0.0326105382779058	0.568868011921804	-0.00768023437781653	1	FALSE	FALSE
NEDD8-MDP1	chr14	24217224	24218132	-	1	alternative acceptor	0.982807492105953	-0.138541173031491	-2.46446134219853	0.0153765485905047	0.0528031809681648	0.032610538277906	0.568868011921804	0.00768023437781674	1	FALSE	FALSE
CFL2	chr14	34713137	34713253	-	1	alternative acceptor	0.953685800842053	0.0869848232086832	1.23604798679558	0.219252154986993	0.396847567381992	-0.0111948322247075	0.933493501441889	0.0061940769423227	1	FALSE	FALSE
CFL2	chr14	34713137	34713396	-	1	alternative acceptor	0.0463141991579468	-0.0869848232086831	-1.23604798679557	0.219252154986993	0.396847567381992	0.0111948322247075	0.933493501441889	-0.0061940769423227	1	FALSE	FALSE
KTN1	chr14	55661613	55663954	+	1	alternative acceptor	0.413178496168199	0.242642881660682	5.18310639031843	1.09225107902108e-06	1.98649514425172e-05	-0.0913517538582353	0.004578424307534	-0.054093512033171	0.359184038655864	FALSE	FALSE
KTN1	chr14	55661613	55667240	+	1	alternative acceptor	0.586821503831801	-0.242642881660682	-5.18310639031843	1.09225107902109e-06	1.98649514425172e-05	0.0913517538582353	0.004578424307534	0.054093512033171	0.359184038655864	FALSE	FALSE
KTN1	chr14	55673013	55673171	+	1	alternative acceptor	0.280735717297906	-0.138311212365289	-2.48053097264916	0.0147385458777644	0.051096630509966	0.0575144903470112	0.196061702825362	0.0372946748872107	0.778284174533608	FALSE	FALSE
KTN1	chr14	55673013	55675834	+	1	alternative acceptor	0.719264282702094	0.138311212365289	2.48053097264916	0.0147385458777644	0.051096630509966	-0.0575144903470112	0.196061702825362	-0.0372946748872107	0.778284174533608	FALSE	FALSE
HIF1A	chr14	61695840	61720378	+	1	alternative acceptor		0.0838284215783309	0.781783228302929	0.436170834269683	0.626707649916009	-0.0252064244213709	0.864201202457099	-0.0113154798820234	1	FALSE	FALSE
HIF1A	chr14	61695840	61720381	+	1	alternative acceptor		-0.0838284215783309	-0.781783228302929	0.436170834269683	0.626707649916009	0.0252064244213709	0.864201202457099	0.0113154798820234	1	FALSE	FALSE
HIF1A	chr14	61744814	61745690	+	1	alternative acceptor	0.952382683982745	0.0199641392878565	0.467103491443543	0.641412456850073	0.805555304928766	-0.0647232230585628	0.0173204469074213	-0.0723598631402374	0.0768892500279554	FALSE	FALSE
HIF1A	chr14	61744814	61746933	+	1	alternative acceptor	0.0476173160172554	-0.0199641392878565	-0.467103491443543	0.641412456850073	0.805555304928766	0.0647232230585627	0.0173204469074213	0.0723598631402373	0.0768892500279554	FALSE	FALSE
CHURC1	chr14	64924127	64926006	+	1	alternative acceptor	0.157462738645262	-0.21822693283836	-2.73390178437421	0.00736901781158598	0.0301588803576462	0.0702360750430524	0.302619915844845	0.0344963386574049	0.91701834432199	FALSE	FALSE
CHURC1	chr14	64924127	64926009	+	1	alternative acceptor	0.842537261354738	0.21822693283836	2.73390178437421	0.00736901781158599	0.0301588803576462	-0.0702360750430524	0.302619915844845	-0.0344963386574049	0.91701834432199	FALSE	FALSE
VTI1B	chr14	67662536	67663028	-	1	alternative acceptor	0.179885913488247	-0.481053770122416	-3.96998379076122	0.000133254034764107	0.0011710516078365	0.0885490630199327	0.452467616182108	-0.0026337443319972	1	FALSE	FALSE
VTI1B	chr14	67662536	67674374	-	1	alternative acceptor	0.820114086511753	0.481053770122416	3.96998379076122	0.000133254034764107	0.0011710516078365	-0.0885490630199328	0.452467616182108	0.00263374433199717	1	FALSE	FALSE
ACTN1	chr14	68877241	68878457	-	1	alternative acceptor	0.13042542144366	-0.341031922378868	-5.4954558240274	2.83613975709321e-07	6.18314827812437e-06	0.0922731998534379	0.0524113635031292	0.0331497613928677	0.853966070835217	FALSE	FALSE
ACTN1	chr14	68877241	68878988	-	1	alternative acceptor	0.869574578556341	0.341031922378868	5.49545582402741	2.83613975709321e-07	6.18314827812437e-06	-0.0922731998534379	0.0524113635031292	-0.0331497613928677	0.853966070835217	FALSE	FALSE
COX16	chr14	70329237	70342657	-	1	alternative acceptor	0.872021695621935	0.0936569388752005	1.35846607254876	0.17728368617275	0.341416657233026	0.018516910312947	0.840151023020975	0.0429586797919852	0.790958395735541	FALSE	FALSE
COX16	chr14	70329237	70359518	-	1	alternative acceptor	0.127978304378065	-0.0936569388752005	-1.35846607254876	0.17728368617275	0.341416657233026	-0.018516910312947	0.840151023020975	-0.0429586797919852	0.790958395735541	FALSE	FALSE
LTBP2	chr14	74501030	74501440	-	1	alternative acceptor	0.798721613357314	0.158921427165969	3.25136307652234	0.00155269266154809	0.00885092410371041	-0.0738116099790732	0.0269247829594138	-0.0520242666257055	0.425255625789379	FALSE	FALSE
LTBP2	chr14	74501030	74508829	-	0	alternative acceptor	0.130823464857232	-0.113046012197397	-2.67821583113891	0.00861611812418862	0.0337129414531257	0.0603939362771004	0.0355431933292239	0.0463718043758508	0.409302684141482	FALSE	FALSE
LTBP2	chr14	74501030	74511244	-	0	alternative acceptor	0.0704549217854538	-0.162958805169845	-1.98287927149741	0.0500436439272392	0.12758503223129	0.0892258908199289	0.155521065075597	0.0694179115029692	0.618142836076918	FALSE	FALSE
LTBP2	chr14	74507311	74507972	-	1	alternative acceptor	0.96348935055515	-0.160015666021496	-2.24311251112575	0.0270310710082755	0.0809979493384543	0.0176103891638692	0.863017141541745	-0.0149360568323709	1	FALSE	FALSE
LTBP2	chr14	74507311	74508603	-	1	alternative acceptor	0.0365106494448495	0.160015666021496	2.24311251112574	0.0270310710082757	0.0809979493384543	-0.0176103891638691	0.863017141541745	0.014936056832371	1	FALSE	FALSE
LTBP2	chr14	74508730	74508829	-	1	alternative acceptor	0.926360141495582	0.104956134682981	1.24136795929774	0.217289464237378	0.395399394259669	-0.0677658528153375	0.343484295654107	-0.0569348479108567	0.77459555409508	FALSE	FALSE
LTBP2	chr14	74508730	74511244	-	0	alternative acceptor	0.0736398585044178	-0.104956134682981	-1.24136795929774	0.217289464237378	0.395399394259669	0.0677658528153376	0.343484295654107	0.0569348479108568	0.77459555409508	FALSE	FALSE
ZC3H14	chr14	88609404	88609711	+	1	alternative acceptor	0.612436407346265	0.0216591654606738	0.471109169660752	0.638559049668007	0.80384949881791	0.00872749828392787	0.902947326648038	0.0152115292612943	0.980954039261069	FALSE	FALSE
ZC3H14	chr14	88609404	88609714	+	1	alternative acceptor	0.387563592653736	-0.0216591654606739	-0.471109169660753	0.638559049668007	0.80384949881791	-0.00872749828392787	0.902947326648038	-0.0152115292612943	0.980954039261069	FALSE	FALSE
PAPOLA	chr14	96556414	96560648	+	1	alternative acceptor	0.795278856608135	-0.056238648815447	-1.03591607155163	0.302667264176322	0.499452384989651	0.00462444174255415	0.987823745136366	-0.00710698914592448	1	TRUE	FALSE
PAPOLA	chr14	96556414	96564954	+	1	alternative acceptor	0.204721143391865	0.056238648815447	1.03591607155163	0.302667264176322	0.499452384989651	-0.00462444174255412	0.987823745136366	0.00710698914592449	1	TRUE	FALSE
CDC42BPB	chr14	102952604	102954197	-	1	alternative acceptor	0.53548413242578	0.0486297126715843	0.504224101392397	0.615180811968476	0.788925317309497	0.0422733858209195	0.693806320046786	0.061074086730344	0.790958395735541	FALSE	FALSE
CDC42BPB	chr14	102952604	102954601	-	1	alternative acceptor	0.46451586757422	-0.0486297126715843	-0.504224101392397	0.615180811968476	0.788925317309497	-0.0422733858209195	0.693806320046786	-0.061074086730344	0.790958395735541	FALSE	FALSE
KLC1	chr14	103677524	103679383	+	1	alternative acceptor	0.807416470890359	-0.111011386590913	-2.52888913700291	0.0129590016595009	0.0459578359165407	0.0812439567085218	0.00319944004041488	0.0715781281462904	0.0997597076755252	FALSE	FALSE
KLC1	chr14	103677524	103679407	+	1	alternative acceptor	0.192583529109641	0.111011386590913	2.52888913700291	0.0129590016595009	0.0459578359165407	-0.0812439567085219	0.00319944004041488	-0.0715781281462904	0.0997597076755252	FALSE	FALSE
KLC1	chr14	103679546	103684985	+	1	alternative acceptor	0.274137448485342	0.0536750812967569	0.859356820636875	0.392139324910223	0.587259288427859	0.0414963551967303	0.468292433198249	0.061281773046659	0.48353713966026	FALSE	FALSE
KLC1	chr14	103679546	103687080	+	1	alternative acceptor	0.319956918731516	-0.145415860235733	-2.23175985722384	0.0277970426215028	0.0824001858843089	0.0589577527604319	0.280688473227241	0.0374166118841498	0.824371656166869	FALSE	FALSE
KLC1	chr14	103679546	103700654	+	1	alternative acceptor	0.405905632783143	0.0983360995088818	1.36336953257697	0.175738736481062	0.33978819941563	-0.0676432533407446	0.247244449122678	-0.0582720952708934	0.659364437021365	FALSE	FALSE
KLC1	chr14	103687212	103692358	+	1	alternative acceptor	0.479492533452568	0.185861490140441	3.47641331254256	0.00074535248479675	0.004912681784484	-0.0286291845219485	0.636971589795831	0.00764494072483662	1	FALSE	FALSE
KLC1	chr14	103687212	103700654	+	1	alternative acceptor	0.520507466547432	-0.185861490140441	-3.47641331254256	0.000745352484796748	0.004912681784484	0.0286291845219485	0.636971589795831	-0.00764494072483662	1	FALSE	FALSE
INF2	chr14	104714857	104715283	+	1	alternative acceptor		-0.62040596837143	-4.51538874432456	1.70090714894297e-05	0.000199475352191553	0.205805044466217	0.0383463237997526	0.105234480766893	0.686024928078753	FALSE	FALSE
INF2	chr14	104714857	104718794	+	1	alternative acceptor		0.62040596837143	4.51538874432456	1.70090714894297e-05	0.000199475352191553	-0.205805044466217	0.0383463237997526	-0.105234480766893	0.686024928078753	FALSE	FALSE
CRIP2	chr14	105479048	105479124	+	1	alternative acceptor		-0.115493633845324	-0.785155503329825	0.434182311835232	0.625428040626574	0.0136583242226964	0.983784690777205	-0.00969213478751167	1	FALSE	FALSE
""	chr14	105479048	105488165	+	0	alternative acceptor		0.115493633845324	0.785155503329824	0.434182311835233	0.625428040626574	-0.0136583242226963	0.983784690777205	0.00969213478751171	1	FALSE	FALSE
EMC4	chr15	34227847	34228428	+	1	alternative acceptor	0.750549501411492	-0.0939763721200746	-1.94530012671334	0.0544649133128542	0.136503441545333	0.025351557670289	0.62666596507753	0.00904506436697152	1	FALSE	FALSE
EMC4	chr15	34227847	34229752	+	1	alternative acceptor	0.249450498588508	0.0939763721200745	1.94530012671334	0.0544649133128542	0.136503441545333	-0.025351557670289	0.62666596507753	-0.0090450643669715	1	FALSE	FALSE
GOLGA8A	chr15	34400760	34404916	-	1	alternative acceptor	0.514018691588785	-0.0239804647862251	-0.266743338238979	0.790200085237765	0.911315866359322	-0.0125333711344726	0.947284879303955	-0.0202493311928082	1	FALSE	FALSE
""	chr15	34400760	34551137	-	0	alternative acceptor	0.485981308411215	0.0239804647862251	0.266743338238979	0.790200085237765	0.911315866359322	0.0125333711344726	0.947284879303955	0.0202493311928082	1	FALSE	FALSE
GOLGA8A	chr15	34405056	34406673	-	1	alternative acceptor		0.018935874262212	0.356790974480342	0.721985337443063	0.864298533137577	-0.0014197920943396	1	0.00253367586055357	1	FALSE	FALSE
""	chr15	34405056	34552894	-	0	alternative acceptor		-0.018935874262212	-0.356790974480342	0.721985337443063	0.864298533137577	0.0014197920943396	1	-0.00253367586055359	1	FALSE	FALSE
THBS1	chr15	39585564	39586484	+	1	alternative acceptor	0.0169443866109232	-0.138265189814249	-2.43926261091548	0.0164267355185798	0.0550237929172838	0.0180710575593102	0.800312332292369	-0.00951744709750091	1	FALSE	FALSE
THBS1	chr15	39585564	39587346	+	1	alternative acceptor	0.983055613389077	0.138265189814248	2.43926261091547	0.0164267355185802	0.0550237929172838	-0.0180710575593101	0.800312332292369	0.00951744709750096	1	FALSE	FALSE
THBS1	chr15	39588219	39588525	+	1	alternative acceptor	0.997021967311453	-0.0137321257661654	-0.864502277443659	0.389320912104616	0.584324987673345	0.00621441384480844	0.731211994371504	0.00430121622727109	1	FALSE	FALSE
THBS1	chr15	39588219	39588958	+	1	alternative acceptor	0.00297803268854691	0.0137321257661654	0.864502277443657	0.389320912104616	0.584324987673345	-0.00621441384480835	0.731211994371504	-0.00430121622727099	1	FALSE	FALSE
GPR176	chr15	39802255	39805219	-	1	alternative acceptor	0.13286680685408	0.121514704001199	1.4914336836282	0.138904059194425	0.284585967060386	-0.035256718587228	0.697539468876902	-0.014635114761666	1	FALSE	FALSE
GPR176	chr15	39802255	39807005	-	1	alternative acceptor	0.86713319314592	-0.121514704001199	-1.4914336836282	0.138904059194425	0.284585967060386	0.035256718587228	0.697539468876902	0.014635114761666	1	FALSE	FALSE
ENSG00000262560	chr15	43793084	43793686	+	1	alternative acceptor	0.00542962900827981	0.0609627575587673	2.20091215352898	0.0299750078705138	0.0873564710947877	-0.00948633004607603	0.78944915403528	0.00239367378240544	1	FALSE	FALSE
ENSG00000262560	chr15	43793084	43793709	+	1	alternative acceptor	0.99457037099172	-0.0609627575587675	-2.20091215352899	0.0299750078705131	0.0873564710947877	0.00948633004607629	0.78944915403528	-0.00239367378240517	1	FALSE	FALSE
GOLM2	chr15	44380977	44402886	+	1	alternative acceptor	0.324278985583681	-0.123724676696069	-3.12608223112719	0.00230242691288644	0.0118824794092971	0.0436208866713129	0.16287048030762	0.0240690357662941	0.800986253623328	FALSE	FALSE
GOLM2	chr15	44380977	44413335	+	1	alternative acceptor	0.675721014416319	0.123724676696069	3.1260822311272	0.00230242691288643	0.0118824794092971	-0.0436208866713129	0.16287048030762	-0.0240690357662941	0.800986253623328	FALSE	FALSE
FBN1	chr15	48432989	48434593	-	1	alternative acceptor	0.923913959416419	-0.0109860010443517	-0.402554304813277	0.688110376861112	0.836704823634123	-0.00269157229716712	0.981644904845569	-0.00565579554095931	1	FALSE	FALSE
FBN1	chr15	48432989	48498984	-	0	alternative acceptor	0.0760860405835811	0.0109860010443517	0.402554304813276	0.688110376861112	0.836704823634123	0.00269157229716711	0.981644904845569	0.00565579554095928	1	FALSE	FALSE
FBN1	chr15	48441847	48444540	-	1	alternative acceptor	0.906100106730617	0.0130017279386309	0.495742139490495	0.621132464286111	0.792782541863324	0.00943707798492464	0.765548067595019	0.0141147275065768	0.852325246216829	FALSE	FALSE
FBN1	chr15	48441847	48460245	-	0	alternative acceptor	0.0399085647580612	-0.0956199021093959	-1.99329246690688	0.0488739146026042	0.12507162043902	0.0386883685430367	0.347055250182958	0.0245087742503595	0.861425786161427	FALSE	FALSE
FBN1	chr15	48441847	48472550	-	0	alternative acceptor	0.0539913285113217	0.0235196754691261	0.761676479897938	0.447993620156787	0.639373185964428	-0.0339125817936994	0.142092756568297	-0.0349888460077348	0.376498861396169	FALSE	FALSE
FBN1	chr15	48445505	48446705	-	1	alternative acceptor	0.958359357691506	0.0374498697055016	0.87878769060219	0.381561895047792	0.578954371867799	-0.0250169628193541	0.549633883024578	-0.021308910896116	0.865330761437268	FALSE	FALSE
FBN1	chr15	48445505	48515386	-	0	alternative acceptor	0.0416406423084938	-0.0374498697055018	-0.878787690602195	0.381561895047789	0.578954371867799	0.0250169628193542	0.549633883024578	0.021308910896116	0.865330761437268	FALSE	FALSE
FBN1	chr15	48456763	48460245	-	1	alternative acceptor	0.854189911354545	-0.0398673627973503	-1.37985887089931	0.170618092598194	0.332343718743675	0.0359135974094226	0.0771345010252602	0.0337025858458726	0.347403424194094	FALSE	FALSE
FBN1	chr15	48456763	48465789	-	0	alternative acceptor	0.067171627728427	0.0370244416481796	1.0992575934967	0.274218463553184	0.464461388938033	-0.00773369422436918	0.869850214955277	-0.000887612531053948	1	FALSE	FALSE
FBN1	chr15	48456763	48472550	-	0	alternative acceptor	0.0786384609170284	0.026278472679895	0.717758468363315	0.474531005987212	0.664695202373356	-0.053426510126541	0.0253798981137403	-0.0575354738704075	0.117957131039667	FALSE	FALSE
FBN1	chr15	48464022	48465567	-	1	alternative acceptor	0.927703032447084	0.127315349301847	2.40413100226461	0.0179974942383115	0.0591967871416803	-0.0996302266830653	0.00247201683692532	-0.0897522361596614	0.0768892500279554	FALSE	FALSE
FBN1	chr15	48464022	48470633	-	0	alternative acceptor	0.0722969675529161	-0.127315349301847	-2.40413100226461	0.0179974942383115	0.0591967871416803	0.0996302266830653	0.00247201683692532	0.0897522361596615	0.0768892500279554	FALSE	FALSE
FBN1	chr15	48465694	48465789	-	1	alternative acceptor	0.90953193320175	0.0220302616841977	0.74803083660261	0.456146109197084	0.645321513052946	0.0169805325189385	0.555667810583822	0.0250916440716725	0.610373302317913	FALSE	FALSE
FBN1	chr15	48465694	48472550	-	0	alternative acceptor	0.0904680667982503	-0.0220302616841978	-0.748030836602611	0.456146109197083	0.645321513052946	-0.0169805325189385	0.555667810583822	-0.0250916440716726	0.610373302317913	FALSE	FALSE
FBN1	chr15	48474651	48481654	-	1	alternative acceptor	0.974451751158545	0.158202430247301	3.14658785070762	0.0021602094162804	0.0113904995732863	-0.113119387311825	0.00025414645910219	-0.0988467071907437	0.0410245036847029	FALSE	FALSE
FBN1	chr15	48474651	48487311	-	0	alternative acceptor	0.0255482488414551	-0.158202430247301	-3.14658785070762	0.0021602094162804	0.0113904995732863	0.113119387311824	0.00025414645910219	0.0988467071907436	0.0410245036847029	FALSE	FALSE
FBN1	chr15	48485497	48487074	-	1	alternative acceptor	0.936407864257691	-0.0305285768521058	-0.913412318668092	0.363158886351832	0.564001100674984	-0.00709486323435351	0.882259826212136	-0.0152600711147855	0.900606228927982	FALSE	FALSE
FBN1	chr15	48485497	48496099	-	0	alternative acceptor	0.063592135742309	0.0305285768521058	0.913412318668094	0.363158886351831	0.564001100674984	0.00709486323435351	0.882259826212136	0.0152600711147855	0.900606228927982	FALSE	FALSE
FAM227B	chr15	49423441	49424031	+	1	alternative acceptor	0.928164399284245	-0.0505436145942577	-0.751724794942984	0.453930862142281	0.644246169115146	0.066911926375539	0.201835417638974	0.068108708960425	0.474131077937937	FALSE	FALSE
FAM227B	chr15	49423441	49424440	+	1	alternative acceptor	0.0718356007157555	0.0505436145942577	0.751724794942984	0.453930862142281	0.644246169115146	-0.066911926375539	0.201835417638974	-0.068108708960425	0.474131077937937	FALSE	FALSE
SPPL2A	chr15	50725324	50726072	-	1	alternative acceptor	0.300074973168307	-0.0271802104156563	-0.546757681543133	0.5857277839377	0.765000074182841	-0.00437286140524297	0.985099221234231	-0.0112788619169146	1	FALSE	FALSE
SPPL2A	chr15	50725324	50726320	-	1	alternative acceptor	0.699925026831693	0.0271802104156563	0.546757681543133	0.5857277839377	0.765000074182841	0.00437286140524296	0.985099221234231	0.0112788619169146	1	FALSE	FALSE
TCF12	chr15	57263275	57273029	+	1	alternative acceptor	0.881725966569343	-0.0290926254760624	-0.379062041085794	0.705422089705776	0.852526402405509	-0.0149831854987742	0.897408344791778	-0.0243024944815325	0.983234759464368	FALSE	FALSE
TCF12	chr15	57263275	57273032	+	1	alternative acceptor	0.118274033430658	0.0290926254760624	0.379062041085794	0.705422089705776	0.852526402405509	0.0149831854987743	0.897408344791778	0.0243024944815325	0.983234759464368	FALSE	FALSE
BNIP2	chr15	59664121	59668102	-	1	alternative acceptor	0.232744415615778	0.129799298932219	2.14488114434559	0.0343134100305045	0.0948090434314122	-0.00584397306809502	0.983784690777205	0.0221357249993718	0.954354195671919	FALSE	FALSE
BNIP2	chr15	59664121	59668891	-	1	alternative acceptor	0.767255584384222	-0.129799298932219	-2.14488114434559	0.0343134100305045	0.0948090434314122	0.00584397306809501	0.983784690777205	-0.0221357249993718	0.954354195671919	FALSE	FALSE
ANXA2	chr15	60364524	60382341	-	1	alternative acceptor	0.995611444517367	0.0214878939021528	0.916905150565927	0.361334250029338	0.563456113869683	-0.0154382987460501	0.473274450179598	-0.0135135182334767	0.819671572482979	FALSE	FALSE
ANXA2	chr15	60364524	60386027	-	1	alternative acceptor	0.00438855548263274	-0.0214878939021529	-0.916905150565927	0.361334250029338	0.563456113869683	0.0154382987460502	0.473274450179598	0.0135135182334767	0.819671572482979	FALSE	FALSE
ANXA2	chr15	60386087	60390212	-	1	alternative acceptor	0.0315745074791925	-0.185193739643479	-3.19225187092664	0.00187235512838778	0.0102049355635366	0.0309889171533204	0.633580575608525	-0.00469418861073581	1	FALSE	FALSE
ANXA2	chr15	60386087	60397257	-	1	alternative acceptor	0.908319833318135	0.116274963246075	2.20422735369707	0.0297340121839559	0.0868028973713597	-0.0314238948803043	0.549957157665855	-0.0112588726775774	1	FALSE	FALSE
ANXA2	chr15	60386087	60397942	-	1	alternative acceptor	0.0601056592026729	-0.0320528020819378	-0.409382161448428	0.683109306116786	0.833604144278145	0.00684593881810741	0.985475285544642	0.000947345761809406	1	FALSE	FALSE
TPM1	chr15	63042944	63043705	+	1	alternative acceptor	0.0554368588794598	-0.439867789626654	-6.21359946115829	1.11227507791986e-08	3.63735340385141e-07	0.138213151323153	0.00709257454142865	0.0655464050195083	0.531559292179633	FALSE	FALSE
TPM1	chr15	63042944	63044026	+	1	alternative acceptor	0.94456314112054	0.439867789626654	6.21359946115829	1.11227507791986e-08	3.63735340385141e-07	-0.138213151323153	0.00709257454142865	-0.0655464050195083	0.531559292179633	FALSE	FALSE
TPM1	chr15	63060940	63061197	+	1	alternative acceptor	0.637936147682404	0.362175772060238	10.4045378727452	9.31962208052772e-18	1.6682123524145e-15	-0.090709559337251	0.00264256212424767	-0.0265577124319343	0.686024928078753	FALSE	FALSE
TPM1	chr15	63060940	63061712	+	1	alternative acceptor	0.362063852317596	-0.362175772060238	-10.4045378727452	9.31962208052792e-18	1.6682123524145e-15	0.090709559337251	0.00264256212424767	0.0265577124319343	0.686024928078753	FALSE	FALSE
TPM1	chr15	63061274	63061712	+	1	alternative acceptor	0.0252219245467581	-0.283306218155627	-7.01476637242296	2.49537713561163e-10	1.04775032570558e-08	0.0758316828573552	0.0147127373635271	0.026562037520766	0.781325204460825	FALSE	FALSE
TPM1	chr15	63061274	63062214	+	1	alternative acceptor	0.974778075453242	0.283306218155627	7.01476637242296	2.49537713561163e-10	1.04775032570558e-08	-0.0758316828573552	0.0147127373635271	-0.0265620375207659	0.781325204460825	FALSE	FALSE
TPM1	chr15	63062646	63064063	+	1	alternative acceptor	0.0292928325103635	0.182066322657605	3.20644745501717	0.00179042557011559	0.00991732469700834	-0.0444055345556865	0.397143382508671	-0.0119328740209084	1	FALSE	FALSE
TPM1	chr15	63062646	63065895	+	1	alternative acceptor	0.00909353191900852	0.221216254319379	5.39910313275138	4.31729720308019e-07	8.89886532586409e-06	-0.0190338340177645	0.718437111665739	0.0269542743374449	0.781325204460825	FALSE	FALSE
TPM1	chr15	63062646	63071089	+	1	alternative acceptor	0.961613635570628	-0.227290779159002	-4.15400818770214	6.75729088899958e-05	0.00064194263445496	0.0384730939077481	0.475628551183765	-0.00523895394516085	1	FALSE	FALSE
RPLP1	chr15	69453021	69453646	+	1	alternative acceptor	0.978631758485908	-0.246985545487994	-3.67679304563096	0.000377283863558417	0.00278944004339604	0.0152844127755469	0.880831938517892	-0.037177040717169	0.846209634779681	FALSE	FALSE
RPLP1	chr15	69453021	69455169	+	1	alternative acceptor	0.0213682415140922	0.246985545487994	3.67679304563096	0.000377283863558416	0.00278944004339604	-0.0152844127755469	0.880831938517892	0.037177040717169	0.846209634779681	FALSE	FALSE
PKM	chr15	72200656	72202453	-	1	alternative acceptor	0.870059966703531	0.33762421122028	8.35515526889891	3.24996898098059e-13	2.69588890349146e-11	-0.0613619512886952	0.0988075252476182	0.00278102789177714	1	FALSE	FALSE
PKM	chr15	72200656	72203021	-	1	alternative acceptor	0.129940033296469	-0.33762421122028	-8.35515526889891	3.24996898098059e-13	2.69588890349146e-11	0.0613619512886952	0.0988075252476182	-0.00278102789177717	1	FALSE	FALSE
ADPGK	chr15	72755655	72756250	-	1	alternative acceptor	0.501311382428816	0.00194225935277293	0.481098393853372	0.63146700844685	0.800127179664518	-0.000779422085890376	0.902840137738674	-0.000490199614456343	1	FALSE	FALSE
ADPGK	chr15	72755655	72758064	-	1	alternative acceptor	0.498688617571184	-0.00194225935277293	-0.48109839385337	0.631467008446852	0.800127179664518	0.000779422085890372	0.902840137738674	0.000490199614456338	1	FALSE	FALSE
CD276	chr15	73702594	73702771	+	1	alternative acceptor		0	0	1	1	0	1	0	1	FALSE	FALSE
CD276	chr15	73702594	73704175	+	1	alternative acceptor		0	0	1	1	0	1	0	1	FALSE	FALSE
LOXL1	chr15	73942963	73946416	+	1	alternative acceptor	0.962333248825879	-0.20188393388883	-2.61011588769728	0.0103998340052245	0.0380730198619683	0.0793266944956628	0.201606548611068	0.0489481843886064	0.790958395735541	FALSE	FALSE
LOXL1	chr15	73942963	73947066	+	0	alternative acceptor	0.0376667511741215	0.20188393388883	2.61011588769728	0.0103998340052245	0.0380730198619683	-0.0793266944956628	0.201606548611068	-0.0489481843886064	0.790958395735541	FALSE	FALSE
ETFA	chr15	76292701	76295590	-	1	alternative acceptor	0.894189232898615	-0.320048041439659	-3.83232950962049	0.00021861770079807	0.00181789437754093	0.0602996536336042	0.456930378657232	-0.000105275801142359	1	FALSE	FALSE
ETFA	chr15	76292701	76311349	-	1	alternative acceptor	0.105810767101385	0.320048041439659	3.83232950962049	0.000218617700798071	0.00181789437754093	-0.0602996536336042	0.456930378657232	0.000105275801142468	1	FALSE	FALSE
MORF4L1	chr15	78880580	78884966	+	1	alternative acceptor	0.0660757612271746	-0.041064099085614	-1.10340694938107	0.272421752343372	0.463067134130206	0.0338283229364009	0.268661481983372	0.0309591525700534	0.628787243625167	FALSE	FALSE
MORF4L1	chr15	78880580	78886140	+	1	alternative acceptor	0.933924238772825	0.041064099085614	1.10340694938107	0.272421752343372	0.463067134130206	-0.0338283229364008	0.268661481983372	-0.0309591525700534	0.628787243625167	FALSE	FALSE
SEC11A	chr15	84691645	84714730	-	1	alternative acceptor	0.161727379741648	0.142040774588963	1.34670832887582	0.18103002194539	0.345695173855291	-0.0167825653351209	0.933493501441889	0.0118926587240126	1	FALSE	FALSE
SEC11A	chr15	84691645	84716024	-	1	alternative acceptor	0.838272620258352	-0.142040774588963	-1.34670832887582	0.18103002194539	0.345695173855291	0.0167825653351209	0.933493501441889	-0.0118926587240126	1	FALSE	FALSE
MFGE8	chr15	88899533	88899655	-	1	alternative acceptor	0.872281415892121	-0.0464806490849536	-0.935867478489373	0.351530478699888	0.550186451016253	0.00248889873901922	1	-0.00745640860511881	1	FALSE	FALSE
MFGE8	chr15	88899533	88901550	-	1	alternative acceptor	0.127718584107879	0.0464806490849536	0.935867478489374	0.351530478699887	0.550186451016253	-0.00248889873901922	1	0.00745640860511882	1	FALSE	FALSE
METTL26	chr16	634798	634888	-	1	alternative acceptor	0.818259632042855	-0.0287585638402331	-0.372122019305242	0.71056651639355	0.856052682343062	-0.0653355073696833	0.306569736437153	-0.0839998022541369	0.412446173467766	FALSE	FALSE
METTL26	chr16	634798	635280	-	1	alternative acceptor	0.181740367957145	0.0287585638402331	0.372122019305241	0.71056651639355	0.856052682343062	0.0653355073696833	0.306569736437153	0.0839998022541369	0.412446173467766	FALSE	FALSE
SRRM2	chr16	2759662	2759746	+	1	alternative acceptor	0.177849347300093	0.21215523271645	2.40226392574275	0.0180845899668955	0.0593684271017486	-0.0772939967369205	0.301785183292697	-0.0442346062195631	0.865330761437268	FALSE	FALSE
SRRM2	chr16	2759662	2760300	+	1	alternative acceptor	0.822150652699907	-0.21215523271645	-2.40226392574275	0.0180845899668955	0.0593684271017486	0.0772939967369205	0.301785183292697	0.0442346062195632	0.865330761437268	FALSE	FALSE
ELOB	chr16	2772103	2775450	-	1	alternative acceptor	0.972221596161537	0.00509115353008185	0.0794519915389457	0.936827276235025	1	0.00906236727581186	0.944599360963861	0.0118980739362481	1	FALSE	FALSE
ELOB	chr16	2772103	2776992	-	1	alternative acceptor	0.0277784038384631	-0.00509115353008191	-0.0794519915389467	0.936827276235024	1	-0.00906236727581179	0.944599360963861	-0.0118980739362481	1	FALSE	FALSE
NPIPA3	chr16	14716197	14719826	+	1	alternative acceptor	0.333333333333333	6.65777103397391e-18	1.82270657767495e-15	0.999999999999999	1	-2.38296018727407e-18	1	-1.33752482465705e-18	1	FALSE	FALSE
""	chr16	14716197	14758946	+	0	alternative acceptor	0.333333333333333	6.65777103397391e-18	1.82270657767495e-15	0.999999999999999	1	-2.38296018727407e-18	1	-1.33752482465705e-18	1	FALSE	FALSE
""	chr16	14716197	14945573	+	0	alternative acceptor	0.333333333333333	6.65777103397391e-18	1.82270657767495e-15	0.999999999999999	1	-2.38296018727407e-18	1	-1.33752482465705e-18	1	FALSE	FALSE
NPIPA3	chr16	14720235	14723191	+	1	alternative acceptor	0.333333333333333	6.65777103397391e-18	1.82270657767495e-15	0.999999999999999	1	-2.38296018727407e-18	1	-1.33752482465705e-18	1	FALSE	FALSE
""	chr16	14720235	14762311	+	0	alternative acceptor	0.333333333333333	6.65777103397391e-18	1.82270657767495e-15	0.999999999999999	1	-2.38296018727407e-18	1	-1.33752482465705e-18	1	FALSE	FALSE
NOMO1	chr16	14720235	14948929	+	0	alternative acceptor	0.333333333333333	6.65777103397391e-18	1.82270657767495e-15	0.999999999999999	1	-2.38296018727407e-18	1	-1.33752482465705e-18	1	FALSE	FALSE
NPIPA3	chr16	14724524	14725019	+	1	alternative acceptor	0.318629156742385	0.225475801807031	4.8357944685035	4.6560326593329e-06	6.51652966024339e-05	-0.0909946873977823	0.00378091067385408	-0.0575147989105138	0.283277700446563	FALSE	FALSE
NOMO1	chr16	14724524	14951614	+	0	alternative acceptor	0.681370843257615	-0.225475801807031	-4.8357944685035	4.65603265933293e-06	6.51652966024339e-05	0.0909946873977823	0.00378091067385408	0.0575147989105138	0.283277700446563	FALSE	FALSE
NPIPA2	chr16	14755321	14758946	+	1	alternative acceptor	0.5	0	0	1	1	0	1	0	1	FALSE	FALSE
NOMO1	chr16	14755321	14945573	+	0	alternative acceptor	0.5	0	0	1	1	0	1	0	1	FALSE	FALSE
NPIPA2	chr16	14759355	14762311	+	1	alternative acceptor	0.5	0	0	1	1	0	1	0	1	FALSE	FALSE
NOMO1	chr16	14759355	14948929	+	0	alternative acceptor	0.5	0	0	1	1	0	1	0	1	FALSE	FALSE
NPIPA2	chr16	14763644	14764139	+	1	alternative acceptor	0.318629156742385	0.225475801807031	4.8357944685035	4.6560326593329e-06	6.51652966024339e-05	-0.0909946873977823	0.00378091067385408	-0.0575147989105138	0.283277700446563	FALSE	FALSE
NOMO1	chr16	14763644	14951614	+	0	alternative acceptor	0.681370843257615	-0.225475801807031	-4.8357944685035	4.65603265933293e-06	6.51652966024339e-05	0.0909946873977823	0.00378091067385408	0.0575147989105138	0.283277700446563	FALSE	FALSE
NPIPA1	chr16	14935398	14937373	+	1	alternative acceptor	0.337305883153733	0.0599671452021573	0.871136987630072	0.385705275238617	0.581725546066663	-0.0509639608654371	0.404856144971538	-0.0470665095193353	0.763742089132858	FALSE	FALSE
NPIPA1	chr16	14935398	14937564	+	1	alternative acceptor	0.247039773600938	-0.110530712972813	-1.38110200985993	0.170236690362076	0.331790821731473	0.0427294103505052	0.610857004415287	0.02596602170303	0.982438621677276	FALSE	FALSE
NPIPA1	chr16	14935398	14941811	+	1	alternative acceptor	0.415654343245329	0.0176544745873692	0.312589791081117	0.755224327607006	0.890705006365513	0.0216945400582413	0.736942848901488	0.0297074319410787	0.855196191594143	FALSE	FALSE
NPIPA1	chr16	14950256	14950751	+	1	alternative acceptor	0.318629156742385	0.225475801807031	4.8357944685035	4.6560326593329e-06	6.51652966024339e-05	-0.0909946873977823	0.00378091067385408	-0.0575147989105138	0.283277700446563	FALSE	FALSE
NPIPA1	chr16	14950256	14951614	+	1	alternative acceptor	0.681370843257615	-0.225475801807031	-4.8357944685035	4.65603265933293e-06	6.51652966024339e-05	0.0909946873977823	0.00378091067385408	0.0575147989105138	0.283277700446563	FALSE	FALSE
PDXDC1	chr16	15106321	15107329	-	1	alternative acceptor	0.528141225337487	-0.0943109857406945	-0.971078332129104	0.333784173227948	0.530884918919877	0.0180339940738528	0.906693940140717	0.000283597669788771	1	FALSE	FALSE
""	chr16	15106321	15366652	-	0	alternative acceptor	0.471858774662513	0.0943109857406945	0.971078332129104	0.333784173227948	0.530884918919877	-0.0180339940738528	0.906693940140717	-0.000283597669788796	1	FALSE	FALSE
PDXDC1	chr16	15119055	15125690	-	1	alternative acceptor	0.426965766876625	0.22976189724102	2.2955000452275	0.0237310586808308	0.0725540104231455	-0.0706403194904341	0.445515107856151	-0.0323925599337633	0.982438621677276	FALSE	FALSE
""	chr16	15119055	15378086	-	0	alternative acceptor	0.573034233123375	-0.22976189724102	-2.2955000452275	0.0237310586808309	0.0725540104231455	0.0706403194904341	0.445515107856151	0.0323925599337633	0.982438621677276	FALSE	FALSE
NPIPA5	chr16	15364070	15364862	-	1	alternative acceptor	0.213344858577214	0.218343083189773	3.3870849606314	0.00100136882035949	0.00614739234303723	-0.0942780761118461	0.0353763991457753	-0.063010052760899	0.48353713966026	FALSE	FALSE
NPIPA5	chr16	15364070	15365428	-	1	alternative acceptor	0.786655141422787	-0.218343083189773	-3.38708496063141	0.00100136882035949	0.00614739234303723	0.0942780761118461	0.0353763991457753	0.063010052760899	0.48353713966026	FALSE	FALSE
ENSG00000183889	chr16	16323290	16323751	+	1	alternative acceptor	0.131618349834942	0.0711299225361484	0.733252350533105	0.465070133315277	0.654663411300015	-0.0171927959484296	0.918835444758079	-0.00447721904609187	1	FALSE	FALSE
ENSG00000183889	chr16	16323290	16324383	+	1	alternative acceptor	0.434190825082529	0.00205395334821769	0.121160936181131	0.903799615748709	0.985939725420874	0.00206718139477364	0.960291504975306	0.00291395835670632	1	FALSE	FALSE
ENSG00000183889	chr16	16323290	16368671	+	0	alternative acceptor	0.434190825082529	0.00205395334821769	0.121160936181131	0.903799615748709	0.985939725420874	0.00206718139477364	0.960291504975306	0.00291395835670632	1	FALSE	FALSE
ENSG00000183889	chr16	16329561	16331057	+	1	alternative acceptor		0.0276336205693878	2.80982594388025	0.00594294696309224	0.0254879730409542	-0.00424456860157807	0.710132090145602	0.00114339676615112	1	FALSE	FALSE
""	chr16	16329561	16374350	+	0	alternative acceptor		-0.0276336205693878	-2.80982594388025	0.00594294696309221	0.0254879730409542	0.00424456860157809	0.710132090145602	-0.00114339676615112	1	FALSE	FALSE
ENSG00000183889	chr16	16333885	16335860	+	1	alternative acceptor	0.170318332219337	0.0426203502529541	0.771928166189069	0.441924468394679	0.632037475614089	-0.0403719789916505	0.412399509386792	-0.0383784070585285	0.756229725281231	FALSE	FALSE
ENSG00000183889	chr16	16333885	16336051	+	1	alternative acceptor	0.116877492822352	-0.051393571887418	-0.850286177560729	0.397138231236452	0.590687794996795	0.0209772345706469	0.781474063744412	0.0133902711470264	1	FALSE	FALSE
ENSG00000183889	chr16	16333885	16340305	+	1	alternative acceptor	0.208792411701729	0.0101907205796837	0.259607983063454	0.795684368256123	0.913921829260072	0.0148907717916227	0.740107644775459	0.0199590664039746	0.86229873788958	FALSE	FALSE
""	chr16	16333885	16379175	+	0	alternative acceptor	0.170021705005225	0.0427168305582093	0.774036150512916	0.440682454704846	0.63132309538803	-0.0396317169133507	0.421773183872124	-0.0374780481974459	0.763742089132858	FALSE	FALSE
""	chr16	16333885	16379366	+	0	alternative acceptor	0.125197646549627	-0.0941347721097294	-1.37909728788945	0.170852071307898	0.332608983696716	0.0360628164131498	0.619855989744651	0.0217246846243442	0.983234759464368	FALSE	FALSE
""	chr16	16333885	16383663	+	0	alternative acceptor	0.208792411701729	0.0101907205796837	0.259607983063454	0.795684368256123	0.913921829260072	0.0148907717916227	0.740107644775459	0.0199590664039746	0.86229873788958	FALSE	FALSE
ENSG00000183889	chr16	16336138	16340305	+	1	alternative acceptor	0.5000481741979	-0.000255265362629865	-0.0697707818877489	0.944511382465391	1	-8.55654028903495e-05	1	-0.000158748182868183	1	FALSE	FALSE
""	chr16	16336138	16383663	+	0	alternative acceptor	0.4999518258021	0.000255265362629865	0.0697707818877488	0.944511382465391	1	8.55654028903495e-05	1	0.000158748182868183	1	FALSE	FALSE
ENSG00000183889	chr16	16347511	16348526	+	1	alternative acceptor	0.500103842159917	0.000427899339812388	0.116266739642507	0.907667533164586	0.985939725420874	-2.36276303623353e-06	1	9.30378565169151e-05	1	FALSE	FALSE
""	chr16	16347511	16391890	+	0	alternative acceptor	0.499896157840083	-0.00042789933981239	-0.116266739642507	0.907667533164585	0.985939725420874	2.36276303623357e-06	1	-9.30378565169156e-05	1	FALSE	FALSE
ENSG00000183889	chr16	16348733	16349228	+	1	alternative acceptor	0.194569746715703	0.225475801807031	4.83579446850349	4.65603265933297e-06	6.51652966024339e-05	-0.0909946873977823	0.00378091067385408	-0.0575147989105138	0.283277700446563	FALSE	FALSE
ENSG00000183889	chr16	16348733	16350091	+	1	alternative acceptor	0.402715126642149	-0.0756018807565361	-4.8837224284023	3.82423087664876e-06	5.70447772433441e-05	0.0326729375749752	0.00147677948473481	0.0218517067609301	0.181411588405581	FALSE	FALSE
""	chr16	16348733	16393455	+	0	alternative acceptor	0.402715126642149	-0.0756018807565361	-4.8837224284023	3.82423087664876e-06	5.70447772433441e-05	0.0326729375749752	0.00147677948473481	0.0218517067609301	0.181411588405581	FALSE	FALSE
NPIPA7	chr16	16392097	16392592	+	1	alternative acceptor	0.318629156742385	0.225475801807031	4.8357944685035	4.6560326593329e-06	6.51652966024339e-05	-0.0909946873977823	0.00378091067385408	-0.0575147989105138	0.283277700446563	FALSE	FALSE
NPIPA7	chr16	16392097	16393455	+	1	alternative acceptor	0.681370843257615	-0.225475801807031	-4.8357944685035	4.65603265933293e-06	6.51652966024339e-05	0.0909946873977823	0.00378091067385408	0.0575147989105138	0.283277700446563	FALSE	FALSE
NPIPA8	chr16	18318436	18319228	-	1	alternative acceptor	0.123028307812316	0.218343083189773	3.3870849606314	0.00100136882035949	0.00614739234303723	-0.094278076111846	0.0353763991457753	-0.063010052760899	0.48353713966026	FALSE	FALSE
NPIPA8	chr16	18318436	18319794	-	1	alternative acceptor	0.438485846093842	-0.0478119147620185	-3.66446638343306	0.000393707880659519	0.00287339163545713	0.0200813591578431	0.0262664236271228	0.0131290313569585	0.474131077937937	FALSE	FALSE
""	chr16	18318436	18359947	-	1	alternative acceptor	0.438485846093842	-0.0478119147620185	-3.66446638343306	0.000393707880659519	0.00287339163545713	0.0200813591578431	0.0262664236271228	0.0131290313569585	0.474131077937937	FALSE	FALSE
NPIPA8	chr16	18320001	18321016	-	1	alternative acceptor	0.500103842159917	0.000427899339812388	0.116266739642507	0.907667533164586	0.985939725420874	-2.36276303623353e-06	1	9.30378565169151e-05	1	FALSE	FALSE
""	chr16	18320001	18361169	-	0	alternative acceptor	0.499896157840083	-0.00042789933981239	-0.116266739642507	0.907667533164585	0.985939725420874	2.36276303623357e-06	1	-9.30378565169156e-05	1	FALSE	FALSE
NPIPA8	chr16	18328243	18334850	-	1	alternative acceptor	0.223739003065888	0.141137889330155	1.86400449003908	0.0651690215355601	0.157863135500313	-0.0304932221078502	0.726933980894644	-0.00458519187284511	1	FALSE	FALSE
""	chr16	18328243	18372577	-	0	alternative acceptor	0.405944084189158	-0.0586252386533231	-1.03125339775323	0.304837452169702	0.502545891822179	0.0190503552376809	0.78944915403528	0.00948313689507155	1	FALSE	FALSE
""	chr16	18328243	18374831	-	0	alternative acceptor	0.260141430348279	0.0152568135220145	0.30085461334486	0.764131821999555	0.892824794415407	-0.0267700120455038	0.612453637029935	-0.0283608083192086	0.841495171097215	FALSE	FALSE
""	chr16	18328243	18374952	-	0	alternative acceptor	0.110175482396675	-0.025930249281311	-0.298380912502038	0.766013558799183	0.893295693252114	0.0403581950074276	0.676010069228796	0.0421003613258173	0.875851163913888	FALSE	FALSE
""	chr16	18337557	18339047	-	1	alternative acceptor		0.00026466836257852	0.0719456045220862	0.942786080323872	1	-0.000149835854186936	1	-0.000118641085105405	1	FALSE	FALSE
NPIPA9	chr16	18337557	18379154	-	0	alternative acceptor		-0.000264668362578518	-0.0719456045220856	0.942786080323872	1	0.000149835854186932	1	0.000118641085105401	1	FALSE	FALSE
NPIPA9	chr16	18358589	18359381	-	1	alternative acceptor	0.213344858577214	0.218343083189773	3.3870849606314	0.00100136882035949	0.00614739234303723	-0.0942780761118461	0.0353763991457753	-0.063010052760899	0.48353713966026	FALSE	FALSE
NPIPA9	chr16	18358589	18359947	-	1	alternative acceptor	0.786655141422787	-0.218343083189773	-3.38708496063141	0.00100136882035949	0.00614739234303723	0.0942780761118461	0.0353763991457753	0.063010052760899	0.48353713966026	FALSE	FALSE
NPIPA9	chr16	18368387	18372577	-	1	alternative acceptor	0.516090277209596	-0.030679572190296	-0.571758004234481	0.568731601809035	0.751229067483846	0.0166898642407268	0.800312332292369	0.0129404344498262	1	FALSE	FALSE
NPIPA9	chr16	18368387	18374831	-	1	alternative acceptor	0.333137248916722	0.0428352434847679	0.85540873072968	0.394310373416258	0.589214149707794	-0.034118056285753	0.454738786718127	-0.0309063804966395	0.790958395735541	FALSE	FALSE
NPIPA9	chr16	18368387	18374952	-	1	alternative acceptor	0.150772473873681	-0.00553074524836505	-0.0558454465671236	0.955573115853365	1	0.0394684072012528	0.724659214924882	0.0456132779869391	0.894056176820071	FALSE	FALSE
""	chr16	18380065	18380359	-	1	alternative acceptor		-0.0787331763017295	-0.632025539161608	0.528812504788303	0.717101805735655	0.058947356205558	0.664166203999123	0.0524195197354543	0.91701834432199	FALSE	FALSE
""	chr16	18380065	18380516	-	1	alternative acceptor		0.0787331763017293	0.632025539161607	0.528812504788304	0.717101805735655	-0.058947356205558	0.664166203999123	-0.0524195197354543	0.91701834432199	FALSE	FALSE
NOMO2	chr16	18418485	18424273	-	1	alternative acceptor	0.5	0	0	1	1	0	1	0	1	FALSE	FALSE
NOMO2	chr16	18418485	18506872	-	0	alternative acceptor	0.5	0	0	1	1	0	1	0	1	FALSE	FALSE
NOMO2	chr16	18424394	18426629	-	1	alternative acceptor	0.5	0	0	1	1	0	1	0	1	FALSE	FALSE
NOMO2	chr16	18424394	18509165	-	0	alternative acceptor	0.5	0	0	1	1	0	1	0	1	FALSE	FALSE
NOMO2	chr16	18426732	18429009	-	1	alternative acceptor	0.500105178327521	0.000305555905036352	0.0832932346605623	0.933780042672873	1	-0.000165504695346117	1	-0.000128027319885991	1	FALSE	FALSE
NOMO2	chr16	18426732	18511545	-	0	alternative acceptor	0.499894821672479	-0.000305555905036352	-0.0832932346605623	0.933780042672873	1	0.000165504695346117	1	0.000128027319885991	1	FALSE	FALSE
NOMO2	chr16	18429121	18430814	-	1	alternative acceptor	0.5	0	0	1	1	0	1	0	1	FALSE	FALSE
NOMO2	chr16	18429121	18513349	-	0	alternative acceptor	0.5	0	0	1	1	0	1	0	1	FALSE	FALSE
NOMO2	chr16	18431949	18433347	-	1	alternative acceptor	0.5	0	0	1	1	0	1	0	1	FALSE	FALSE
NOMO2	chr16	18431949	18515882	-	0	alternative acceptor	0.5	0	0	1	1	0	1	0	1	FALSE	FALSE
NOMO2	chr16	18433476	18434653	-	1	alternative acceptor	0.500011595438251	-3.51603752616174e-05	-0.00962544791536161	0.992338740973296	1	3.46051027821301e-07	1	-7.46457479461389e-06	1	FALSE	FALSE
NOMO2	chr16	18433476	18517188	-	0	alternative acceptor	0.499988404561749	3.51603752616199e-05	0.00962544791536231	0.992338740973295	1	-3.46051027820827e-07	1	7.46457479461501e-06	1	FALSE	FALSE
RPS15A	chr16	18784824	18786239	-	1	alternative acceptor	0.00944455504897065	0.0608435124302043	1.46277685877405	0.146573215992358	0.297077179731829	-0.00554585014344572	0.95197078235111	0.00704462167347513	1	FALSE	FALSE
RPS15A	chr16	18784824	18788062	-	1	alternative acceptor	0.990555444951029	-0.0608435124302046	-1.46277685877406	0.146573215992356	0.297077179731829	0.00554585014344588	0.95197078235111	-0.00704462167347499	1	FALSE	FALSE
METTL9	chr16	21625116	21655226	+	1	alternative acceptor	0.60445730462187	0.0383375093745924	1.5885372036293	0.115229955899872	0.245703498442298	-0.0222553476139998	0.266514004109091	-0.0178318411558927	0.719163563139003	FALSE	FALSE
METTL9	chr16	21625116	21655229	+	1	alternative acceptor	0.39554269537813	-0.0383375093745924	-1.5885372036293	0.115229955899872	0.245703498442298	0.0222553476139998	0.266514004109091	0.0178318411558927	0.719163563139003	FALSE	FALSE
NPIPB11	chr16	29384290	29385649	-	1	alternative acceptor	0.5	0	0	1	1	0	1	0	1	FALSE	FALSE
""	chr16	29384290	29487193	-	0	alternative acceptor	0.5	0	0	1	1	0	1	0	1	FALSE	FALSE
BOLA2-SMG1P6	chr16	29444500	29446801	-	1	alternative acceptor	0.517034506918127	-0.0492441977370025	-1.75564778763849	0.0821213908965238	0.189939777543162	-0.0221522188263159	0.360809432644158	-0.0373263274412949	0.221305034675428	FALSE	FALSE
NPIPB12	chr16	29444500	29548537	-	0	alternative acceptor	0.482965493081873	0.0492441977370025	1.75564778763849	0.0821213908965239	0.189939777543162	0.0221522188263159	0.360809432644158	0.0373263274412948	0.221305034675428	FALSE	FALSE
MAZ	chr16	29808742	29809539	+	1	alternative acceptor	0.37948222525051	-0.0377422505816986	-0.737704155466006	0.462371581230594	0.652073309501671	0.029289230568839	0.560312785880035	0.0263149371810574	0.86095732319391	FALSE	FALSE
MAZ	chr16	29808742	29810076	+	1	alternative acceptor	0.62051777474949	0.0377422505816987	0.737704155466007	0.462371581230593	0.652073309501671	-0.029289230568839	0.560312785880035	-0.0263149371810574	0.86095732319391	FALSE	FALSE
INO80E	chr16	30001041	30001211	+	1	alternative acceptor		-0.351829611784586	-2.62803042978618	0.009914096858887	0.0371341887853245	0.0754418842319006	0.587711185288269	0.0113893266956601	1	FALSE	FALSE
INO80E	chr16	30001041	30001413	+	1	alternative acceptor		0.255675246144253	2.14770219054991	0.0341057997644346	0.0946116027723018	-0.0848571264515198	0.435559528965515	-0.0438684260532728	0.952200057742632	FALSE	FALSE
INO80E	chr16	30001041	30005220	+	1	alternative acceptor		0.179911283902829	1.5560983767348	0.122782128353827	0.259367713373519	0.00562278527445388	1	0.0465570708619995	0.925794517878951	FALSE	FALSE
MAPK3	chr16	30114709	30115594	-	1	alternative acceptor		-0.160339291958363	-1.71558394196209	0.0892743510296454	0.201728354461769	0.0522907955930721	0.583863984913074	0.0261305007983947	1	FALSE	FALSE
MAPK3	chr16	30114709	30116635	-	1	alternative acceptor		0.160339291958363	1.71558394196209	0.0892743510296454	0.201728354461769	-0.0522907955930721	0.583863984913074	-0.0261305007983947	1	FALSE	FALSE
ENSG00000255439	chr16	31091343	31092782	-	1	alternative acceptor	0.0348397039279382	0.201144209204844	2.43969250601285	0.0164082959786824	0.0550237929172838	-0.00152777969666081	1	0.0432395072606727	0.8557441766956	FALSE	FALSE
ENSG00000255439	chr16	31091343	31093311	-	1	alternative acceptor	0.912673385759402	-0.363179214982058	-4.93871376879469	3.04720316187749e-06	4.77582394172596e-05	0.0282654179347087	0.781561947430342	-0.0477931077085423	0.790072509883377	FALSE	FALSE
ENSG00000255439	chr16	31091343	31094556	-	1	alternative acceptor	0.0524869103126595	0.513695481196106	7.0666258227962	1.94107052131919e-10	8.92105519325212e-09	-0.0637354644460438	0.418553547379619	0.0394006443325801	0.851693937237774	FALSE	FALSE
FUS	chr16	31182665	31183857	+	1	alternative acceptor	0.691590040368457	0.0463510548672311	2.25693319496879	0.0261235801040046	0.0792562854002852	-0.0189757998523049	0.269230684263363	-0.0121438556170826	0.801020692772742	TRUE	FALSE
FUS	chr16	31182665	31183860	+	1	alternative acceptor	0.308409959631543	-0.0463510548672311	-2.25693319496879	0.0261235801040046	0.0792562854002852	0.0189757998523049	0.269230684263363	0.0121438556170826	0.801020692772742	TRUE	FALSE
MT2A	chr16	56609058	56609262	+	1	alternative acceptor	0.714368119713954	-0.0251798737738893	-1.01100515201049	0.314383080271838	0.511898097949273	0.00740264223733029	0.816324284430447	0.00314762266140391	1	FALSE	FALSE
""	chr16	56609058	56618588	+	0	alternative acceptor	0.285631880286046	0.0251798737738893	1.01100515201049	0.314383080271837	0.511898097949273	-0.0074026422373303	0.816324284430447	-0.00314762266140392	1	FALSE	FALSE
""	chr16	56618245	56618588	+	1	alternative acceptor		0.150941902998859	1.261555139497	0.210014758878997	0.386013696086633	-0.00864105007531325	0.999029178587114	0.0233565376646036	1	FALSE	FALSE
""	chr16	56618245	56626879	+	0	alternative acceptor		-0.178951283881384	-1.06763434442611	0.288230715797651	0.481469874473384	0.0120963922690325	0.999029178587114	-0.0254939808161684	1	FALSE	FALSE
MT1E	chr16	56618245	56633750	+	0	alternative acceptor		0.331575288100402	2.65153119177047	0.00930495916228009	0.0354777646983347	-0.0798618750382787	0.508142560829031	-0.0209082271080317	1	FALSE	FALSE
MT1E	chr16	56625880	56626465	+	1	alternative acceptor	0.5	0	0	1	1	0	1	0	1	FALSE	FALSE
""	chr16	56625880	56636438	+	0	alternative acceptor	0.5	0	0	1	1	0	1	0	1	FALSE	FALSE
CKLF	chr16	66552794	66558189	+	1	alternative acceptor	0.495701480531662	-0.0020917152407942	-0.0418560921687301	0.966694448985604	1	-0.0708505790324492	0.0303098965119144	-0.0845736727709615	0.0768892500279554	FALSE	FALSE
CKLF	chr16	66552794	66563121	+	1	alternative acceptor	0.504298519468338	0.00209171524079416	0.0418560921687293	0.966694448985605	1	0.0708505790324492	0.0303098965119144	0.0845736727709615	0.0768892500279554	FALSE	FALSE
NQO1	chr16	69711282	69713027	-	1	alternative acceptor	0.940684923400312	-0.101922500913691	-1.09234383784729	0.277230398663635	0.467387782836635	0.038227074929144	0.721739381695252	0.0225495009591125	1	FALSE	FALSE
NQO1	chr16	69711282	69714963	-	1	alternative acceptor	0.0593150765996882	0.101922500913691	1.09234383784729	0.277230398663634	0.467387782836635	-0.038227074929144	0.721739381695252	-0.0225495009591126	1	FALSE	FALSE
NQO1	chr16	69713130	69714963	-	1	alternative acceptor	0.860330944489812	-0.195828986901726	-2.6996678762527	0.00811462687247707	0.0324257155619484	0.0698852563290691	0.245649617166917	0.039096672830479	0.852325246216829	FALSE	FALSE
NQO1	chr16	69713130	69718122	-	1	alternative acceptor	0.139669055510188	0.195828986901726	2.6996678762527	0.00811462687247707	0.0324257155619484	-0.0698852563290691	0.245649617166917	-0.039096672830479	0.852325246216829	FALSE	FALSE
DDX19B	chr16	70325689	70329291	+	1	alternative acceptor	0.505278929855019	-0.0533668987896072	-0.998530480830227	0.320362261607311	0.518834310345936	0.0128338474418817	0.863205297776067	0.00328144183500677	1	FALSE	FALSE
ENSG00000260537	chr16	70325689	70366084	+	1	alternative acceptor	0.494721070144981	0.0533668987896072	0.998530480830227	0.320362261607311	0.518834310345936	-0.0128338474418817	0.863205297776067	-0.00328144183500677	1	FALSE	FALSE
DDX19B	chr16	70330069	70331721	+	1	alternative acceptor		0	0	1	1	0	1	0	1	FALSE	FALSE
ENSG00000260537	chr16	70330069	70370222	+	0	alternative acceptor		0	0	1	1	0	1	0	1	FALSE	FALSE
DDX19B	chr16	70331885	70332967	+	1	alternative acceptor		-0.000360590414132649	-0.0971844029376983	0.922770659961731	0.996932342607957	0.000291651135472748	0.995121891220669	0.00026325533053991	1	FALSE	FALSE
ENSG00000260537	chr16	70331885	70371371	+	0	alternative acceptor		0.000360590414132651	0.0971844029376988	0.922770659961731	0.996932342607957	-0.00029165113547275	0.995121891220669	-0.000263255330539912	1	FALSE	FALSE
KARS1	chr16	75641724	75644282	-	1	alternative acceptor	0.263935731978272	-0.00520606811493034	-0.0407574355518427	0.967568172092441	1	0.0137037173906477	0.973039865376012	0.0151013047006872	1	FALSE	FALSE
KARS1	chr16	75641724	75647577	-	1	alternative acceptor	0.736064268021728	0.00520606811493034	0.0407574355518427	0.967568172092441	1	-0.0137037173906477	0.973039865376012	-0.0151013047006872	1	FALSE	FALSE
ENSG00000286221	chr16	80976180	80980769	-	1	alternative acceptor	0.344528129980333	0.0523006651382199	0.676733194525562	0.500092217153925	0.690826007530665	-0.0250014778690555	0.796459516275949	-0.01796418728251	1	FALSE	FALSE
ENSG00000286221	chr16	80976180	80981805	-	1	alternative acceptor	0.655471870019667	-0.0523006651382199	-0.676733194525562	0.500092217153925	0.690826007530665	0.0250014778690555	0.796459516275949	0.01796418728251	1	FALSE	FALSE
ZDHHC7	chr16	84981995	84988762	-	1	alternative acceptor	0.411174994306738	-0.172648837748066	-3.62334463968996	0.000453537271564837	0.00322020931230066	0.0674714530174781	0.0449656962459761	0.0414232844947474	0.593770447481842	FALSE	FALSE
ZDHHC7	chr16	84981995	84990303	-	1	alternative acceptor	0.588825005693262	0.172648837748066	3.62334463968996	0.000453537271564838	0.00322020931230066	-0.0674714530174782	0.0449656962459761	-0.0414232844947474	0.593770447481842	FALSE	FALSE
EMC8	chr16	85779868	85780378	-	1	alternative acceptor	0.720604369880692	0.112876001394601	2.24882542545628	0.026652655594492	0.0805201343796394	-0.0540859873809159	0.16287048030762	-0.038921856889967	0.685750082706529	FALSE	FALSE
EMC8	chr16	85779868	85781210	-	1	alternative acceptor	0.279395630119308	-0.112876001394601	-2.24882542545628	0.026652655594492	0.0805201343796394	0.054085987380916	0.16287048030762	0.038921856889967	0.685750082706529	FALSE	FALSE
TRAPPC2L	chr16	88859973	88860910	+	1	alternative acceptor	0.352330637661186	0.0594102530772849	1.85280425343575	0.0667733811578565	0.160605565288451	0.00594446917516431	0.909679553713324	0.0203634993780247	0.790958395735541	FALSE	FALSE
TRAPPC2L	chr16	88859973	88860913	+	1	alternative acceptor	0.647669362338814	-0.0594102530772849	-1.85280425343575	0.0667733811578565	0.160605565288451	-0.0059444691751643	0.909679553713324	-0.0203634993780247	0.790958395735541	FALSE	FALSE
TCF25	chr16	89907323	89908965	+	1	alternative acceptor	0.0884970621633086	0.096074884903491	1.2365723241732	0.219058140051022	0.396847567381992	-0.0415802412729866	0.607775943939684	-0.027839743770229	0.96580989741943	FALSE	FALSE
TCF25	chr16	89907323	89910590	+	1	alternative acceptor	0.911502937836691	-0.0960748849034912	-1.2365723241732	0.219058140051021	0.396847567381992	0.0415802412729867	0.607775943939684	0.0278397437702291	0.96580989741943	FALSE	FALSE
ABR	chr17	1006170	1006774	-	1	alternative acceptor	0.132647410928661	0.00469918186444014	0.272106615174504	0.786084746413795	0.908109450595556	-0.00262401577954114	0.938841245504339	-0.00206236940448025	1	FALSE	FALSE
ABR	chr17	1006170	1006839	-	0	alternative acceptor	0.132647410928661	0.00469918186444014	0.272106615174504	0.786084746413795	0.908109450595556	-0.00262401577954114	0.938841245504339	-0.00206236940448025	1	FALSE	FALSE
ABR	chr17	1006170	1006904	-	0	alternative acceptor	0.132647410928661	0.00469918186444014	0.272106615174504	0.786084746413795	0.908109450595556	-0.00262401577954114	0.938841245504339	-0.00206236940448025	1	FALSE	FALSE
ABR	chr17	1006170	1007034	-	0	alternative acceptor	0.132647410928661	0.00469918186444014	0.272106615174504	0.786084746413795	0.908109450595556	-0.00262401577954114	0.938841245504339	-0.00206236940448025	1	FALSE	FALSE
ABR	chr17	1006170	1007099	-	0	alternative acceptor	0.132647410928661	0.00469918186444014	0.272106615174504	0.786084746413795	0.908109450595556	-0.00262401577954114	0.938841245504339	-0.00206236940448025	1	FALSE	FALSE
ABR	chr17	1006170	1007164	-	1	alternative acceptor	0.336762945356696	0.00307734592825414	0.0744625926835851	0.940786729793369	1	0.00204192368499583	1	0.00311319913249317	1	FALSE	FALSE
YWHAE	chr17	1365059	1369708	-	1	alternative acceptor	0.0266984383188677	-0.0939974443582356	-1.69616397433142	0.0928753236783062	0.20780853673021	0.0451601311369114	0.340592506464797	0.0325546657908514	0.801799079502949	FALSE	FALSE
YWHAE	chr17	1365059	1400046	-	1	alternative acceptor	0.973301561681132	0.0939974443582356	1.69616397433142	0.0928753236783062	0.20780853673021	-0.0451601311369114	0.340592506464797	-0.0325546657908514	0.801799079502949	FALSE	FALSE
CRK	chr17	1423651	1436619	-	1	alternative acceptor	0.38606426486887	-0.00148217422968534	-0.046027980777205	0.963377070691747	1	0.0278361860739991	0.297142398214828	0.0327117399513191	0.474131077937937	FALSE	FALSE
CRK	chr17	1423651	1436789	-	1	alternative acceptor	0.61393573513113	0.00148217422968537	0.046027980777206	0.963377070691746	1	-0.0278361860739991	0.297142398214828	-0.0327117399513191	0.474131077937937	FALSE	FALSE
RNASEK-C17orf49	chr17	7017015	7017256	+	1	alternative acceptor	0.317061213892977	0.0458137557053461	0.795893516350938	0.427924399345777	0.619043335676302	-0.016347756927198	0.828904795915588	-0.00914451020358376	1	FALSE	FALSE
RNASEK-C17orf49	chr17	7017015	7017260	+	1	alternative acceptor	0.682938786107023	-0.0458137557053461	-0.795893516350938	0.427924399345777	0.619043335676302	0.0163477569271981	0.828904795915588	0.00914451020358376	1	FALSE	FALSE
ACADVL	chr17	7224394	7224479	+	1	alternative acceptor		0.107242749351291	1.65222609837154	0.101563656250583	0.223808847540694	0.0395930310917165	0.529513983860285	0.0709836627357045	0.409302684141482	FALSE	FALSE
ACADVL	chr17	7224394	7224483	+	1	alternative acceptor		-0.107242749351291	-1.65222609837154	0.101563656250582	0.223808847540694	-0.0395930310917164	0.529513983860285	-0.0709836627357044	0.409302684141482	FALSE	FALSE
NAA38	chr17	7856844	7856984	-	1	alternative acceptor	0.111948978999719	0.160373112722568	2.16116587974246	0.0329996107993163	0.0935263969403956	-0.0172149968676427	0.8705043106488	0.0154854806894538	1	FALSE	FALSE
NAA38	chr17	7856844	7857014	-	1	alternative acceptor	0.888051021000281	-0.160373112722568	-2.16116587974246	0.0329996107993163	0.0935263969403956	0.0172149968676428	0.8705043106488	-0.0154854806894537	1	FALSE	FALSE
NAA38	chr17	7857199	7857382	-	1	alternative acceptor	0.676927595022549	0.473505226943524	5.60469255200982	1.7536376257453e-07	4.05722555453045e-06	-0.0653023892760098	0.455741087970464	0.0285386052069457	0.97654520506004	FALSE	FALSE
NAA38	chr17	7857199	7883234	-	1	alternative acceptor	0.323072404977451	-0.473505226943524	-5.60469255200982	1.7536376257453e-07	4.05722555453045e-06	0.0653023892760098	0.455741087970464	-0.0285386052069457	0.97654520506004	FALSE	FALSE
CHD3	chr17	7907489	7907600	+	1	alternative acceptor	0.738328026719821	0.189913090341553	3.67308163368166	0.000382159301362425	0.00281325494357924	-0.076151298641278	0.0354988066905027	-0.047860020302533	0.531559292179633	FALSE	FALSE
CHD3	chr17	7907489	7907893	+	1	alternative acceptor	0.261671973280179	-0.189913090341553	-3.67308163368166	0.000382159301362423	0.00281325494357924	0.076151298641278	0.0354988066905027	0.0478600203025331	0.531559292179633	FALSE	FALSE
""	chr17	16439415	16439527	+	1	alternative acceptor	0.108522522613631	0.127411343110045	2.23549410312592	0.027543020387002	0.0821578528415449	-0.0409109081494762	0.434908691936285	-0.0200263253620314	0.967495893884277	FALSE	FALSE
""	chr17	16439415	16439580	+	1	alternative acceptor	0.0944972812348037	-0.0605085912743559	-1.46191628700916	0.146808507093325	0.29737685087814	-0.0232591096305285	0.579324532788681	-0.0411633379720263	0.480250258115278	FALSE	FALSE
""	chr17	16439415	16439659	+	1	alternative acceptor	0.0813736687703242	-0.0793348154326278	-2.3279469710715	0.021869804035419	0.068094409010977	0.0357302333432889	0.183986433665629	0.0246448372856019	0.728221025506894	FALSE	FALSE
""	chr17	16439415	16440058	+	0	alternative acceptor	0.0213338118696239	-0.0914281981194165	-1.36103313471803	0.176473597849578	0.340883685438778	0.041469516548628	0.516610862194275	0.028749088758684	0.91701834432199	FALSE	FALSE
""	chr17	16439415	16440184	+	1	alternative acceptor	0.694272715511617	0.0215312999276513	0.546858827373324	0.585658541603502	0.765000074182841	0.00985706062771742	0.854012442237037	0.0165237679965732	0.917018723825761	FALSE	FALSE
""	chr17	16440254	16441073	+	1	alternative acceptor	0.919316708002514	0.0570102486120838	1.53161331353007	0.128683593912891	0.269324863321689	-0.0446586969452989	0.093433475409918	-0.0402439673618663	0.413255410606574	FALSE	FALSE
""	chr17	16440254	16441367	+	1	alternative acceptor	0.0806832919974857	-0.0570102486120838	-1.53161331353007	0.128683593912892	0.269324863321689	0.0446586969452989	0.093433475409918	0.0402439673618664	0.413255410606574	FALSE	FALSE
WSB1	chr17	27306883	27307743	+	1	alternative acceptor	0.768493280288306	-0.373779585277409	-5.36814947339099	4.93734639228782e-07	9.93604442613664e-06	0.122379018661017	0.0137888577282179	0.0615527606196352	0.575744292454288	FALSE	FALSE
WSB1	chr17	27306883	27309099	+	1	alternative acceptor	0.231506719711694	0.373779585277409	5.36814947339099	4.93734639228783e-07	9.93604442613664e-06	-0.122379018661017	0.0137888577282179	-0.0615527606196352	0.575744292454288	FALSE	FALSE
SDF2	chr17	28655484	28661725	-	1	alternative acceptor	0.843771947069553	-0.186471535418558	-1.95826762652566	0.052903274314818	0.133375860596513	0.069357211749296	0.421773183872124	0.0405657629131248	0.91701834432199	FALSE	FALSE
SDF2	chr17	28655484	28662045	-	1	alternative acceptor	0.156228052930447	0.186471535418558	1.95826762652566	0.0529032743148181	0.133375860596513	-0.069357211749296	0.421773183872124	-0.0405657629131248	0.91701834432199	FALSE	FALSE
RAB34	chr17	28715123	28715194	-	1	alternative acceptor	0.854118368086061	0.041787262154391	1.44633239341295	0.151120228224678	0.303754384136615	-0.0116162850757047	0.724659214924882	-0.00442975463989175	1	FALSE	FALSE
RAB34	chr17	28715123	28715218	-	1	alternative acceptor	0.145881631913939	-0.041787262154391	-1.44633239341295	0.151120228224678	0.303754384136615	0.0116162850757047	0.724659214924882	0.00442975463989177	1	FALSE	FALSE
RAB34	chr17	28715902	28715992	-	1	alternative acceptor	0.91404832077477	-0.147377614813917	-1.73137604571742	0.0863788835385989	0.197296563408176	-0.00960134781804162	0.971905873218505	-0.0444077881652991	0.859040754071165	FALSE	FALSE
RAB34	chr17	28715902	28716902	-	1	alternative acceptor	0.0859516792252302	0.147377614813917	1.73137604571742	0.0863788835385987	0.197296563408176	0.00960134781804159	0.971905873218505	0.0444077881652991	0.859040754071165	FALSE	FALSE
ZNF207	chr17	32365488	32366664	+	1	alternative acceptor	0.690139325830441	-0.284734003756071	-4.69923705418363	8.10834185622952e-06	0.000103627289788963	0.102670295135627	0.0152057818566299	0.0581017617783224	0.499584556565982	FALSE	FALSE
ZNF207	chr17	32365488	32367771	+	1	alternative acceptor	0.309860674169559	0.284734003756071	4.69923705418363	8.10834185622946e-06	0.000103627289788963	-0.102670295135627	0.0152057818566299	-0.0581017617783224	0.499584556565982	FALSE	FALSE
ARHGAP23	chr17	38497827	38498413	+	1	alternative acceptor	0.752104627432674	-0.107313838143116	-1.55123953623728	0.123911598180373	0.261106273211525	0.0588494763387905	0.306569736437153	0.0458223257393433	0.781325204460825	FALSE	FALSE
ARHGAP23	chr17	38497827	38500596	+	1	alternative acceptor	0.247895372567326	0.107313838143116	1.55123953623728	0.123911598180373	0.261106273211525	-0.0588494763387905	0.306569736437153	-0.0458223257393434	0.781325204460825	FALSE	FALSE
FKBP10	chr17	41820462	41820706	+	1	alternative acceptor	0.047957366113446	0.132010152029449	2.74735870502873	0.0070934117168091	0.0291713340373252	-0.00301751270495337	1	0.0259861497421022	0.852250873181727	FALSE	FALSE
FKBP10	chr17	41820462	41820946	+	1	alternative acceptor	0.952042633886554	-0.132010152029449	-2.74735870502873	0.00709341171680917	0.0291713340373252	0.0030175127049534	1	-0.0259861497421022	0.852250873181727	FALSE	FALSE
ACLY	chr17	41893175	41896619	-	1	alternative acceptor	0.573444114117017	-0.078282988077816	-0.885292772503426	0.378060832000024	0.576735013699811	-0.0154144986002624	0.921637828126475	-0.0358323549359726	0.925794517878951	FALSE	FALSE
ACLY	chr17	41893175	41897748	-	1	alternative acceptor	0.426555885882983	0.078282988077816	0.885292772503425	0.378060832000024	0.576735013699811	0.0154144986002624	0.921637828126475	0.0358323549359726	0.925794517878951	FALSE	FALSE
STAT3	chr17	42317225	42322281	-	1	alternative acceptor	0.800541743102776	-0.0395448684000582	-0.600460096851429	0.54951858047798	0.736952954339752	-0.00939845339864629	0.944599360963861	-0.020014118039492	0.983234759464368	FALSE	FALSE
STAT3	chr17	42317225	42322284	-	1	alternative acceptor	0.199458256897224	0.0395448684000582	0.600460096851428	0.549518580477981	0.736952954339752	0.00939845339864629	0.944599360963861	0.020014118039492	0.983234759464368	FALSE	FALSE
BECN1	chr17	42823880	42824132	-	1	alternative acceptor		-0.0336745163367966	-0.360876389451737	0.718953084511148	0.862185980402826	0.0389246129747688	0.70599077682325	0.0386812395967446	0.919005276558974	FALSE	FALSE
BECN1	chr17	42823880	42824154	-	1	alternative acceptor		0.0336745163367966	0.360876389451737	0.718953084511148	0.862185980402826	-0.0389246129747688	0.70599077682325	-0.0386812395967446	0.919005276558974	FALSE	FALSE
UBTF	chr17	44212007	44212343	-	1	alternative acceptor	0.366026196120985	0.121869660639475	2.68550235993641	0.00844271029417089	0.0331949800121101	-0.023383260627098	0.642585150964938	-0.000460889698778121	1	FALSE	FALSE
UBTF	chr17	44212007	44212818	-	1	alternative acceptor	0.633973803879015	-0.121869660639475	-2.68550235993641	0.00844271029417087	0.0331949800121101	0.023383260627098	0.642585150964938	0.000460889698778153	1	FALSE	FALSE
""	chr17	46409134	46412830	+	1	alternative acceptor	0.504747070167631	-0.0537758150904491	-0.985627362675493	0.326625651020326	0.523153246835165	0.017018708555837	0.800312332292369	0.00815760754806331	1	FALSE	FALSE
LRRC37A2	chr17	46409134	46630410	+	0	alternative acceptor	0.495252929832369	0.0537758150904491	0.985627362675493	0.326625651020326	0.523153246835165	-0.017018708555837	0.800312332292369	-0.00815760754806331	1	FALSE	FALSE
""	chr17	46412871	46419797	+	1	alternative acceptor	0.514018691588785	-0.0420412245963024	-0.480930938906016	0.631585615520171	0.800127179664518	-0.0377206235722109	0.694106923497671	-0.0541938864933945	0.790958395735541	FALSE	FALSE
LRRC37A2	chr17	46412871	46637375	+	0	alternative acceptor	0.485981308411215	0.0420412245963024	0.480930938906016	0.631585615520171	0.800127179664518	0.0377206235722109	0.694106923497671	0.0541938864933944	0.790958395735541	FALSE	FALSE
""	chr17	46423142	46425526	+	1	alternative acceptor	0.5	0	0	1	1	0	1	0	1	FALSE	FALSE
LRRC37A2	chr17	46423142	46643103	+	0	alternative acceptor	0.5	0	0	1	1	0	1	0	1	FALSE	FALSE
""	chr17	46425683	46456706	+	1	alternative acceptor	0.5	0	0	1	1	0	1	0	1	FALSE	FALSE
LRRC37A2	chr17	46425683	46674413	+	0	alternative acceptor	0.5	0	0	1	1	0	1	0	1	FALSE	FALSE
""	chr17	46476960	46487044	+	1	alternative acceptor	0.40172849350506	-0.101875329083905	-1.7553907274266	0.0821655601992202	0.189939777543162	0.0192527623265622	0.792590035901806	3.60781250270801e-05	1	FALSE	FALSE
NSF	chr17	46476960	46704758	+	0	alternative acceptor	0.59827150649494	0.101875329083905	1.7553907274266	0.0821655601992202	0.189939777543162	-0.0192527623265621	0.792590035901806	-3.60781250270575e-05	1	FALSE	FALSE
COPZ2	chr17	48026476	48027675	-	1	alternative acceptor	0.0555759408942832	0.0178582446068206	0.316532955649316	0.752238629080719	0.889556181329459	-0.0100154327144808	0.918205634370744	-0.00788913707089663	1	FALSE	FALSE
COPZ2	chr17	48026476	48028471	-	1	alternative acceptor	0.944424059105717	-0.0178582446068206	-0.316532955649317	0.752238629080718	0.889556181329459	0.0100154327144808	0.918205634370744	0.00788913707089657	1	FALSE	FALSE
COPZ2	chr17	48029177	48032155	-	1	alternative acceptor	0.8395053258155	0.159921032855063	4.42687522365399	2.38459799922447e-05	0.000265589135570054	-0.0271065915005442	0.446106167862908	0.00364212787365474	1	FALSE	FALSE
COPZ2	chr17	48029177	48032685	-	1	alternative acceptor	0.0597614514021311	-0.134361756132384	-2.64159844433486	0.00953743343000883	0.036037282297709	0.0236672146801742	0.683759439962875	-0.00200006523033785	1	FALSE	FALSE
COPZ2	chr17	48029177	48033862	-	1	alternative acceptor	0.100733222782369	-0.157643502664456	-3.56407125160227	0.000555089004814919	0.0038449240435347	0.0273683893056107	0.549633883024578	-0.00282122295830975	1	FALSE	FALSE
COPZ2	chr17	48032234	48032685	-	1	alternative acceptor	0.959889407575225	-0.0349975257238706	-0.465220027503603	0.642755987936327	0.806052033544044	0.00937556130987445	0.95806703072724	0.00329063368640801	1	FALSE	FALSE
COPZ2	chr17	48032234	48033862	-	0	alternative acceptor	0.040110592424775	0.0349975257238707	0.465220027503604	0.642755987936327	0.806052033544044	-0.00937556130987445	0.95806703072724	-0.00329063368640801	1	FALSE	FALSE
NFE2L1	chr17	48051629	48056385	+	1	alternative acceptor	0.943430588746895	-0.110827614544302	-1.41593745732649	0.159810711114202	0.3154476079509	0.0461000405491391	0.549633883024578	0.029900721346534	0.945406621275832	FALSE	FALSE
NFE2L1	chr17	48051629	48056418	+	1	alternative acceptor	0.056569411253105	0.110827614544302	1.41593745732649	0.159810711114202	0.3154476079509	-0.0461000405491391	0.549633883024578	-0.0299007213465341	0.945406621275832	FALSE	FALSE
NFE2L1	chr17	48056599	48057031	+	1	alternative acceptor	0.369899895537991	0.000749744125091694	0.0195299362072616	0.984456138482952	1	-0.0250932156352333	0.475628551183765	-0.0296196728426016	0.685750082706529	FALSE	FALSE
NFE2L1	chr17	48056599	48057343	+	1	alternative acceptor	0.630100104462009	-0.000749744125091688	-0.0195299362072615	0.984456138482952	1	0.0250932156352333	0.475628551183765	0.0296196728426016	0.685750082706529	FALSE	FALSE
CBX1	chr17	48077042	48100754	-	1	alternative acceptor		-0.105695007234956	-0.588231424495064	0.557677189318893	0.743788282695511	-0.00453830585927522	1	-0.0291062922296734	1	FALSE	FALSE
CBX1	chr17	48077042	48101267	-	1	alternative acceptor		0.105695007234956	0.588231424495064	0.557677189318893	0.743788282695511	0.00453830585927516	1	0.0291062922296733	1	FALSE	FALSE
COL1A1	chr17	50186923	50187014	-	1	alternative acceptor	0.997666542103475	0.0185338450202618	0.968000288769849	0.335311717927203	0.531405010564036	-0.00586698776814207	0.804951708813305	-0.00281328570853501	1	FALSE	FALSE
COL1A1	chr17	50186923	50187483	-	0	alternative acceptor	0.00233345789652489	-0.0185338450202618	-0.968000288769848	0.335311717927204	0.531405010564036	0.00586698776814207	0.804951708813305	0.00281328570853501	1	FALSE	FALSE
COL1A1	chr17	50188150	50188529	-	1	alternative acceptor	0.985130042982624	-0.0454019039539885	-0.565887694317466	0.572700917138966	0.755236843423662	-0.0363201034762354	0.68249597931978	-0.0532840986126839	0.78017861755723	FALSE	FALSE
COL1A1	chr17	50188150	50192993	-	0	alternative acceptor	0.0148699570173762	0.0454019039539887	0.565887694317469	0.572700917138965	0.755236843423662	0.0363201034762353	0.68249597931978	0.0532840986126839	0.78017861755723	FALSE	FALSE
COL1A1	chr17	50189011	50189167	-	1	alternative acceptor	0.965479987687375	0.246377192297259	4.83328476672185	4.70412337623929e-06	6.53207907876003e-05	-0.111913276294431	0.000920849651809318	-0.0776652163038366	0.130713536417908	FALSE	FALSE
COL1A1	chr17	50189011	50189678	-	1	alternative acceptor	0.0306762664515157	-0.2812131065019	-5.22523613211637	9.1277276528479e-07	1.68714139931172e-05	0.111141986357471	0.00245057024595396	0.0689469447715848	0.263861045437667	FALSE	FALSE
COL1A1	chr17	50189011	50195231	-	0	alternative acceptor	0.00384374586110957	0.0124904605958277	1.19546279701829	0.234651371105977	0.413069002656018	0.00523466977154402	0.644456648108044	0.00901162553031269	0.600093159349073	FALSE	FALSE
COL1A1	chr17	50189276	50189376	-	1	alternative acceptor	0.977403374608324	-0.0475254139271982	-1.23408215094542	0.219980666540357	0.397320364792221	-0.0133162053703612	0.784713954825261	-0.0264523102723397	0.762258176568741	FALSE	FALSE
COL1A1	chr17	50189276	50195433	-	0	alternative acceptor	0.0225966253916759	0.0475254139271983	1.23408215094542	0.219980666540356	0.397320364792221	0.0133162053703611	0.784713954825261	0.0264523102723395	0.762258176568741	FALSE	FALSE
COL1A1	chr17	50190925	50191382	-	1	alternative acceptor	0.971645260432837	-0.133870087659741	-4.48260523392768	1.91821729408516e-05	0.000221899898543661	0.0374074509177707	0.111223573876231	0.0144207924837376	0.875851163913888	FALSE	FALSE
COL1A1	chr17	50190925	50191787	-	1	alternative acceptor	0.0283547395671632	0.133870087659741	4.48260523392769	1.91821729408507e-05	0.000221899898543661	-0.0374074509177708	0.111223573876231	-0.0144207924837376	0.875851163913888	FALSE	FALSE
COL1A1	chr17	50192694	50192796	-	1	alternative acceptor	0.955359642267915	0.151011285264306	2.77477327265899	0.00656078620958506	0.0274793520921167	-0.0878663562595305	0.0135841984389566	-0.0704800922393874	0.249901152279072	FALSE	FALSE
COL1A1	chr17	50192694	50194572	-	0	alternative acceptor	0.0258644716382407	-0.00020722883631917	-0.00337962894167354	0.997309988387765	1	0.0381522035195519	0.505681501300475	0.0452432245186851	0.719163563139003	FALSE	FALSE
COL1A1	chr17	50192694	50196313	-	1	alternative acceptor	0.0187758860938443	-0.231717065941444	-4.90144192825683	3.55488647788567e-06	5.39739683539695e-05	0.121756237487467	0.000129224789324505	0.0926332136727532	0.0410245036847029	FALSE	FALSE
NME1	chr17	51160082	51161159	+	1	alternative acceptor	0.938378613841984	-0.030221589911622	-0.633803312889692	0.527614181484893	0.717101805735655	0.0311860849576878	0.475628551183765	0.0302511595172631	0.790958395735541	FALSE	FALSE
NME1-NME2	chr17	51160082	51169936	+	0	alternative acceptor	0.0616213861580157	0.0302215899116219	0.63380331288969	0.527614181484894	0.717101805735655	-0.0311860849576879	0.475628551183765	-0.0302511595172632	0.790958395735541	FALSE	FALSE
NME1	chr17	51161273	51161727	+	1	alternative acceptor	0.961061167557932	0.200325972042513	3.24803674882332	0.00156923354771825	0.00890978847377259	-0.0488039252332114	0.389349900097263	-0.0130642359271164	1	FALSE	FALSE
NME1-NME2	chr17	51161273	51166826	+	1	alternative acceptor	0.0389388324420678	-0.200325972042513	-3.24803674882332	0.00156923354771825	0.00890978847377259	0.0488039252332112	0.389349900097263	0.0130642359271163	1	FALSE	FALSE
SUPT4H1	chr17	58351509	58352064	-	1	alternative acceptor	0.167209843258338	0.0921604434888782	1.09835478342877	0.274610474621083	0.464461388938033	-0.0318716164170171	0.742240191446001	-0.0171916216040767	1	FALSE	FALSE
SUPT4H1	chr17	58351509	58352066	-	1	alternative acceptor	0.832790156741662	-0.0921604434888781	-1.09835478342877	0.274610474621083	0.464461388938033	0.0318716164170171	0.742240191446001	0.0171916216040768	1	FALSE	FALSE
SKA2	chr17	59112346	59119318	-	1	alternative acceptor	0.577531847231101	-0.106258742205065	-2.72832006645791	0.00748616769636453	0.0305281251023211	0.0360666793974484	0.273865833709334	0.0190136939855537	0.873559540669044	FALSE	FALSE
SKA2	chr17	59112346	59131280	-	1	alternative acceptor	0.422468152768899	0.106258742205065	2.72832006645791	0.00748616769636453	0.0305281251023211	-0.0360666793974484	0.273865833709334	-0.0190136939855537	0.873559540669044	FALSE	FALSE
CLTC	chr17	59685809	59687000	+	1	alternative acceptor	0.064242376197258	-0.150041382312159	-2.01530597263457	0.0464775846439345	0.12112664013335	0.0768018064347237	0.1887955040447	0.0575628516654759	0.685750082706529	FALSE	FALSE
CLTC	chr17	59685809	59690635	+	1	alternative acceptor	0.935757623802742	0.150041382312159	2.01530597263457	0.0464775846439345	0.12112664013335	-0.0768018064347238	0.1887955040447	-0.0575628516654759	0.685750082706529	FALSE	FALSE
DDX5	chr17	64500327	64500548	-	1	alternative acceptor	0.969672738091399	0.155017348533217	2.4630076167221	0.015435464208317	0.0528031809681648	-0.128274140202999	0.000920849651809318	-0.117549988159128	0.0454811094253199	FALSE	FALSE
DDX5	chr17	64500327	64502009	-	1	alternative acceptor	0.0303272619086006	-0.155017348533217	-2.4630076167221	0.0154354642083169	0.0528031809681648	0.128274140202999	0.000920849651809318	0.117549988159128	0.0454811094253199	FALSE	FALSE
MXRA7	chr17	76680880	76683846	-	1	alternative acceptor	0.561708319097979	-0.0358897819164685	-0.320574079594965	0.7491826555841	0.887794498829799	-0.0237950598438343	0.881572493957352	-0.0362853312713039	0.982438621677276	FALSE	FALSE
MXRA7	chr17	76680880	76685071	-	1	alternative acceptor	0.438291680902021	0.0358897819164685	0.320574079594965	0.7491826555841	0.887794498829799	0.0237950598438344	0.881572493957352	0.0362853312713039	0.982438621677276	FALSE	FALSE
ENSG00000267168	chr17	76735159	76735771	-	1	alternative acceptor	0.0582031511933778	-0.246773377536126	-4.76236094577797	6.28136610039188e-06	8.39042612837797e-05	0.0724326096459167	0.0655918948991346	0.0307098473175209	0.801020692772742	FALSE	FALSE
ENSG00000267168	chr17	76735159	76736153	-	1	alternative acceptor	0.941796848806622	0.246773377536126	4.76236094577797	6.28136610039191e-06	8.39042612837797e-05	-0.0724326096459167	0.0655918948991346	-0.030709847317521	0.801020692772742	FALSE	FALSE
BIRC5	chr17	78214790	78216663	+	1	alternative acceptor	0.873713239189451	-0.480117485655619	-4.06381111812996	9.44863189426601e-05	0.00086383863097846	0.120275767006988	0.23349765612793	0.0352380399926274	0.987692370269204	FALSE	FALSE
BIRC5	chr17	78214790	78223464	+	1	alternative acceptor	0.126286760810549	0.480117485655619	4.06381111812996	9.448631894266e-05	0.00086383863097846	-0.120275767006988	0.23349765612793	-0.0352380399926273	0.987692370269204	FALSE	FALSE
CENPX	chr17	82019382	82019640	-	1	alternative acceptor		-0.125318541518886	-1.01442413561159	0.312804375126857	0.511465230676173	0.0729396485578315	0.546701773303437	0.0586137665186991	0.882454942920744	FALSE	FALSE
CENPX	chr17	82019382	82019857	-	1	alternative acceptor		0.125318541518886	1.01442413561159	0.312804375126857	0.511465230676173	-0.0729396485578315	0.546701773303437	-0.0586137665186991	0.882454942920744	FALSE	FALSE
GPS1	chr17	82054976	82055161	+	1	alternative acceptor	0.862392614936312	-0.154075018576571	-2.03646057374028	0.0442700282155657	0.116896246864238	0.0255130397879566	0.791643123662757	-0.00422438387611558	1	FALSE	FALSE
GPS1	chr17	82054976	82055164	+	1	alternative acceptor	0.137607385063688	0.154075018576571	2.03646057374028	0.0442700282155657	0.116896246864238	-0.0255130397879566	0.791643123662757	0.00422438387611556	1	FALSE	FALSE
TUBB6	chr18	12308350	12308686	+	1	alternative acceptor	0.977427570976076	0.169515657923529	2.39575016723407	0.0183913845985697	0.0600279261225869	-0.0242295256692155	0.78944915403528	0.00920647263387127	1	FALSE	FALSE
TUBB6	chr18	12308350	12310942	+	1	alternative acceptor	0.022572429023924	-0.169515657923529	-2.39575016723408	0.0183913845985696	0.0600279261225869	0.0242295256692155	0.78944915403528	-0.00920647263387137	1	FALSE	FALSE
TUBB6	chr18	12308796	12310942	+	1	alternative acceptor	0.974016470801373	-0.229846611568861	-3.17876063389938	0.0019534457840908	0.0103969782655599	0.0872031260555508	0.109395071015574	0.0520349281433102	0.728221025506894	FALSE	FALSE
TUBB6	chr18	12308796	12325066	+	1	alternative acceptor	0.0259835291986272	0.229846611568861	3.17876063389939	0.00195344578409077	0.0103969782655599	-0.0872031260555508	0.109395071015574	-0.0520349281433102	0.728221025506894	FALSE	FALSE
TUBB6	chr18	12311054	12324808	+	1	alternative acceptor	0.0147703561511841	-0.267739453624739	-4.75211955492896	6.54787581342456e-06	8.66510725348519e-05	0.0626374504181888	0.192301648075535	0.0143861622517326	1	FALSE	FALSE
TUBB6	chr18	12311054	12325066	+	1	alternative acceptor	0.907931336089239	0.339097530742901	10.8534048506535	9.39426852007286e-19	2.45768517205906e-16	-0.0701099906658468	0.0156183049730639	-0.00727357685387182	1	FALSE	FALSE
TUBB6	chr18	12311054	12329145	+	1	alternative acceptor	0.0772983077595764	-0.33419636018316	-9.504140989381	9.37451246657542e-16	9.96334903088218e-14	0.0671780858785378	0.0349450380573281	0.00489096144199056	1	FALSE	FALSE
SS18	chr18	26035128	26035830	-	1	alternative acceptor	0.141759902549015	0.157074102984094	1.64741019088676	0.102521294814039	0.224401086040675	-0.000672073389558291	1	0.0343842951200443	0.963304295640554	FALSE	FALSE
SS18	chr18	26035128	26038554	-	1	alternative acceptor	0.858240097450985	-0.157074102984094	-1.64741019088676	0.102521294814039	0.224401086040675	0.000672073389558264	1	-0.0343842951200443	0.963304295640554	FALSE	FALSE
TCF4	chr18	55229077	55232508	-	1	alternative acceptor	0.618113541635826	-0.113164086977353	-1.65892012528099	0.100174044790959	0.221372271821996	0.0349519670782957	0.637209752049209	0.0161437562392826	1	FALSE	FALSE
TCF4	chr18	55229077	55232520	-	1	alternative acceptor	0.381886458364174	0.113164086977353	1.65892012528099	0.100174044790959	0.221372271821996	-0.0349519670782958	0.637209752049209	-0.0161437562392826	1	FALSE	FALSE
TXNL4A	chr18	79977702	79986601	-	1	alternative acceptor	0.136578943420331	-0.100666988898632	-0.969336141710588	0.334648212180361	0.530884918919877	0.0672757254872172	0.4812369829157	0.0573137289325769	0.846266210601829	TRUE	FALSE
TXNL4A	chr18	79977702	79988239	-	1	alternative acceptor	0.863421056579669	0.100666988898632	0.969336141710588	0.334648212180361	0.530884918919877	-0.0672757254872172	0.4812369829157	-0.0573137289325769	0.846266210601829	TRUE	FALSE
PTBP1	chr19	805188	805491	+	1	alternative acceptor		-0.472927222850117	-4.84155910650758	4.64755261790594e-06	6.51652966024339e-05	0.0225472724759986	0.88370271583779	-0.0795086253107136	0.650686629308237	TRUE	FALSE
PTBP1	chr19	805188	806407	+	1	alternative acceptor		0.472927222850117	4.84155910650758	4.64755261790587e-06	6.51652966024339e-05	-0.0225472724759987	0.88370271583779	0.0795086253107136	0.650686629308237	TRUE	FALSE
CNN2	chr19	1032697	1036129	+	1	alternative acceptor	0.950028102725787	0.165564707949569	1.3509304401997	0.179677938857341	0.343742202240697	-0.0622538882430446	0.637209752049209	-0.0368163605742075	0.985187378373503	FALSE	FALSE
CNN2	chr19	1032697	1036415	+	1	alternative acceptor	0.0499718972742129	-0.165564707949569	-1.3509304401997	0.179677938857342	0.343742202240697	0.0622538882430444	0.637209752049209	0.0368163605742073	0.985187378373503	FALSE	FALSE
DAZAP1	chr19	1418732	1421147	+	1	alternative acceptor		-0.0708051597438818	-0.576170318437612	0.56576924570222	0.749583640293436	0.0109706203923695	0.985099221234231	-0.00282492064535151	1	FALSE	FALSE
DAZAP1	chr19	1418732	1421150	+	1	alternative acceptor		0.0708051597438818	0.576170318437613	0.56576924570222	0.749583640293436	-0.0109706203923695	0.985099221234231	0.00282492064535147	1	FALSE	FALSE
DAZAP1	chr19	1432691	1434736	+	1	alternative acceptor		-0.111668703262396	-1.49770935298368	0.137297085949182	0.281973061179448	0.041690575388399	0.582803910957695	0.0244610120630725	0.982438621677276	FALSE	FALSE
DAZAP1	chr19	1432691	1434739	+	1	alternative acceptor		0.111668703262396	1.49770935298368	0.137297085949182	0.281973061179448	-0.041690575388399	0.582803910957695	-0.0244610120630725	0.982438621677276	FALSE	FALSE
HNRNPM	chr19	8474245	8483157	+	1	alternative acceptor	0.899406009037117	-0.00142835145578822	-0.0311189127245237	0.975234926931171	1	-0.00432393717826958	0.983784690777205	-0.00545277857619061	1	TRUE	TRUE
HNRNPM	chr19	8474245	8485602	+	1	alternative acceptor	0.100593990962883	0.00142835145578821	0.0311189127245235	0.975234926931171	1	0.00432393717826956	0.983784690777205	0.0054527785761906	1	TRUE	TRUE
ILF3	chr19	10682705	10683124	+	1	alternative acceptor		-0.0927420282010658	-1.35241527453997	0.179262752008105	0.343742202240697	0.00977924883849849	0.944599360963861	-0.00888239156099425	1	FALSE	FALSE
ILF3	chr19	10682705	10683136	+	1	alternative acceptor		0.0927420282010657	1.35241527453997	0.179262752008105	0.343742202240697	-0.0097792488384985	0.944599360963861	0.00888239156099425	1	FALSE	FALSE
DNM2	chr19	10830379	10830977	+	1	alternative acceptor		-0.06426428407545	-0.712298596155333	0.477922125025081	0.666972977927904	0.0377427860812667	0.707408261406677	0.0304149727753169	0.976854009815536	FALSE	FALSE
DNM2	chr19	10830379	10830980	+	1	alternative acceptor		0.0642642840754499	0.712298596155332	0.477922125025082	0.666972977927904	-0.0377427860812667	0.707408261406677	-0.0304149727753169	0.976854009815536	FALSE	FALSE
CARM1	chr19	10921128	10921374	+	1	alternative acceptor		0.223656247141794	1.57436461378047	0.118499916213511	0.251729053742755	-0.042915063886917	0.814935297270372	-0.00078746846317783	1	FALSE	FALSE
CARM1	chr19	10921128	10921614	+	1	alternative acceptor		-0.223656247141794	-1.57436461378046	0.118499916213511	0.251729053742755	0.042915063886917	0.814935297270372	0.000787468463177866	1	FALSE	FALSE
CALR	chr19	12943630	12943712	+	1	alternative acceptor	0.995858804263345	0.00211107212782116	0.10169106228982	0.919199597742386	0.99646194576019	-0.0144651790944148	0.441113013310496	-0.0166984489502115	0.661864351585469	FALSE	FALSE
CALR	chr19	12943630	12943716	+	1	alternative acceptor	0.00414119573665478	-0.00211107212782084	-0.101691062289805	0.919199597742398	0.99646194576019	0.0144651790944144	0.441113013310496	0.0166984489502112	0.661864351585469	FALSE	FALSE
RAD23A	chr19	12949160	12949274	+	1	alternative acceptor		0.0138679601952926	0.152098020351632	0.879410069393037	0.973274860398868	-0.0157163038995905	0.923155000613551	-0.01555510320927	1	FALSE	FALSE
RAD23A	chr19	12949160	12949277	+	1	alternative acceptor		-0.0138679601952926	-0.152098020351632	0.879410069393037	0.973274860398868	0.0157163038995905	0.923155000613551	0.01555510320927	1	FALSE	FALSE
ENSG00000268790	chr19	16647262	16654034	-	1	alternative acceptor	0.897303930173637	0.0742833795855666	0.947021305654363	0.345844423879845	0.544544854451553	-0.0157873836086699	0.892282704818756	-0.00210256083254585	1	FALSE	FALSE
ENSG00000268790	chr19	16647262	16659394	-	1	alternative acceptor	0.102696069826363	-0.0742833795855667	-0.947021305654363	0.345844423879845	0.544544854451553	0.0157873836086699	0.892282704818756	0.00210256083254585	1	FALSE	FALSE
MYO9B	chr19	17202304	17202841	+	1	alternative acceptor	0.565581117533969	-0.0349027960880817	-0.332484798259881	0.740198931998434	0.879600477891919	0.0148815355058581	0.944599360963861	0.00984787231341947	1	FALSE	FALSE
MYO9B	chr19	17202304	17202844	+	1	alternative acceptor	0.434418882466031	0.0349027960880817	0.332484798259881	0.740198931998433	0.879600477891919	-0.0148815355058581	0.944599360963861	-0.00984787231341947	1	FALSE	FALSE
RBM42	chr19	35631406	35632935	+	1	alternative acceptor		0.161790667394811	1.32816174077269	0.187273697735084	0.355022888547221	-0.103053088225785	0.302619915844845	-0.0865783807897956	0.728221025506894	TRUE	FALSE
RBM42	chr19	35631406	35633097	+	1	alternative acceptor		-0.161790667394811	-1.32816174077269	0.187273697735084	0.355022888547221	0.103053088225785	0.302619915844845	0.0865783807897957	0.728221025506894	TRUE	FALSE
CAPNS1	chr19	36140158	36140996	+	1	alternative acceptor	0.720247089149809	-0.0421279497531283	-0.363012210981939	0.71733966615313	0.861044547484154	-0.0133481608805241	0.966824328374425	-0.0252812979007511	1	FALSE	FALSE
CAPNS1	chr19	36140158	36140999	+	1	alternative acceptor	0.279752910850191	0.0421279497531283	0.363012210981939	0.71733966615313	0.861044547484154	0.0133481608805241	0.966824328374425	0.0252812979007511	1	FALSE	FALSE
RPS16	chr19	39433762	39435606	-	1	alternative acceptor	0.987121579006188	-0.107374841969438	-1.85556024044744	0.0663755743747817	0.159874878504698	0.0181696702272152	0.800865304330796	-0.00248143999127761	1	FALSE	FALSE
RPS16	chr19	39433762	39435657	-	1	alternative acceptor	0.0128784209938118	0.107374841969438	1.85556024044744	0.0663755743747821	0.159874878504698	-0.0181696702272151	0.800865304330796	0.0024814399912777	1	FALSE	FALSE
AXL	chr19	41239315	41239693	+	1	alternative acceptor	0.6756948344113	0.150853982711397	3.35384249224705	0.00111619135809756	0.00676678575559683	-0.0379031838440567	0.343484295654107	-0.0112051439933616	1	FALSE	FALSE
AXL	chr19	41239315	41242882	+	1	alternative acceptor	0.3243051655887	-0.150853982711397	-3.35384249224705	0.00111619135809757	0.00676678575559683	0.0379031838440567	0.343484295654107	0.0112051439933616	1	FALSE	FALSE
HNRNPUL1	chr19	41304262	41305645	+	1	alternative acceptor	0.149207502898136	0.0509598232865276	0.471610114053273	0.638202587215226	0.80384949881791	-0.0782919115023957	0.418253520925653	-0.081524414533868	0.691535124746916	FALSE	FALSE
HNRNPUL1	chr19	41304262	41305675	+	1	alternative acceptor	0.850792497101864	-0.0509598232865276	-0.471610114053274	0.638202587215226	0.80384949881791	0.0782919115023957	0.418253520925653	0.0815244145338679	0.691535124746916	FALSE	FALSE
PSG2	chr19	43064670	43066516	-	1	alternative acceptor	0.205496465423819	-0.00501557844918782	-0.171526616973468	0.864146240037602	0.964859278518675	-0.0108451727367047	0.751645034600265	-0.0139974754167525	0.879197121967282	FALSE	FALSE
PSG2	chr19	43064670	43091906	-	0	alternative acceptor	0.0423941030791375	-0.318324418121552	-3.97062783744897	0.0001329422494111	0.0011710516078365	0.164245153108915	0.00147677948473481	0.123672201366424	0.124738301229448	FALSE	FALSE
""	chr19	43064670	43170054	-	0	alternative acceptor	0.73636111842737	0.0710139883182833	1.89897546958459	0.0603659070407021	0.148771340467701	-0.0224251770342543	0.547400970220474	-0.0107144308068745	1	FALSE	FALSE
""	chr19	43064670	43175214	-	0	alternative acceptor	0.0157483130696737	0.0534239389942842	0.875861843089368	0.383143159119748	0.580480473186527	0.0437045192462624	0.422134914284486	0.0638467840762139	0.453506320514623	FALSE	FALSE
""	chr19	43081247	43186341	-	0	alternative acceptor	0.645953034489507	0.203880003089008	1.60498360186899	0.111559264833411	0.239679759758957	0.0187063355684413	0.941406122136108	0.0678717541062003	0.853966070835217	FALSE	FALSE
""	chr19	43081247	43205472	-	1	alternative acceptor	0.354046965510493	-0.203880003089008	-1.60498360186899	0.111559264833411	0.239679759758957	-0.0187063355684413	0.941406122136108	-0.0678717541062003	0.853966070835217	FALSE	FALSE
PSG5	chr19	43168204	43170054	-	1	alternative acceptor	0.97678574495769	-0.0597550401501426	-1.09588907018961	0.275683095045842	0.465771587804724	-0.0308183596227779	0.571678726633637	-0.0499679736858592	0.544428035014147	FALSE	FALSE
PSG5	chr19	43168204	43175214	-	1	alternative acceptor	0.0232142550423101	0.059755040150143	1.09588907018962	0.27568309504584	0.465771587804724	0.0308183596227781	0.571678726633637	0.0499679736858594	0.544428035014147	FALSE	FALSE
PSG5	chr19	43170139	43173838	-	1	alternative acceptor	0.0227488239499389	0.141346921220249	1.29689165823652	0.19756616680864	0.369188205118782	0.0460916480876277	0.70599077682325	0.0863738405369839	0.676602710711098	FALSE	FALSE
PSG5	chr19	43170139	43175214	-	1	alternative acceptor	0.949217472061582	-0.214170441459908	-3.10689855383225	0.00244330792689222	0.0124583062359227	0.0308953807370728	0.697421655146779	-0.0112955435630036	1	FALSE	FALSE
PSG5	chr19	43170139	43184781	-	1	alternative acceptor	0.0280337039884795	0.204797910445507	3.00728029804915	0.00331247599786098	0.0159120492496119	-0.0855968460325118	0.0853707378208758	-0.0557386588134838	0.647905945847166	FALSE	FALSE
PSG5	chr19	43175470	43175869	-	1	alternative acceptor	0.967505714585767	0.0161484683202364	0.156739658145109	0.875756850327335	0.973231700552616	0.0242201007827796	0.864201202457099	0.0323681480205713	0.983234759464368	FALSE	FALSE
PSG5	chr19	43175470	43178878	-	1	alternative acceptor	0.032494285414233	-0.0161484683202363	-0.156739658145108	0.875756850327336	0.973231700552616	-0.0242201007827797	0.864201202457099	-0.0323681480205714	0.983234759464368	FALSE	FALSE
PSG5	chr19	43176149	43178878	-	1	alternative acceptor	0.0160198943871535	0.0153318434074617	0.286844887029692	0.7748073186153	0.899435801664425	0.010696049357786	0.892282704818756	0.0161311334662975	0.985187378373503	FALSE	FALSE
PSG5	chr19	43176149	43184781	-	1	alternative acceptor	0.983980105612847	-0.0153318434074618	-0.286844887029694	0.774807318615298	0.899435801664425	-0.0106960493577859	0.892282704818756	-0.0161311334662974	0.985187378373503	FALSE	FALSE
PSG5	chr19	43185148	43186341	-	1	alternative acceptor	0.397869193686836	0.0554534560005317	1.32745885521485	0.187291688436186	0.355022888547221	0.023198407489394	0.584038730429288	0.0399590099675993	0.499584556565982	FALSE	FALSE
PSG4	chr19	43185148	43205472	-	0	alternative acceptor	0.394281296174059	-0.196562065820676	-1.16733039882042	0.245772248620443	0.425813253977649	-0.0749880115065371	0.689289910634612	-0.133043390528561	0.680678795486082	FALSE	FALSE
PSG9	chr19	43185148	43269367	-	0	alternative acceptor	0.131278268072442	0.224819507878909	1.42947820047611	0.155892915835609	0.310962936514315	0.0473916318340903	0.814935297270372	0.106613553238294	0.765187920610598	FALSE	FALSE
PSG9	chr19	43185148	43331343	-	0	alternative acceptor	0.0765712420666631	0.19717467458805	1.54154623191626	0.126250659579803	0.265376077398585	0.0382558574932615	0.816324284430447	0.0895766741529645	0.748946951991401	FALSE	FALSE
ERCC1	chr19	45413746	45413962	-	1	alternative acceptor	0.793942495539629	0.0995323251303813	1.76081886555895	0.0812370134795595	0.188849680686249	-0.0129514799416218	0.871115466918902	0.00691923981786019	1	FALSE	FALSE
ERCC1	chr19	45413746	45414860	-	1	alternative acceptor	0.206057504460371	-0.0995323251303813	-1.76081886555895	0.0812370134795595	0.188849680686249	0.0129514799416217	0.871115466918902	-0.00691923981786021	1	FALSE	FALSE
AP2S1	chr19	46846143	46850133	-	1	alternative acceptor		-0.603311025509836	-5.46328808621818	3.37235337890194e-07	7.21344266770156e-06	0.102698393078692	0.33191838012724	-0.0132851498214673	1	FALSE	FALSE
AP2S1	chr19	46846143	46850763	-	1	alternative acceptor		0.603311025509836	5.46328808621819	3.3723533789019e-07	7.21344266770156e-06	-0.102698393078692	0.33191838012724	0.0132851498214672	1	FALSE	FALSE
SAE1	chr19	47169924	47197232	+	1	alternative acceptor	0.950583367207982	-0.277716922699896	-3.29794068192467	0.00133754290326221	0.00780271597597731	0.0242855873566265	0.837889846895872	-0.0333752839157433	0.932712641589889	FALSE	FALSE
SAE1	chr19	47169924	47203670	+	1	alternative acceptor	0.0494166327920177	0.277716922699897	3.29794068192468	0.00133754290326219	0.00780271597597731	-0.0242855873566266	0.837889846895872	0.0333752839157433	0.932712641589889	FALSE	FALSE
EMP3	chr19	48326923	48327520	+	1	alternative acceptor	0.979257462023869	0.0158075123997439	0.277655777809062	0.78183314926874	0.905350541594484	-0.0146759131857867	0.849993191454597	-0.0138808221584756	1	FALSE	FALSE
EMP3	chr19	48326923	48329351	+	1	alternative acceptor	0.0207425379761305	-0.0158075123997437	-0.277655777809057	0.781833149268744	0.905350541594484	0.0146759131857866	0.849993191454597	0.0138808221584755	1	FALSE	FALSE
BAX	chr19	48960915	48961482	+	1	alternative acceptor	0.105948941799861	-0.00557960257750721	-0.0891275254327772	0.929153634743883	1	0.00527093799772101	0.987823745136366	0.00500727224557804	1	FALSE	FALSE
BAX	chr19	48960915	48961531	+	1	alternative acceptor	0.894051058200139	0.00557960257750726	0.0891275254327778	0.929153634743882	1	-0.00527093799772102	0.987823745136366	-0.00500727224557806	1	FALSE	FALSE
SNRNP70	chr19	49101472	49102113	+	1	alternative acceptor	0.140295086843378	-0.486197038248516	-7.95827755288611	2.38897455292765e-12	1.76628314228412e-10	0.205951946931661	2.09450067359031e-06	0.135580623124427	0.0136229143699208	FALSE	FALSE
SNRNP70	chr19	49101472	49104633	+	1	alternative acceptor	0.859704913156622	0.486197038248516	7.95827755288611	2.38897455292761e-12	1.76628314228412e-10	-0.205951946931661	2.09450067359031e-06	-0.135580623124427	0.0136229143699208	FALSE	FALSE
SNRNP70	chr19	49107713	49107794	+	1	alternative acceptor		0.135922448500039	1.30701076184067	0.194206581680475	0.364512463739126	-0.00274399681200165	1	0.0266352269550709	1	FALSE	FALSE
SNRNP70	chr19	49107713	49107821	+	1	alternative acceptor		-0.135922448500039	-1.30701076184067	0.194206581680475	0.364512463739126	0.00274399681200161	1	-0.0266352269550709	1	FALSE	FALSE
JOSD2	chr19	50506573	50507573	-	1	alternative acceptor		-0.272340718300099	-3.46864331971654	0.000775884377745529	0.0050941752291748	0.0608904639645194	0.404856144971538	0.011939196563261	1	FALSE	FALSE
JOSD2	chr19	50506573	50510285	-	1	alternative acceptor		0.272340718300099	3.46864331971655	0.000775884377745523	0.0050941752291748	-0.0608904639645195	0.404856144971538	-0.011939196563261	1	FALSE	FALSE
RPS9	chr19	54201610	54206275	+	1	alternative acceptor	0.959574185441228	0.105099902491661	1.3767207597276	0.171583772162186	0.33365146319245	-0.0307335911864659	0.724659214924882	-0.0129424640823548	1	FALSE	FALSE
RPS9	chr19	54201610	54207397	+	1	alternative acceptor	0.0404258145587718	-0.105099902491661	-1.3767207597276	0.171583772162186	0.33365146319245	0.030733591186466	0.724659214924882	0.0129424640823548	1	FALSE	FALSE
RPL28	chr19	55388049	55388242	+	1	alternative acceptor	0.982575800083624	0.175036050173233	2.61068256227494	0.0103837083837429	0.0380730198619683	0.0164622311259624	0.863205297776067	0.0587472408577333	0.584432252654789	FALSE	FALSE
RPL28	chr19	55388049	55391553	+	1	alternative acceptor	0.0174241999163759	-0.175036050173233	-2.61068256227494	0.0103837083837429	0.0380730198619683	-0.0164622311259624	0.863205297776067	-0.0587472408577334	0.584432252654789	FALSE	FALSE
EPN1	chr19	55692797	55692950	+	1	alternative acceptor		-0.0709270467874893	-0.610406621637841	0.542950148292308	0.730448360103695	0.0445582458895116	0.737594343865282	0.0370201254841546	0.983234759464368	FALSE	FALSE
EPN1	chr19	55692797	55692953	+	1	alternative acceptor		0.0709270467874893	0.610406621637841	0.542950148292308	0.730448360103695	-0.0445582458895116	0.737594343865282	-0.0370201254841546	0.983234759464368	FALSE	FALSE
RPS5	chr19	58388246	58392975	+	1	alternative acceptor	0.977555578111111	-0.0390732946673569	-0.885614343777181	0.377888283278811	0.576735013699811	0.0359468717906751	0.334038183987725	0.0339199437514859	0.685750082706529	FALSE	FALSE
RPS5	chr19	58388246	58394496	+	1	alternative acceptor	0.0224444218888894	0.0390732946673568	0.88561434377718	0.377888283278811	0.576735013699811	-0.0359468717906752	0.334038183987725	-0.033919943751486	0.685750082706529	FALSE	FALSE
ACP1	chr2	271940	272036	+	1	alternative acceptor	0.824118574173675	0.299121132173161	2.75084398584005	0.00702357854146432	0.0290598426028226	-0.106777194777741	0.231713720879217	-0.0597544841475366	0.846802145998523	FALSE	FALSE
ACP1	chr2	271940	272191	+	1	alternative acceptor	0.175881425826326	-0.299121132173161	-2.75084398584005	0.00702357854146431	0.0290598426028226	0.106777194777741	0.231713720879217	0.0597544841475367	0.846802145998523	FALSE	FALSE
PXDN	chr2	1684152	1687631	-	1	alternative acceptor	0.838776568715606	-0.0449153731269059	-1.15081229778014	0.252474093369237	0.434546756856667	-0.00300809438675621	0.994147604074607	-0.0136311711737665	0.96951046090697	FALSE	FALSE
PXDN	chr2	1684152	1691927	-	1	alternative acceptor	0.161223431284394	0.0449153731269059	1.15081229778014	0.252474093369237	0.434546756856667	0.00300809438675621	0.994147604074607	0.0136311711737665	0.96951046090697	FALSE	FALSE
ITGB1BP1	chr2	9406906	9407448	-	1	alternative acceptor	0.923885605090444	-0.578717860131224	-8.74875271226292	4.42507744555397e-14	4.06748334927812e-12	0.152781567553948	0.00417472189167607	0.0517400455840894	0.685750082706529	FALSE	FALSE
ITGB1BP1	chr2	9406906	9408112	-	1	alternative acceptor	0.076114394909556	0.578717860131225	8.74875271226293	4.42507744555389e-14	4.06748334927812e-12	-0.152781567553949	0.00417472189167607	-0.0517400455840894	0.685750082706529	FALSE	FALSE
ITGB1BP1	chr2	9418733	9419989	-	1	alternative acceptor	0.190328225603427	-0.261761498767411	-3.44246074219747	0.000834382923833313	0.00541552733579599	0.0585626045106349	0.412317219365656	0.0108879691513352	1	FALSE	FALSE
ITGB1BP1	chr2	9418733	9422478	-	1	alternative acceptor	0.328696593805728	-0.231564892519731	-2.70283659245164	0.00804284051991775	0.0322948059129165	0.00306228069865159	1	-0.0482316837211916	0.83491037968757	FALSE	FALSE
ITGB1BP1	chr2	9418733	9423372	-	1	alternative acceptor	0.480975180590845	0.52780912010254	5.8769388783862	5.190750675809e-08	1.36850721305631e-06	-0.073779882512983	0.424865672512001	0.0306383673209168	0.975637057719994	FALSE	FALSE
EMILIN1	chr2	27085009	27085159	+	1	alternative acceptor		-0.0196348268751256	-0.209274936831811	0.834668022357973	0.942152653182697	-0.00932029781045389	0.981124350335276	-0.0154234367653293	1	FALSE	FALSE
EMILIN1	chr2	27085009	27085677	+	1	alternative acceptor		0.0196348268751256	0.209274936831811	0.834668022357973	0.942152653182697	0.00932029781045387	0.981124350335276	0.0154234367653293	1	FALSE	FALSE
MRPL33	chr2	27772693	27774423	+	1	alternative acceptor	0.289875475429843	-0.00354772362182961	-0.0284229358558448	0.977379830001715	1	0.0805634616513109	0.4812369829157	0.0948404772651893	0.687935454745823	FALSE	FALSE
MRPL33	chr2	27772693	27779432	+	1	alternative acceptor	0.710124524570157	0.00354772362182972	0.0284229358558456	0.977379830001714	1	-0.080563461651311	0.4812369829157	-0.0948404772651893	0.687935454745823	FALSE	FALSE
CRIM1	chr2	36356624	36396613	+	1	alternative acceptor	0.883321024730506	0.0404738109844841	0.495623976916074	0.621215556174125	0.792782541863324	-0.00740066692720003	0.983878662274079	0.000280320659875287	1	FALSE	FALSE
CRIM1	chr2	36356624	36441257	+	1	alternative acceptor	0.116678975269494	-0.040473810984484	-0.495623976916073	0.621215556174126	0.792782541863324	0.00740066692720002	0.983878662274079	-0.000280320659875308	1	FALSE	FALSE
CRIM1	chr2	36522314	36537351	+	1	alternative acceptor	0.856601580949042	-0.293332441331893	-4.71817383717831	7.51204126920473e-06	9.75131769334558e-05	0.134769903291583	0.000972569110713665	0.0942805864722064	0.13222686301326	FALSE	FALSE
CRIM1	chr2	36522314	36544375	+	1	alternative acceptor	0.143398419050958	0.293332441331893	4.71817383717831	7.51204126920477e-06	9.75131769334558e-05	-0.134769903291583	0.000972569110713665	-0.0942805864722064	0.13222686301326	FALSE	FALSE
FEZ2	chr2	36555749	36558437	-	1	alternative acceptor	0.904227640391703	-0.0824662500995923	-0.9854325797334	0.326720816312229	0.523153246835165	-0.00599131736397999	0.999550892981252	-0.0255832881404358	0.983234759464368	FALSE	FALSE
FEZ2	chr2	36555749	36578596	-	1	alternative acceptor	0.0957723596082971	0.0824662500995923	0.9854325797334	0.326720816312229	0.523153246835165	0.00599131736397998	0.999550892981252	0.0255832881404358	0.983234759464368	FALSE	FALSE
SRSF7	chr2	38745188	38746143	-	1	alternative acceptor	0.849153111963736	-0.0140324583828315	-0.226112572845613	0.821561956330321	0.933695996864839	0.00168326795355986	1	-0.00114487698497153	1	TRUE	TRUE
SRSF7	chr2	38745188	38746693	-	1	alternative acceptor	0.150846888036264	0.0140324583828316	0.226112572845615	0.82156195633032	0.933695996864839	-0.00168326795355989	1	0.00114487698497151	1	TRUE	TRUE
ENSG00000273269	chr2	47170765	47172413	-	1	alternative acceptor	0.116942977155	-0.0358028804878441	-0.539283288492644	0.590855233864671	0.768156976442564	-0.0138303850678548	0.884312406457001	-0.0244370207843876	0.953897833946922	FALSE	FALSE
ENSG00000273269	chr2	47170765	47176440	-	1	alternative acceptor	0.883057022845	0.0358028804878441	0.539283288492645	0.590855233864671	0.768156976442564	0.0138303850678548	0.884312406457001	0.0244370207843876	0.953897833946922	FALSE	FALSE
ASB3	chr2	53801843	53808298	+	1	alternative acceptor	0.773952313993524	-0.0400011655599921	-0.683878594004314	0.495587533098694	0.68655527497705	-0.000521064056299187	1	-0.0095781679796768	1	FALSE	FALSE
ASB3	chr2	53801843	53809213	+	1	alternative acceptor	0.226047686006476	0.0400011655599922	0.683878594004316	0.495587533098692	0.68655527497705	0.000521064056299142	1	0.00957816797967678	1	FALSE	FALSE
RTN4	chr2	54973622	54973820	-	1	alternative acceptor	0.989682375776221	-0.0662156355258419	-1.2508175692121	0.213834901117937	0.391541937332038	0.0618030951019491	0.105756440661959	0.0585338446707815	0.399393434168189	FALSE	FALSE
RTN4	chr2	54973622	54982514	-	1	alternative acceptor	0.010317624223779	0.0662156355258418	1.2508175692121	0.213834901117937	0.391541937332038	-0.0618030951019492	0.105756440661959	-0.0585338446707817	0.399393434168189	FALSE	FALSE
XPO1	chr2	61533904	61534557	-	1	alternative acceptor	0.130965810301934	0.118503910653834	1.10334504775535	0.272448496146587	0.463067134130206	-0.0933679911088436	0.297142398214828	-0.0842920962276388	0.685750082706529	FALSE	FALSE
XPO1	chr2	61533904	61537561	-	1	alternative acceptor	0.869034189698066	-0.118503910653834	-1.10334504775535	0.272448496146587	0.463067134130206	0.0933679911088437	0.297142398214828	0.0842920962276388	0.685750082706529	FALSE	FALSE
ANTXR1	chr2	69124644	69130109	+	1	alternative acceptor	0.0503883902459787	0.170051659430066	2.05586793502987	0.0423243837253867	0.112809740634828	-0.0485311461533966	0.555667810583822	-0.0195213899841751	1	FALSE	FALSE
ANTXR1	chr2	69124644	69145325	+	1	alternative acceptor	0.336811403857753	0.00724704849240571	0.205193954465905	0.837825564079925	0.945403033654885	-0.0114827539193309	0.793030961044261	-0.0120077007669658	0.975731957864155	FALSE	FALSE
ANTXR1	chr2	69124644	69152168	+	1	alternative acceptor	0.612800205896268	-0.0232512000470123	-0.618750587136751	0.537446704712752	0.72476456888504	0.0154788138973483	0.717202684135898	0.0131666603704785	0.96926837218987	FALSE	FALSE
RAB11FIP5	chr2	73076183	73079650	-	1	alternative acceptor	0.411712935586828	0.314578358750059	3.65898123305201	0.000401232164987195	0.00290580480132603	-0.0560941782035308	0.514541219474477	0.00387238120504157	1	FALSE	FALSE
RAB11FIP5	chr2	73076183	73088049	-	1	alternative acceptor	0.588287064413172	-0.314578358750059	-3.65898123305201	0.000401232164987193	0.00290580480132603	0.0560941782035308	0.514541219474477	-0.0038723812050416	1	FALSE	FALSE
DGUOK	chr2	73927053	73938909	+	1	alternative acceptor		-0.219727397280296	-2.04276663219874	0.0437066273945217	0.115678007602154	0.0494006471638462	0.681838806271626	0.00986501726882577	1	FALSE	FALSE
DGUOK	chr2	73927053	73946718	+	1	alternative acceptor		0.219727397280296	2.04276663219874	0.0437066273945217	0.115678007602154	-0.0494006471638462	0.681838806271626	-0.00986501726882582	1	FALSE	FALSE
DGUOK	chr2	73946907	73950584	+	1	alternative acceptor	0.467297963060774	0.116054317671764	1.89680390198143	0.060655241381734	0.14909139474816	-0.0732099736179748	0.0978281407266355	-0.0609116274867458	0.479294981995654	FALSE	FALSE
DGUOK	chr2	73946907	73958145	+	1	alternative acceptor	0.532702036939226	-0.116054317671764	-1.89680390198143	0.0606552413817339	0.14909139474816	0.0732099736179748	0.0978281407266355	0.0609116274867458	0.479294981995654	FALSE	FALSE
RNF181	chr2	85596650	85596821	+	1	alternative acceptor	0.866016511070709	-0.0511543651235985	-0.710997385749799	0.47869283456314	0.667774540750304	0.00875345886253936	0.960291504975306	-0.00106672525488044	1	FALSE	FALSE
RNF181	chr2	85596650	85596856	+	1	alternative acceptor	0.0724523571800388	-0.0565937518476333	-0.797349665219856	0.427082271948688	0.618351131075984	0.0152599079779112	0.880831938517892	0.0054386011449018	1	FALSE	FALSE
RNF181	chr2	85596650	85597103	+	1	alternative acceptor	0.0615311317492524	0.192132973919857	2.2315116429274	0.027813999822166	0.0824001858843089	-0.0358768119145621	0.722097216072126	0.000446154411338019	1	FALSE	FALSE
""	chr2	87455646	87521206	+	1	alternative acceptor		0.0639437011581015	0.567081152520613	0.571904935566214	0.754772481901705	-0.00595678830994978	1	0.00827895087220483	1	FALSE	FALSE
""	chr2	87455646	87583257	+	1	alternative acceptor		-0.0639437011581016	-0.567081152520613	0.571904935566214	0.754772481901705	0.00595678830994976	1	-0.00827895087220486	1	FALSE	FALSE
""	chr2	89543837	89580557	-	1	alternative acceptor	0.280454625940232	-0.0276251782656059	-0.409600209783797	0.68294982722168	0.833604144278145	-0.00128077535356427	1	-0.00770798038454368	1	FALSE	FALSE
""	chr2	89543837	89581005	-	1	alternative acceptor	0.719545374059768	0.0276251782656058	0.409600209783797	0.68294982722168	0.833604144278145	0.00128077535356426	1	0.00770798038454366	1	FALSE	FALSE
""	chr2	89562685	89580557	-	1	alternative acceptor	0.465190029320094	0.0690703142796558	1.64734682399708	0.102534339225877	0.224401086040675	0.000559519453023781	1	0.0161348441015335	0.944113575193574	FALSE	FALSE
""	chr2	89562685	89581005	-	1	alternative acceptor	0.534809970679906	-0.0690703142796558	-1.64734682399708	0.102534339225877	0.224401086040675	-0.000559519453023775	1	-0.0161348441015335	0.944113575193574	FALSE	FALSE
MAP4K4	chr2	101859083	101859642	+	1	alternative acceptor	0.567623598556205	0.0135320119140009	0.381238919058853	0.703811234075749	0.851389289008994	-0.00331399203380488	0.983784690777205	-0.000903011695793936	1	FALSE	FALSE
MAP4K4	chr2	101859083	101859735	+	1	alternative acceptor	0.432376401443795	-0.0135320119140009	-0.381238919058853	0.703811234075749	0.851389289008994	0.00331399203380488	0.983784690777205	0.000903011695793942	1	FALSE	FALSE
MAP4K4	chr2	101859865	101860824	+	1	alternative acceptor		0.103825074003622	0.85395440837408	0.395131345121412	0.589921731675997	-0.0177722621056799	0.941406122136108	0.00213033505392559	1	FALSE	FALSE
MAP4K4	chr2	101859865	101864929	+	1	alternative acceptor		-0.103825074003622	-0.853954408374081	0.395131345121412	0.589921731675997	0.01777226210568	0.941406122136108	-0.00213033505392553	1	FALSE	FALSE
MAP4K4	chr2	101865037	101866427	+	1	alternative acceptor	0.836797537068513	-0.0128613117875836	-0.305435928124933	0.760650567233462	0.892426276008454	0.00331473427800595	0.993800733214574	0.0010541189491168	1	FALSE	FALSE
MAP4K4	chr2	101865037	101866430	+	1	alternative acceptor	0.163202462931487	0.0128613117875837	0.305435928124934	0.760650567233462	0.892426276008454	-0.00331473427800597	0.993800733214574	-0.00105411894911681	1	FALSE	FALSE
MAP4K4	chr2	101870416	101871493	+	1	alternative acceptor	0.436350429964728	-0.0759106045902291	-1.62359977249245	0.107517896287398	0.232761531046111	0.0151823569367032	0.798373901371683	0.00101987449864563	1	FALSE	FALSE
MAP4K4	chr2	101870416	101873646	+	1	alternative acceptor	0.563649570035272	0.075910604590229	1.62359977249245	0.107517896287398	0.232761531046111	-0.0151823569367032	0.798373901371683	-0.00101987449864563	1	FALSE	FALSE
FHL2	chr2	105386541	105396646	-	1	alternative acceptor	0.595581876531564	-0.213048590330182	-1.96968693207983	0.0515596764631782	0.130666512407801	0.018869277548684	0.924398079378902	-0.0253201889832464	1	FALSE	FALSE
FHL2	chr2	105386541	105398841	-	1	alternative acceptor	0.288276125983563	0.11907272076643	1.01336692894439	0.313259502998171	0.511898097949273	-0.00558098169888403	1	0.0200453335063188	1	FALSE	FALSE
FHL2	chr2	105386541	105398969	-	1	alternative acceptor	0.116141997484874	0.495657928097924	5.87750144861698	5.17756796451445e-08	1.36850721305631e-06	-0.0856700389013654	0.284749579267845	0.00932246935731517	1	FALSE	FALSE
""	chr2	111344238	111365560	-	1	alternative acceptor	0.421966709712578	-0.0432248089158172	-0.440295406382469	0.660645775292748	0.818825175572389	0.042666813095744	0.694106923497671	0.0409671649605507	0.918734422990594	FALSE	FALSE
""	chr2	111344238	111367486	-	1	alternative acceptor	0.578033290287422	0.0432248089158172	0.440295406382469	0.660645775292748	0.818825175572389	-0.042666813095744	0.694106923497671	-0.0409671649605507	0.918734422990594	FALSE	FALSE
""	chr2	111429621	111469786	-	1	alternative acceptor	0.179261236410857	0.469733459762528	4.96404178658019	2.74324330694606e-06	4.40083513534134e-05	-0.186946534977629	0.00376449152237083	-0.116707296696798	0.283277700446563	FALSE	FALSE
""	chr2	111429621	111494884	-	1	alternative acceptor	0.820738763589143	-0.469733459762528	-4.96404178658019	2.74324330694609e-06	4.40083513534134e-05	0.186946534977629	0.00376449152237083	0.116707296696798	0.283277700446563	FALSE	FALSE
CBWD2	chr2	113438023	113439019	+	1	alternative acceptor	0.0882289849675783	-0.0650692252666885	-0.805187169153084	0.422566505722739	0.614166105112409	0.0257278410383228	0.798373901371683	0.0159664827935897	1	FALSE	FALSE
CBWD2	chr2	113438023	113441350	+	1	alternative acceptor	0.911771015032422	0.0650692252666884	0.805187169153082	0.42256650572274	0.614166105112409	-0.0257278410383228	0.798373901371683	-0.0159664827935896	1	FALSE	FALSE
SMPD4	chr2	130182453	130182626	+	1	alternative acceptor		-0.123753175569701	-1.44123208982758	0.152582108121827	0.306154424614946	-0.00221220302268103	1	-0.030062739125412	0.967495893884277	FALSE	FALSE
MZT2B	chr2	130182453	130190468	+	1	alternative acceptor		0.123753175569701	1.44123208982758	0.152582108121827	0.306154424614946	0.00221220302268108	1	0.0300627391254121	0.967495893884277	FALSE	FALSE
PLEKHB2	chr2	131140276	131144407	+	1	alternative acceptor	0.127099243133514	0.15509145870215	1.65102850302562	0.101778665336049	0.223899897029691	-0.0436031449470224	0.680546396015288	-0.0170223151081507	1	FALSE	FALSE
PLEKHB2	chr2	131140276	131146636	+	1	alternative acceptor	0.872900756866486	-0.15509145870215	-1.65102850302562	0.101778665336049	0.223899897029691	0.0436031449470224	0.680546396015288	0.0170223151081507	1	FALSE	FALSE
RND3	chr2	150474985	150486693	-	1	alternative acceptor	0.97105613765404	0.0855683008607531	1.23051792228316	0.221306011380105	0.398023133106154	-0.00933478638903249	0.95197078235111	0.00808481792892587	1	FALSE	FALSE
RND3	chr2	150474985	150487267	-	0	alternative acceptor	0.0289438623459602	-0.0855683008607531	-1.23051792228316	0.221306011380105	0.398023133106154	0.00933478638903233	0.95197078235111	-0.00808481792892604	1	FALSE	FALSE
RBMS1	chr2	160281365	160282256	-	1	alternative acceptor	0.253339540084532	-0.125668776105672	-3.23539058692138	0.00163363359496847	0.00921391020976415	0.0399523188839416	0.213608849999586	0.0192787124276741	0.868189934646702	FALSE	FALSE
RBMS1	chr2	160281365	160284774	-	1	alternative acceptor	0.746660459915469	0.125668776105672	3.23539058692138	0.00163363359496847	0.00921391020976415	-0.0399523188839415	0.213608849999586	-0.0192787124276741	0.868189934646702	FALSE	FALSE
RBMS1	chr2	160285045	160286968	-	1	alternative acceptor	0.519392414536663	-0.0396629830930222	-1.29850703723208	0.197012925024431	0.368356766359588	0.0344843279675029	0.127177045277291	0.0320517093719417	0.449327775415958	FALSE	FALSE
RBMS1	chr2	160285045	160286977	-	1	alternative acceptor	0.480607585463337	0.0396629830930222	1.29850703723208	0.197012925024431	0.368356766359588	-0.0344843279675029	0.127177045277291	-0.0320517093719417	0.449327775415958	FALSE	FALSE
CYBRD1	chr2	171522739	171541584	+	1	alternative acceptor	0.952694034213908	0.00816135640973873	0.0975194869604858	0.922503373558728	0.996932342607957	0.000482626282663467	1	0.0024009289469225	1	FALSE	FALSE
CYBRD1	chr2	171522739	171553345	+	1	alternative acceptor	0.047305965786092	-0.0081613564097388	-0.0975194869604866	0.922503373558727	0.996932342607957	-0.000482626282663412	1	-0.00240092894692249	1	FALSE	FALSE
COL5A2	chr2	189072094	189075392	-	1	alternative acceptor	0.973340554672129	0.0422409933129814	0.417649816477392	0.677072507562445	0.828914182224577	-0.0478865283003284	0.665627705004693	-0.0473837329472926	0.885309445713496	FALSE	FALSE
COL5A2	chr2	189072094	189085718	-	0	alternative acceptor	0.026659445327871	-0.0422409933129816	-0.417649816477393	0.677072507562444	0.828914182224577	0.0478865283003283	0.665627705004693	0.0473837329472924	0.885309445713496	FALSE	FALSE
GLS	chr2	190910322	190913192	+	1	alternative acceptor	0.0951164094268262	-0.346979736388285	-5.31700401132994	6.15775552841734e-07	1.17441969211467e-05	-0.0109292607660971	0.941406122136108	-0.0906918221855916	0.189994392512747	FALSE	FALSE
GLS	chr2	190910322	190921023	+	1	alternative acceptor	0.904883590573174	0.346979736388285	5.31700401132993	6.15775552841744e-07	1.17441969211467e-05	0.0109292607660971	0.941406122136108	0.0906918221855916	0.189994392512747	FALSE	FALSE
GLS	chr2	190931638	190932715	+	1	alternative acceptor	0.833527374794732	0.353399461133002	5.57270211312182	2.01971321584719e-07	4.51910832045809e-06	-0.140385657212541	0.00114057330825421	-0.0874928680214451	0.189994392512747	FALSE	FALSE
GLS	chr2	190931638	190953564	+	1	alternative acceptor	0.166472625205268	-0.353399461133002	-5.57270211312182	2.01971321584719e-07	4.51910832045809e-06	0.140385657212541	0.00114057330825421	0.0874928680214451	0.189994392512747	FALSE	FALSE
MYO1B	chr2	191400469	191400748	+	1	alternative acceptor	0.158819649989283	0.337448699283814	7.32767855997862	5.43513396576e-11	2.75893889814176e-09	-0.0944553925690437	0.00718701496315975	-0.03654277923452	0.674991735339203	FALSE	FALSE
MYO1B	chr2	191400469	191402631	+	1	alternative acceptor	0.335776116909152	0.0141920057575282	0.395747629546693	0.693109745656982	0.841880801778356	-0.00798384938486507	0.874061935923047	-0.00629866838695491	1	FALSE	FALSE
MYO1B	chr2	191400469	191408114	+	1	alternative acceptor	0.505404233101565	-0.179939482734955	-4.60549025130523	1.18039305519425e-05	0.000144407078443009	0.0593983395367029	0.035526655059473	0.0302068808767698	0.685750082706529	FALSE	FALSE
SF3B1	chr2	197398582	197398968	-	1	alternative acceptor	0.0833807656302227	-0.114991973274333	-1.75129738711612	0.0828715347611481	0.19108209472723	-0.0283197491926862	0.700297042674018	-0.0593741219917134	0.559788001473919	FALSE	TRUE
SF3B1	chr2	197398582	197400054	-	1	alternative acceptor	0.916619234369777	0.114991973274333	1.75129738711612	0.082871534761148	0.19108209472723	0.0283197491926861	0.700297042674018	0.0593741219917133	0.559788001473919	FALSE	TRUE
SPATS2L	chr2	200419497	200439121	+	1	alternative acceptor	0.595679980693484	0.0597505367992653	1.27999819678639	0.203421159061918	0.376406616958424	-0.0297210431241065	0.495586947167869	-0.0218980265872054	0.885309445713496	FALSE	FALSE
SPATS2L	chr2	200419497	200440648	+	1	alternative acceptor	0.404320019306516	-0.0597505367992653	-1.27999819678639	0.203421159061918	0.376406616958424	0.0297210431241065	0.495586947167869	0.0218980265872055	0.885309445713496	FALSE	FALSE
FN1	chr2	215372016	215372108	-	1	alternative acceptor	0.806136576078895	0.168077046985946	7.03402324347263	2.27329437816362e-10	1.03086322401793e-08	-0.0632091836532829	0.00025414645910219	-0.0373876467641649	0.120841806739256	FALSE	FALSE
FN1	chr2	215372016	215372112	-	1	alternative acceptor	0.000611670212946722	1.06524336543582e-16	2.91633052427992e-14	0.999999999999977	1	-3.81273629963851e-17	1	-2.14003971945129e-17	1	FALSE	FALSE
FN1	chr2	215372016	215373321	-	1	alternative acceptor	0.193251753708158	-0.168743652736577	-7.02499761460778	2.37483323763272e-10	1.042167019577e-08	0.0634662831266293	0.00025414645910219	0.0375435348096653	0.120841806739256	FALSE	FALSE
FN1	chr2	215379318	215380810	-	1	alternative acceptor	0.505006444733885	0.418014168602084	11.1513293152139	2.05695007420034e-19	6.99568720235535e-17	-0.128820830115424	0.000129224789324505	-0.0592918506099746	0.115768042333729	FALSE	FALSE
FN1	chr2	215379318	215382211	-	1	alternative acceptor	0.494993555266115	-0.418014168602084	-11.1513293152139	2.05695007420034e-19	6.99568720235535e-17	0.128820830115424	0.000129224789324505	0.0592918506099746	0.115768042333729	FALSE	FALSE
FN1	chr2	215391815	215392930	-	1	alternative acceptor	0.130148754959552	0.362045232930156	10.7137814769647	1.9166770439209e-18	4.34574575091669e-16	-0.0882763545738284	0.00319944004041488	-0.0236985473367809	0.748927830086642	FALSE	FALSE
FN1	chr2	215391815	215394527	-	1	alternative acceptor	0.869851245040448	-0.362045232930156	-10.7137814769647	1.91667704392092e-18	4.34574575091669e-16	0.0882763545738284	0.00319944004041488	0.0236985473367809	0.748927830086642	FALSE	FALSE
CTDSP1	chr2	218401713	218402110	+	1	alternative acceptor	0.389494139554885	0.0542857041239198	0.543731676909625	0.587801104662684	0.765943125271183	-0.0310114685607517	0.800312332292369	-0.024653897726595	1	FALSE	FALSE
CTDSP1	chr2	218401713	218402113	+	1	alternative acceptor	0.610505860445115	-0.0542857041239198	-0.543731676909625	0.587801104662684	0.765943125271183	0.0310114685607517	0.800312332292369	0.024653897726595	1	FALSE	FALSE
MFF	chr2	227340381	227342744	+	1	alternative acceptor	0.219293039021008	0.0439883405955977	0.591715660742949	0.555337534757112	0.742122968844377	0.0146205223934273	0.895916087472835	0.0272083881619366	0.954354195671919	FALSE	FALSE
MFF	chr2	227340381	227347225	+	1	alternative acceptor	0.508078167515228	-0.087023054019438	-1.64956237971232	0.102079050081185	0.224353725816512	-0.027697518133668	0.624365915862068	-0.0523708925248423	0.482516833577077	FALSE	FALSE
MFF	chr2	227340381	227355676	+	1	alternative acceptor	0.272628793463765	0.0471083605585637	0.579663032731343	0.563407642465049	0.747911550360513	0.0345308131257435	0.7016274742757	0.0515422905622059	0.790958395735541	FALSE	FALSE
PTMA	chr2	231711420	231711886	+	1	alternative acceptor	0.262753538404405	-0.299568149532231	-3.42498160104558	0.000884029946905125	0.00569429138148551	0.0728205804284511	0.350142207125274	0.0193452103902375	1	FALSE	FALSE
PTMA	chr2	231711420	231711889	+	1	alternative acceptor	0.737246461595595	0.299568149532231	3.42498160104557	0.000884029946905131	0.00569429138148551	-0.0728205804284512	0.350142207125274	-0.0193452103902375	1	FALSE	FALSE
EIF4E2	chr2	232567215	232568944	+	1	alternative acceptor	0.711726223695446	0.0367151717267166	0.512796577573169	0.609191642006579	0.783312202065926	-0.0241447652679235	0.788473083121456	-0.0204381050450847	1	FALSE	FALSE
EIF4E2	chr2	232567215	232574262	+	1	alternative acceptor	0.139471317785593	-0.16226483538878	-2.00170609419269	0.0479458844040959	0.123533297619947	0.0447499290856075	0.596113275894501	0.0167769151143497	1	FALSE	FALSE
EIF4E2	chr2	232567215	232580903	+	1	alternative acceptor	0.148802458518961	0.0465511576489611	0.571688891343629	0.568778256033785	0.751229067483846	0.00529688725821577	1	0.0167145364730407	1	FALSE	FALSE
COL6A3	chr2	237377345	237378635	-	1	alternative acceptor	0.756691519164534	0.223136257997236	5.57880284669292	1.96608823877961e-07	4.45777740005963e-06	-0.0569088642878531	0.0714662971628595	-0.0175762896224698	0.913202703092532	FALSE	FALSE
COL6A3	chr2	237377345	237380914	-	1	alternative acceptor	0.219308980396177	-0.28532136726405	-6.76740195493249	8.2013874574038e-10	3.13403581377869e-08	0.0670621885091468	0.0478413916936699	0.0157006026103917	0.95020865976266	FALSE	FALSE
COL6A3	chr2	237377345	237396726	-	1	alternative acceptor	0.0239995004392888	0.364934248274002	6.67618239910767	1.26720452922693e-09	4.78862511544531e-08	-0.0555657569231216	0.302619915844845	0.015778576116616	1	FALSE	FALSE
COL6A3	chr2	237381500	237387581	-	1	alternative acceptor	0.622361885933979	0.0521979051741395	1.24510468993974	0.215918562885928	0.393747470442382	-0.0445000161233106	0.16287048030762	-0.0411334891764918	0.48353713966026	FALSE	FALSE
COL6A3	chr2	237381500	237396726	-	1	alternative acceptor	0.377638114066021	-0.0521979051741395	-1.24510468993974	0.215918562885928	0.393747470442382	0.0445000161233106	0.16287048030762	0.0411334891764918	0.48353713966026	FALSE	FALSE
COL6A3	chr2	237388185	237394586	-	1	alternative acceptor	0.2754902685435	-0.57375565758582	-13.6363146003251	8.25480844731648e-25	1.40373017646617e-21	0.129443002065897	0.00245057024595396	0.0251468029131654	0.801020692772742	FALSE	FALSE
COL6A3	chr2	237388185	237396726	-	1	alternative acceptor	0.7245097314565	0.57375565758582	13.6363146003251	8.25480844731648e-25	1.40373017646617e-21	-0.129443002065897	0.00245057024595396	-0.0251468029131654	0.801020692772742	FALSE	FALSE
LRRFIP1	chr2	237749325	237751199	+	1	alternative acceptor	0.15655698245844	0.00622298874836888	0.0672443898780678	0.9465175055997	1	0.00316656123695145	1	0.00515280551665283	1	FALSE	FALSE
LRRFIP1	chr2	237749325	237753308	+	1	alternative acceptor	0.84344301754156	-0.00622298874836897	-0.0672443898780687	0.946517505599699	1	-0.0031665612369514	1	-0.00515280551665282	1	FALSE	FALSE
LRRFIP1	chr2	237760206	237762602	+	1	alternative acceptor	0.743724633872138	0.396062758900083	7.62056510964463	1.28343328273303e-11	7.39823151622888e-10	-0.123597513937822	0.00147677948473481	-0.058008133354623	0.388844137308143	FALSE	FALSE
LRRFIP1	chr2	237760206	237769942	+	1	alternative acceptor	0.256275366127862	-0.396062758900083	-7.62056510964463	1.28343328273303e-11	7.39823151622888e-10	0.123597513937822	0.00147677948473481	0.0580081333546229	0.388844137308143	FALSE	FALSE
PPP1R7	chr2	241166442	241167044	+	1	alternative acceptor	0.142296218165884	-0.0851772852346629	-1.335517317378	0.184650878853037	0.351622418241421	0.0489445352370658	0.383286656695937	0.039022623782379	0.794575924840009	FALSE	FALSE
PPP1R7	chr2	241166442	241169780	+	1	alternative acceptor	0.857703781834116	0.0851772852346629	1.335517317378	0.184650878853037	0.351622418241421	-0.0489445352370658	0.383286656695937	-0.0390226237823791	0.794575924840009	FALSE	FALSE
HDLBP	chr2	241268542	241272760	-	1	alternative acceptor	0.279259618412065	0.0834174146376769	0.941026826847794	0.348892890228199	0.549090569026426	0.0177630749125121	0.89255631335651	0.0397703279633577	0.907169199855509	FALSE	FALSE
HDLBP	chr2	241268542	241315101	-	1	alternative acceptor	0.303071355474977	0.492198117707797	5.40996793381942	4.1182733224827e-07	8.64583183318745e-06	-0.0939777269190055	0.266209078400592	-0.00131434655936216	1	FALSE	FALSE
HDLBP	chr2	241268542	241315569	-	1	alternative acceptor	0.417669026112958	-0.262000855160427	-2.67788737923535	0.00862401030997336	0.0337129414531257	0.023801687510267	0.864201202457099	-0.0304295618172594	0.983234759464368	FALSE	FALSE
BOK	chr2	241572833	241572912	-	0	alternative acceptor		0	0	1	1	0	1	0	1	FALSE	FALSE
BOK	chr2	241572833	241573074	-	0	alternative acceptor		0	0	1	1	0	1	0	1	FALSE	FALSE
RBCK1	chr20	410026	410411	+	1	alternative acceptor	0.486240895094396	0.262958747167071	2.9603420891975	0.00381415659539216	0.0176489069128282	-0.0550662150697493	0.539591474745959	-0.00646931767278507	1	FALSE	FALSE
RBCK1	chr20	410026	417525	+	1	alternative acceptor	0.513759104905604	-0.262958747167071	-2.9603420891975	0.00381415659539216	0.0176489069128282	0.0550662150697493	0.539591474745959	0.00646931767278504	1	FALSE	FALSE
PSMF1	chr20	1164477	1165028	+	1	alternative acceptor	0.913150375348151	-0.080925330475956	-0.852444607022546	0.395945180361246	0.590618227372193	-0.0183129893610367	0.900174592752943	-0.0398649321118463	0.91701834432199	FALSE	FALSE
PSMF1	chr20	1164477	1166226	+	1	alternative acceptor	0.0868496246518489	0.080925330475956	0.852444607022545	0.395945180361246	0.590618227372193	0.0183129893610367	0.900174592752943	0.0398649321118464	0.91701834432199	FALSE	FALSE
ATRN	chr20	3604263	3615827	+	1	alternative acceptor	0.770855984942833	0.0346497722380898	0.494625036043397	0.621918206907188	0.792782541863324	-0.0163642395183412	0.865357879812485	-0.011664630904001	1	FALSE	FALSE
ATRN	chr20	3604263	3624510	+	1	alternative acceptor	0.229144015057167	-0.0346497722380897	-0.494625036043396	0.621918206907189	0.792782541863324	0.0163642395183412	0.865357879812485	0.0116646309040011	1	FALSE	FALSE
DSTN	chr20	17570212	17591931	+	1	alternative acceptor		0.00358795593329737	0.048012126608673	0.961800461518886	1	-0.0215883970712461	0.823063273377401	-0.0248214070043145	0.979943571204315	FALSE	FALSE
DSTN	chr20	17570212	17600737	+	1	alternative acceptor		-0.00358795593329737	-0.048012126608673	0.961800461518886	1	0.0215883970712461	0.823063273377401	0.0248214070043144	0.979943571204315	FALSE	FALSE
RRBP1	chr20	17643128	17658595	-	1	alternative acceptor	0.876587973431081	-0.101035530594559	-2.86951479936261	0.00498898928745963	0.0219502620525876	0.00316079155472091	0.986696852927282	-0.0188782444525381	0.853966070835217	FALSE	FALSE
RRBP1	chr20	17643128	17658604	-	1	alternative acceptor	0.123412026568919	0.101035530594559	2.86951479936261	0.00498898928745964	0.0219502620525876	-0.00316079155472091	0.986696852927282	0.0188782444525381	0.853966070835217	FALSE	FALSE
RRBP1	chr20	17660529	17679998	-	1	alternative acceptor		-0.111418621972604	-1.46922312796529	0.144849838634856	0.294759259067778	0.0421410547041074	0.583863984913074	0.0252342544494126	0.979361252070609	FALSE	FALSE
RRBP1	chr20	17660529	17682027	-	1	alternative acceptor		0.111418621972604	1.46922312796529	0.144849838634856	0.294759259067778	-0.0421410547041074	0.583863984913074	-0.0252342544494126	0.979361252070609	FALSE	FALSE
SMIM26	chr20	18567597	18569235	+	1	alternative acceptor	0.334542851742762	0.00220004763333342	0.0565729192947931	0.954995006554479	1	0.00713305275055968	0.908235881274469	0.00896026545936147	1	FALSE	FALSE
SMIM26	chr20	18567597	18569238	+	1	alternative acceptor	0.665457148257238	-0.0022000476333334	-0.0565729192947927	0.95499500655448	1	-0.00713305275055969	0.908235881274469	-0.00896026545936148	1	FALSE	FALSE
""	chr20	28583111	28583869	-	1	alternative acceptor	0.162503091848841	-0.0469407715093613	-0.590251367338276	0.556314920717374	0.742845326014836	0.00253800164105341	1	-0.00750117973009978	1	FALSE	FALSE
""	chr20	28583111	28586298	-	1	alternative acceptor	0.837496908151159	0.0469407715093613	0.590251367338277	0.556314920717373	0.742845326014836	-0.0025380016410534	1	0.00750117973009982	1	FALSE	FALSE
RALY	chr20	34073636	34073818	+	1	alternative acceptor	0.799938118177829	0.22821697000573	3.40989262233413	0.000929109480314268	0.00590635764962398	-0.113739035796945	0.00980507172051095	-0.0839001359005808	0.283277700446563	FALSE	FALSE
RALY	chr20	34073636	34075873	+	1	alternative acceptor	0.200061881822171	-0.22821697000573	-3.40989262233413	0.000929109480314264	0.00590635764962398	0.113739035796945	0.00980507172051095	0.0839001359005807	0.283277700446563	FALSE	FALSE
EIF6	chr20	35280119	35280653	-	1	alternative acceptor	0.89398801901335	-0.199470318868907	-2.19459979593025	0.0304385922902847	0.0883290549311081	0.0178552527807633	0.900174592752943	-0.0234825987932953	1	FALSE	FALSE
EIF6	chr20	35280119	35284175	-	1	alternative acceptor	0.10601198098665	0.199470318868907	2.19459979593024	0.0304385922902848	0.0883290549311081	-0.0178552527807633	0.900174592752943	0.0234825987932953	1	FALSE	FALSE
RBM39	chr20	35739018	35740524	-	1	alternative acceptor	0.396548836451021	-0.353574302257092	-4.97940202489047	2.57350772146509e-06	4.20793257726096e-05	0.0665201622580512	0.306569736437153	-0.000230395747919637	1	TRUE	FALSE
RBM39	chr20	35739018	35740823	-	1	alternative acceptor	0.603451163548979	0.353574302257092	4.97940202489047	2.5735077214651e-06	4.20793257726096e-05	-0.0665201622580512	0.306569736437153	0.000230395747919646	1	TRUE	FALSE
MYL9	chr20	36545069	36548031	+	1	alternative acceptor	0.944744214199501	-0.0753950678201795	-2.68310561268766	0.00849939642618859	0.0333407696026152	0.00568995761651807	0.896828292948174	-0.0101328716303562	0.963304295640554	FALSE	FALSE
MYL9	chr20	36545069	36548126	+	1	alternative acceptor	0.0178299211114818	0.0287799450419102	0.716299501838757	0.475427372761475	0.665128957121258	0.0133113030914034	0.791643123662757	0.022247804259925	0.846209634779681	FALSE	FALSE
MYL9	chr20	36545069	36549076	+	1	alternative acceptor	0.0374258646890168	0.102491747574302	2.87866875117124	0.00485706430670924	0.021621565061673	-0.0159373977036308	0.694659472203406	0.00403758612571713	1	FALSE	FALSE
RPN2	chr20	37236710	37238401	+	1	alternative acceptor	0.0589945168519467	0.186299625630699	3.32459866679215	0.00122730357041126	0.00729730671847682	-0.0198886251857597	0.788449142494701	0.0181188015734351	0.982438621677276	FALSE	FALSE
RPN2	chr20	37236710	37241302	+	1	alternative acceptor	0.941005483148053	-0.186299625630698	-3.32459866679215	0.00122730357041127	0.00729730671847682	0.0198886251857597	0.788449142494701	-0.0181188015734351	0.982438621677276	FALSE	FALSE
YWHAB	chr20	44885887	44887647	+	1	alternative acceptor	0.0667016094202506	0.136054162477288	1.73512028648506	0.0857105443236593	0.196326182103777	-0.0226871201369503	0.828078373457571	0.00354258595578027	1	FALSE	FALSE
YWHAB	chr20	44885887	44901530	+	1	alternative acceptor	0.933298390579749	-0.136054162477288	-1.73512028648506	0.0857105443236593	0.196326182103777	0.0226871201369503	0.828078373457571	-0.00354258595578027	1	FALSE	FALSE
""	chr20	49279209	49280484	+	1	alternative acceptor	0.844353014954037	-0.0757103213481474	-2.40002520170941	0.0181895159820888	0.0595978264499846	0.0233334894970159	0.418553547379619	0.0107407646867123	0.975637057719994	FALSE	FALSE
""	chr20	49279209	49289044	+	1	alternative acceptor	0.155646985045963	0.0757103213481474	2.40002520170941	0.0181895159820888	0.0595978264499846	-0.0233334894970159	0.418553547379619	-0.0107407646867123	0.975637057719994	FALSE	FALSE
""	chr20	49280571	49280902	+	1	alternative acceptor	0.32231044504176	-0.163853313573116	-3.60257756974059	0.000486929586974586	0.00342866982463885	0.0883551349034709	0.00247201683692532	0.0681839006904823	0.136124721976895	FALSE	FALSE
""	chr20	49280571	49289044	+	1	alternative acceptor	0.67768955495824	0.163853313573116	3.60257756974059	0.000486929586974583	0.00342866982463885	-0.0883551349034709	0.00247201683692532	-0.0681839006904823	0.136124721976895	FALSE	FALSE
GNAS	chr20	58895685	58898940	+	1	alternative acceptor	0.718271170666631	0.0186391078646559	0.912447060212255	0.363664162187838	0.564001100674984	0.0182819210909429	0.275119433229624	0.0258769293093529	0.277393731195914	FALSE	FALSE
GNAS	chr20	58895685	58903530	+	1	alternative acceptor	0.281728829333369	-0.0186391078646559	-0.912447060212255	0.363664162187838	0.564001100674984	-0.0182819210909429	0.275119433229624	-0.0258769293093529	0.277393731195914	FALSE	FALSE
ADRM1	chr20	62303782	62304460	+	1	alternative acceptor	0.799414404493223	-0.167585225262016	-2.10496799712176	0.0377267441214637	0.101994162763989	0.0410054634540722	0.637209752049209	0.0111402597992257	1	FALSE	FALSE
ADRM1	chr20	62303782	62306196	+	1	alternative acceptor	0.200585595506777	0.167585225262016	2.10496799712176	0.0377267441214637	0.101994162763989	-0.0410054634540723	0.637209752049209	-0.0111402597992258	1	FALSE	FALSE
TPD52L2	chr20	63873817	63875815	+	1	alternative acceptor	0.846459222134541	-0.0575223752642338	-1.63833080885866	0.104404032177185	0.227614175278593	0.00328315351247135	0.983784690777205	-0.00898673715055003	1	FALSE	FALSE
TPD52L2	chr20	63873817	63882718	+	1	alternative acceptor	0.153540777865459	0.0575223752642339	1.63833080885866	0.104404032177184	0.227614175278593	-0.0032831535124714	0.983784690777205	0.00898673715054999	1	FALSE	FALSE
""	chr21	6487413	6492130	-	1	alternative acceptor	0.750040955354735	0.0667946852857564	2.1319646549856	0.0353874902538552	0.0968245006865339	-0.00195544453231848	1	0.0126396810783457	0.925794517878951	FALSE	FALSE
""	chr21	6487413	6493043	-	1	alternative acceptor	0.249959044645265	-0.0667946852857563	-2.1319646549856	0.0353874902538552	0.0968245006865339	0.00195544453231847	1	-0.0126396810783458	0.925794517878951	FALSE	FALSE
APP	chr21	25897674	25905023	-	1	alternative acceptor	0.951823464765921	0.133400917578886	2.69794812246467	0.0081538305454623	0.0324341259475056	-0.0815230301651793	0.0110693910101547	-0.0668945115730096	0.21004074297852	FALSE	FALSE
APP	chr21	25897674	25911740	-	1	alternative acceptor	0.0481765352340788	-0.133400917578887	-2.69794812246468	0.00815383054546221	0.0324341259475056	0.0815230301651795	0.0110693910101547	0.0668945115730097	0.21004074297852	FALSE	FALSE
APP	chr21	25982478	25997359	-	1	alternative acceptor	0.632056300093789	-0.140784917498072	-5.29690406311703	6.71419756828472e-07	1.26160143258212e-05	0.0510394858436409	0.00595424062607606	0.0290542690847097	0.409302684141482	FALSE	FALSE
APP	chr21	25982478	26000014	-	1	alternative acceptor	0.337054214474616	0.131345148557685	4.85030408255978	4.38722620195352e-06	6.51570144665674e-05	-0.0494172286238765	0.00791132185551458	-0.0292428812429536	0.413913740044991	FALSE	FALSE
APP	chr21	25982478	26021839	-	1	alternative acceptor	0.0308894854315946	0.121587697718869	2.11479504743358	0.0368602204832877	0.100129081360752	-0.0363834660181834	0.508142560829031	-0.0159563023890648	1	FALSE	FALSE
SON	chr21	33557317	33557545	+	1	alternative acceptor	0.124163055252919	0.0681901213139087	1.2076394972556	0.229951671012344	0.407325850579679	-0.00825206122725458	0.941406122136108	0.00547766154215468	1	FALSE	FALSE
SON	chr21	33557317	33559229	+	1	alternative acceptor	0.875836944747081	-0.0681901213139087	-1.2076394972556	0.229951671012344	0.407325850579679	0.00825206122725455	0.941406122136108	-0.00547766154215471	1	FALSE	FALSE
MRPS6	chr21	34073746	34094862	+	1	alternative acceptor		0.114988960476223	0.744613673345321	0.458234353398763	0.647467817162108	-0.0500897397594026	0.793030961044261	-0.0338555741657894	1	FALSE	FALSE
MRPS6	chr21	34073746	34125340	+	1	alternative acceptor		-0.114988960476223	-0.744613673345321	0.458234353398763	0.647467817162108	0.0500897397594026	0.793030961044261	0.0338555741657893	1	FALSE	FALSE
TTC3	chr21	37156907	37157160	+	1	alternative acceptor	0.136905769259367	0.0225784499959305	0.214384096649277	0.830671397627435	0.938264172477884	-0.0442894029076841	0.705462987355531	-0.0475177613209697	0.905247893125774	FALSE	FALSE
TTC3	chr21	37156907	37159698	+	1	alternative acceptor	0.863094230740634	-0.0225784499959304	-0.214384096649276	0.830671397627436	0.938264172477884	0.0442894029076841	0.705462987355531	0.0475177613209697	0.905247893125774	FALSE	FALSE
HMGN1	chr21	39345275	39345829	-	1	alternative acceptor		-0.498502428821151	-3.93216345909624	0.000153657674714578	0.00131918664983427	0.0923462761623848	0.455103805975985	-0.0017401201169947	1	FALSE	FALSE
HMGN1	chr21	39345275	39348291	-	1	alternative acceptor		0.498502428821151	3.93216345909624	0.000153657674714578	0.00131918664983427	-0.0923462761623847	0.455103805975985	0.00174012011699485	1	FALSE	FALSE
U2AF1	chr21	43095744	43100452	-	1	alternative acceptor	0.750040955354735	0.0667946852857564	2.1319646549856	0.0353874902538552	0.0968245006865339	-0.00195544453231848	1	0.0126396810783457	0.925794517878951	TRUE	FALSE
U2AF1	chr21	43095744	43101365	-	1	alternative acceptor	0.249959044645265	-0.0667946852857563	-2.1319646549856	0.0353874902538552	0.0968245006865339	0.00195544453231847	1	-0.0126396810783458	0.925794517878951	TRUE	FALSE
COL6A2	chr21	46116815	46117399	+	1	alternative acceptor	0.993712915256415	0.132196845073367	3.53287498004341	0.000616821338637265	0.00417804791129535	-0.0314504114250614	0.345661972314058	-0.00772410181167063	1	FALSE	FALSE
MCM3AP	chr21	46116815	46366779	+	0	alternative acceptor	0.00628708474358466	-0.132196845073366	-3.5328749800434	0.000616821338637292	0.00417804791129535	0.0314504114250611	0.345661972314058	0.00772410181167038	1	FALSE	FALSE
COL6A2	chr21	46117937	46118613	+	1	alternative acceptor	0.982809472070315	0.064974880106349	1.02488616361694	0.307817893850011	0.505499110083963	-0.0237946917404618	0.749352234498729	-0.0136928156546075	1	FALSE	FALSE
COL6A2	chr21	46117937	46120514	+	0	alternative acceptor	0.0171905279296849	-0.0649748801063497	-1.02488616361695	0.307817893850006	0.505499110083963	0.023794691740462	0.749352234498729	0.0136928156546076	1	FALSE	FALSE
COL6A2	chr21	46124921	46125265	+	1	alternative acceptor	0.995016547833484	-0.0423717840335322	-1.3073439945832	0.194006762633104	0.364512463739126	0.0316625844115204	0.219027299508437	0.0280953514569347	0.593770447481842	FALSE	FALSE
COL6A2	chr21	46124921	46125464	+	1	alternative acceptor	0.00498345216651642	0.0423717840335322	1.30734399458319	0.194006762633105	0.364512463739126	-0.0316625844115205	0.219027299508437	-0.0280953514569349	0.593770447481842	FALSE	FALSE
COL6A2	chr21	46126542	46129195	+	1	alternative acceptor	0.0718896341771182	-0.240531501835868	-6.56653780949231	2.13184884117273e-09	7.71321054130686e-08	0.0939424131999847	0.00025414645910219	0.0576417421475001	0.117957131039667	FALSE	FALSE
COL6A2	chr21	46126542	46131953	+	1	alternative acceptor	0.928110365822882	0.240531501835868	6.56653780949231	2.13184884117269e-09	7.71321054130686e-08	-0.0939424131999847	0.00025414645910219	-0.0576417421475001	0.117957131039667	FALSE	FALSE
PRMT2	chr21	46635764	46636438	+	1	alternative acceptor		-0.0815351281590078	-0.626583155821029	0.532332358525743	0.721299741572132	-0.00568440091319105	1	-0.0248160942392101	1	FALSE	FALSE
PRMT2	chr21	46635764	46636895	+	1	alternative acceptor		0.0815351281590078	0.626583155821029	0.532332358525743	0.721299741572132	0.00568440091319105	1	0.0248160942392101	1	FALSE	FALSE
RANBP1	chr22	20126369	20126951	+	1	alternative acceptor	0.580679199218265	-0.0229507368663178	-0.715108835997797	0.476159597555543	0.665605750631485	-0.00770070987447755	0.863205297776067	-0.0142819427905016	0.908552550007806	FALSE	FALSE
RANBP1	chr22	20126369	20126954	+	1	alternative acceptor	0.419320800781735	0.0229507368663178	0.715108835997796	0.476159597555543	0.665605750631485	0.00770070987447755	0.863205297776067	0.0142819427905016	0.908552550007806	FALSE	FALSE
AP1B1	chr22	29359960	29363000	-	1	alternative acceptor	0.504672897196262	-0.015268594514397	-0.284905334845957	0.776288730824676	0.900156145085142	0.00594476924937909	0.971905873218505	0.00363698252620266	1	FALSE	FALSE
""	chr22	29359960	29419154	-	1	alternative acceptor	0.495327102803738	0.015268594514397	0.284905334845957	0.776288730824676	0.900156145085142	-0.00594476924937909	0.971905873218505	-0.00363698252620266	1	FALSE	FALSE
AP1B1	chr22	29363107	29367206	-	1	alternative acceptor		-0.0764793893630965	-1.0405996183636	0.300546004759265	0.497650733319173	0.0234026461690758	0.798373901371683	0.0107632243974053	1	FALSE	FALSE
""	chr22	29363107	29423124	-	0	alternative acceptor		0.0764793893630966	1.0405996183636	0.300546004759264	0.497650733319173	-0.0234026461690758	0.798373901371683	-0.0107632243974053	1	FALSE	FALSE
RBFOX2	chr22	35746562	35756104	-	1	alternative acceptor	0.723023966788407	0.126229722470753	2.33403748491613	0.0215351682478923	0.0673675580885851	0.000976280905125514	1	0.0294323699679079	0.848189455074918	FALSE	FALSE
RBFOX2	chr22	35746562	35759887	-	1	alternative acceptor	0.276976033211593	-0.126229722470753	-2.33403748491613	0.0215351682478923	0.0673675580885851	-0.000976280905125498	1	-0.0294323699679079	0.848189455074918	FALSE	FALSE
LGALS1	chr22	37675712	37676855	+	1	alternative acceptor	0.00238901437758503	0.00827844781176394	0.691558581203177	0.49077044161541	0.681547681475713	-0.00480879864205537	0.724659214924882	-0.00385417842517663	0.983234759464368	FALSE	FALSE
LGALS1	chr22	37675712	37676985	+	1	alternative acceptor	0.997610985622415	-0.00827844781176386	-0.691558581203171	0.490770441615414	0.681547681475713	0.00480879864205533	0.724659214924882	0.0038541784251766	0.983234759464368	FALSE	FALSE
LGALS1	chr22	37677066	37678375	+	1	alternative acceptor	0.0148738484351484	0.053403745706485	1.19973819150414	0.23299344508733	0.410788339420431	-0.0153680464182834	0.784713954825261	-0.00628148050023662	1	FALSE	FALSE
LGALS1	chr22	37677066	37678482	+	1	alternative acceptor	0.965912418448599	-0.110013063687264	-4.75346256521261	6.51231164010801e-06	8.65170776875287e-05	0.0161899802922169	0.495537172398375	-0.00542240597706615	1	FALSE	FALSE
LGALS1	chr22	37677066	37679602	+	1	alternative acceptor	0.019213733116253	0.144269895470703	5.59201743617458	1.85467483395368e-07	4.23338866461508e-06	-0.0148381284402538	0.637209752049209	0.0147001445274339	0.829640025388377	FALSE	FALSE
DDX17	chr22	38486441	38487872	-	1	alternative acceptor	0.374959775017807	-0.00675826660596695	-0.144390450046904	0.885474302659042	0.97585810218516	0.0299960757431073	0.48521107300803	0.0340939367017512	0.724286934008306	FALSE	FALSE
DDX17	chr22	38486441	38487878	-	1	alternative acceptor	0.625040224982193	0.00675826660596699	0.144390450046904	0.885474302659042	0.97585810218516	-0.0299960757431073	0.48521107300803	-0.0340939367017512	0.724286934008306	FALSE	FALSE
SNU13	chr22	41680365	41682355	-	1	alternative acceptor		-7.19714608662293e-05	-0.000507964305363795	0.999595715097018	1	0.0459483435392106	0.793030961044261	0.0545159132598666	0.944113575193574	TRUE	FALSE
SNU13	chr22	41680365	41688793	-	1	alternative acceptor		7.19714608660988e-05	0.000507964305362874	0.999595715097019	1	-0.0459483435392106	0.793030961044261	-0.0545159132598665	0.944113575193574	TRUE	FALSE
RRP7A	chr22	42512996	42514105	-	1	alternative acceptor		-0.120345250969237	-1.28320004547992	0.202329875191462	0.374795155515339	0.0158444264346886	0.927791299690649	-0.00816415601694805	1	FALSE	FALSE
""	chr22	42512996	42575930	-	0	alternative acceptor		0.120345250969237	1.28320004547992	0.202329875191462	0.374795155515339	-0.0158444264346886	0.927791299690649	0.00816415601694805	1	FALSE	FALSE
FBLN1	chr22	45550616	45562911	+	1	alternative acceptor	0.45642602647394	0.225461314392103	2.89817843451488	0.00458651498741223	0.020715454810344	-0.0422404843994455	0.620314310192263	0.000356996685968775	1	FALSE	FALSE
FBLN1	chr22	45550616	45574510	+	1	alternative acceptor	0.54357397352606	-0.225461314392103	-2.89817843451488	0.00458651498741225	0.020715454810344	0.0422404843994455	0.620314310192263	-0.000356996685968775	1	FALSE	FALSE
EMC3	chr3	9977447	9986506	-	1	alternative acceptor	0.795533910718376	0.173958388201821	2.97051387295783	0.00369983785240874	0.0172243012444203	-0.0591041614013628	0.219027299508437	-0.0311973384553164	0.854865954890601	FALSE	FALSE
EMC3	chr3	9977447	10026040	-	0	alternative acceptor	0.204466089281624	-0.173958388201822	-2.97051387295783	0.00369983785240871	0.0172243012444203	0.0591041614013628	0.219027299508437	0.0311973384553164	0.854865954890601	FALSE	FALSE
BRK1	chr3	10115820	10118905	+	1	alternative acceptor	0.0361917696739817	0.222829502535206	2.70037544954028	0.00809854672822607	0.0324257155619484	-0.0631525958722791	0.4047453079066	-0.0250567942057564	0.983234759464368	FALSE	FALSE
BRK1	chr3	10115820	10125625	+	1	alternative acceptor	0.963808230326018	-0.222829502535205	-2.70037544954028	0.00809854672822609	0.0324257155619484	0.0631525958722791	0.4047453079066	0.0250567942057565	0.983234759464368	FALSE	FALSE
RAF1	chr3	12604290	12606200	-	1	alternative acceptor	0.869004366607989	-0.0149595330880754	-0.178100170145771	0.858994119768231	0.961948963230739	0.020057287269047	0.863205297776067	0.0204588666726151	1	FALSE	FALSE
RAF1	chr3	12604290	12608765	-	1	alternative acceptor	0.130995633392011	0.0149595330880754	0.178100170145771	0.858994119768231	0.961948963230739	-0.020057287269047	0.863205297776067	-0.0204588666726151	1	FALSE	FALSE
FBLN2	chr3	13619832	13621774	+	1	alternative acceptor	0.0268863061833576	-0.266470250748192	-3.99042227528789	0.000123692756787102	0.00110414452974523	0.0340647379969252	0.664166203999123	-0.0192475940969669	1	FALSE	FALSE
FBLN2	chr3	13619832	13626444	+	1	alternative acceptor	0.91903836001789	0.117108267810166	2.29528601835924	0.0237437852399179	0.0725540104231455	-0.0124747915454354	0.863205297776067	0.0114218374861569	1	FALSE	FALSE
FBLN2	chr3	13619832	13628904	+	0	alternative acceptor	0.0540753337987527	0.045989435784229	0.494968440785417	0.621676617998289	0.792782541863324	-0.0207853215325605	0.872881226588809	-0.0143728958662647	1	FALSE	FALSE
FBLN2	chr3	13626580	13627831	+	1	alternative acceptor	0.932851944036009	0.188820737296648	3.64303281193946	0.000423891311646601	0.00304146487533774	-0.0919331856333754	0.00697026541680148	-0.0668390204410435	0.253864116044917	FALSE	FALSE
FBLN2	chr3	13626580	13636444	+	0	alternative acceptor	0.0671480559639912	-0.188820737296648	-3.64303281193946	0.000423891311646601	0.00304146487533774	0.0919331856333754	0.00697026541680148	0.0668390204410434	0.253864116044917	FALSE	FALSE
FBLN2	chr3	13629049	13629163	+	1	alternative acceptor	0.695944416391656	0.0382812975522369	1.83953849781823	0.0687161650082852	0.164464234477958	-0.00288557524723373	0.950249406032034	0.00514899843965299	1	FALSE	FALSE
FBLN2	chr3	13629049	13629819	+	0	alternative acceptor	0.0741060545937547	-0.0320222963597373	-0.671217409194661	0.503584559455579	0.693477179907339	0.00468510699837139	0.982338193204887	-0.00161089730198025	1	FALSE	FALSE
FBLN2	chr3	13629049	13630698	+	0	alternative acceptor	0.22994952901459	-0.0316125431983727	-1.79596453494971	0.0754319908715277	0.177539239414578	0.00168184756081872	0.983784690777205	-0.00508422224683465	1	FALSE	FALSE
FBLN2	chr3	13629946	13630698	+	1	alternative acceptor	0.963953963061296	-0.277175132252779	-3.64652602114441	0.000418826900710518	0.00301786078245015	0.0525443074864565	0.475628551183765	0.000291372775282669	1	FALSE	FALSE
FBLN2	chr3	13629946	13631328	+	1	alternative acceptor	0.0360460369387035	0.277175132252779	3.64652602114441	0.000418826900710515	0.00301786078245015	-0.0525443074864564	0.475628551183765	-0.000291372775282462	1	FALSE	FALSE
UBP1	chr3	33402905	33408689	-	1	alternative acceptor	0.371907810929761	-0.0556686502352223	-0.987805037049854	0.325562946704084	0.523153246835165	0.00725573972460564	0.956291682707003	-0.0038557626586333	1	FALSE	FALSE
UBP1	chr3	33402905	33409235	-	1	alternative acceptor	0.628092189070239	0.0556686502352223	0.987805037049854	0.325562946704084	0.523153246835165	-0.00725573972460562	0.956291682707003	0.00385576265863332	1	FALSE	FALSE
CTNNB1	chr3	41239355	41239659	+	1	alternative acceptor	0.455418443241702	-0.131334410362967	-3.69375123550745	0.000355747901938881	0.00264748055687995	0.0540416225129578	0.0284683762803798	0.0347348025590734	0.48353713966026	FALSE	FALSE
CTNNB1	chr3	41239355	41239818	+	1	alternative acceptor	0.544581556758298	0.131334410362967	3.69375123550745	0.000355747901938882	0.00264748055687995	-0.0540416225129578	0.0284683762803798	-0.0347348025590734	0.48353713966026	FALSE	FALSE
ZDHHC3	chr3	44929437	44932906	-	1	alternative acceptor	0.145434998615393	0.191047327070487	2.93017661304483	0.00417260202606683	0.018971951190713	-0.0633841234073891	0.243455824701381	-0.0324503368133699	0.866752509178043	FALSE	FALSE
ZDHHC3	chr3	44929437	44933117	-	1	alternative acceptor	0.854565001384607	-0.191047327070486	-2.93017661304483	0.00417260202606684	0.018971951190713	0.063384123407389	0.243455824701381	0.0324503368133699	0.866752509178043	FALSE	FALSE
MAP4	chr3	47857513	47867245	-	1	alternative acceptor	0.918913991509138	-0.0896301339624668	-1.78947526109413	0.0764771939118852	0.179145964077454	-0.00482555037268654	0.983784690777205	-0.0258040277664855	0.86095732319391	FALSE	FALSE
MAP4	chr3	47857513	47870812	-	1	alternative acceptor	0.0810860084908622	0.0896301339624668	1.78947526109413	0.0764771939118852	0.179145964077454	0.00482555037268655	0.983784690777205	0.0258040277664856	0.86095732319391	FALSE	FALSE
MAP4	chr3	47869328	47870812	-	1	alternative acceptor	0.90800288906649	-0.202698316649783	-3.01536969909592	0.0032324398734434	0.0155984951875324	0.0506213175403243	0.418553547379619	0.014690254878872	1	FALSE	FALSE
MAP4	chr3	47869328	47870857	-	1	alternative acceptor	0.0919971109335104	0.202698316649783	3.01536969909592	0.00323243987344341	0.0155984951875324	-0.0506213175403243	0.418553547379619	-0.014690254878872	1	FALSE	FALSE
MAP4	chr3	47917175	47918718	-	1	alternative acceptor	0.915308264123191	-0.091669080208675	-2.18369070006116	0.0312545050819074	0.0900055645923517	0.0539688565301736	0.0685154248043888	0.043532826193937	0.464616772805265	FALSE	FALSE
MAP4	chr3	47917175	47921764	-	1	alternative acceptor	0.0846917358768091	0.091669080208675	2.18369070006116	0.0312545050819075	0.0900055645923517	-0.0539688565301736	0.0685154248043888	-0.043532826193937	0.464616772805265	FALSE	FALSE
TMA7	chr3	48440459	48440540	+	1	alternative acceptor	0.901606439079372	0.0929476121567	1.05834969305106	0.292371792926174	0.48695223689614	-0.0348770528172611	0.726933980894644	-0.0205829957079469	1	FALSE	FALSE
TMA7	chr3	48440459	48440544	+	1	alternative acceptor	0.098393560920628	-0.0929476121567001	-1.05834969305106	0.292371792926173	0.48695223689614	0.034877052817261	0.726933980894644	0.0205829957079468	1	FALSE	FALSE
NDUFAF3	chr3	49022769	49022875	+	1	alternative acceptor	0.843419011026706	0.0155133838136955	0.315028757940779	0.753377141609346	0.889974178052583	-0.0265631917827953	0.598806405815995	-0.0280578288796067	0.829640025388377	FALSE	FALSE
NDUFAF3	chr3	49022769	49022877	+	1	alternative acceptor	0.156580988973294	-0.0155133838136955	-0.315028757940781	0.753377141609345	0.889974178052583	0.0265631917827953	0.598806405815995	0.0280578288796067	0.829640025388377	FALSE	FALSE
LAMB2	chr3	49124101	49124189	-	1	alternative acceptor	0.61550129075511	0.123523330973179	2.40430793938419	0.0179892598112887	0.0591967871416803	-0.026017953278796	0.645915822795799	-0.00321807948504588	1	FALSE	FALSE
LAMB2	chr3	49124101	49130230	-	0	alternative acceptor	0.38449870924489	-0.123523330973179	-2.40430793938419	0.0179892598112887	0.0591967871416803	0.026017953278796	0.645915822795799	0.00321807948504589	1	FALSE	FALSE
FLNB	chr3	58138530	58141857	+	1	alternative acceptor	0.848635263246233	-0.0171020553277473	-0.153428569132198	0.87836050818849	0.973231700552616	-0.0568805865201519	0.632497315433318	-0.0713522795877324	0.790958395735541	FALSE	FALSE
FLNB	chr3	58138530	58142649	+	1	alternative acceptor	0.151364736753767	0.0171020553277473	0.153428569132198	0.87836050818849	0.973231700552616	0.0568805865201519	0.632497315433318	0.0713522795877324	0.790958395735541	FALSE	FALSE
COL8A1	chr3	99675722	99691398	+	1	alternative acceptor	0.113448659188788	-0.296632243462116	-2.16648604392318	0.0325799710713555	0.0926458876368564	0.0317009103479235	0.8705043106488	-0.0288094480601223	1	FALSE	FALSE
COL8A1	chr3	99675722	99744896	+	1	alternative acceptor	0.886551340811212	0.296632243462116	2.16648604392317	0.0325799710713556	0.0926458876368564	-0.0317009103479235	0.8705043106488	0.0288094480601223	1	FALSE	FALSE
COL8A1	chr3	99791011	99794226	+	1	alternative acceptor	0.162735830624101	0.0640931255894552	1.08327090242974	0.281217549729683	0.470679570192251	-0.0438479259329125	0.404856144971538	-0.0376950672585781	0.790958395735541	FALSE	FALSE
COL8A1	chr3	99791011	99794229	+	1	alternative acceptor	0.837264169375899	-0.0640931255894552	-1.08327090242974	0.281217549729683	0.470679570192251	0.0438479259329126	0.404856144971538	0.0376950672585781	0.790958395735541	FALSE	FALSE
TMEM45A	chr3	100492929	100519461	+	1	alternative acceptor	0.285492543571314	-0.0727119054443745	-1.08585488956526	0.280078001280788	0.469673992714115	-0.0526750106485242	0.356510427833809	-0.0788156542845124	0.338675586248181	FALSE	FALSE
TMEM45A	chr3	100492929	100555208	+	1	alternative acceptor	0.714507456428686	0.0727119054443745	1.08585488956526	0.280078001280788	0.469673992714115	0.0526750106485242	0.356510427833809	0.0788156542845124	0.338675586248181	FALSE	FALSE
ALCAM	chr3	105550260	105552143	+	1	alternative acceptor	0.880106985615289	-0.23711038589767	-4.31884290424758	3.6191544238231e-05	0.000375266591323853	0.0768075085433347	0.059124675468609	0.0380675497434319	0.757064859105487	FALSE	FALSE
ALCAM	chr3	105550260	105552467	+	1	alternative acceptor	0.119893014384711	0.23711038589767	4.31884290424758	3.61915442382309e-05	0.000375266591323853	-0.0768075085433347	0.059124675468609	-0.0380675497434319	0.757064859105487	FALSE	FALSE
CD47	chr3	108047293	108051938	-	1	alternative acceptor	0.909770018811276	-0.240766310330234	-3.19383077804454	0.00186307274908315	0.0101995243338372	0.0250085967729545	0.799526193211548	-0.0242406664006153	0.983234759464368	FALSE	FALSE
CD47	chr3	108047293	108057476	-	1	alternative acceptor	0.0902299811887235	0.240766310330234	3.19383077804454	0.00186307274908316	0.0101995243338372	-0.0250085967729545	0.799526193211548	0.0242406664006153	0.983234759464368	FALSE	FALSE
NECTIN3	chr3	111126336	111133634	+	1	alternative acceptor	0.85262933534552	-0.105186693502654	-1.15449408666167	0.250969209952786	0.432832800735003	-0.0452162606400945	0.645915822795799	-0.0772353719972969	0.61550807669412	FALSE	FALSE
NECTIN3	chr3	111126336	111144898	+	1	alternative acceptor	0.14737066465448	0.105186693502654	1.15449408666166	0.250969209952786	0.432832800735003	0.0452162606400945	0.645915822795799	0.0772353719972969	0.61550807669412	FALSE	FALSE
CCDC80	chr3	112605764	112607175	-	1	alternative acceptor	0.986806919860035	-0.0775051776843536	-2.15813193711418	0.0332410153690788	0.093741868383281	0.0376977123857093	0.180154543315143	0.0273901980522639	0.686024928078753	FALSE	FALSE
CCDC80	chr3	112605764	112609977	-	1	alternative acceptor	0.0131930801399653	0.0775051776843542	2.1581319371142	0.0332410153690774	0.093741868383281	-0.0376977123857095	0.180154543315143	-0.027390198052264	0.686024928078753	FALSE	FALSE
CCDC80	chr3	112639917	112640326	-	1	alternative acceptor	0.847685735298152	-0.0479364336830564	-1.55016626354607	0.124168884903263	0.261161643510203	0.0559012377947624	0.00345879834709235	0.055622130082321	0.0639884332377504	FALSE	FALSE
CCDC80	chr3	112639917	112640563	-	1	alternative acceptor	0.0251934410152246	0.165022249230564	4.46631336136713	2.04456742955515e-05	0.000234127064913032	-0.0435473686933383	0.148936436532178	-0.0147317653537469	0.930019392887584	FALSE	FALSE
CCDC80	chr3	112639917	112640923	-	1	alternative acceptor	0.127120823686623	0.0191163298950656	0.576166365516267	0.565759605379505	0.749583640293436	-0.0542032204417428	0.00882972504211535	-0.0600616955493243	0.0613848873583178	FALSE	FALSE
ITGB5	chr3	124796818	124809021	-	1	alternative acceptor	0.920951920092759	-0.089846001626689	-1.67311244761772	0.0973398255974186	0.216374344350863	0.0153524598761526	0.829651735581437	-0.00189950714997131	1	FALSE	FALSE
ITGB5	chr3	124796818	124817620	-	1	alternative acceptor	0.0790480799072413	0.0898460016266891	1.67311244761772	0.0973398255974186	0.216374344350863	-0.0153524598761527	0.829651735581437	0.00189950714997124	1	FALSE	FALSE
ITGB5	chr3	124809157	124817620	-	1	alternative acceptor	0.954163086237197	0.101705843052464	2.17394192348733	0.0319996790673069	0.0912426450793557	-0.0448650844628416	0.239677809356536	-0.0304778637835015	0.790072509883377	FALSE	FALSE
ITGB5	chr3	124809157	124819738	-	1	alternative acceptor	0.045836913762803	-0.101705843052464	-2.17394192348733	0.0319996790673067	0.0912426450793557	0.0448650844628416	0.239677809356536	0.0304778637835015	0.790072509883377	FALSE	FALSE
CNBP	chr3	129171539	129171633	-	1	alternative acceptor	0.484197851017807	0.00760596255963514	0.24384361529067	0.807836969338783	0.920803070188003	-0.029524650277552	0.233057275267834	-0.0333444475156173	0.425255625789379	FALSE	FALSE
CNBP	chr3	129171539	129171654	-	1	alternative acceptor	0.515802148982193	-0.00760596255963511	-0.243843615290669	0.807836969338784	0.920803070188003	0.029524650277552	0.233057275267834	0.0333444475156173	0.425255625789379	FALSE	FALSE
CDV3	chr3	133575116	133584001	+	1	alternative acceptor	0.923225077754598	-0.162695389325451	-1.77320147339148	0.0791511388121234	0.184505156339981	-0.0146179879718271	0.934388491855706	-0.0537938688482569	0.802520554110372	FALSE	FALSE
CDV3	chr3	133575116	133584004	+	1	alternative acceptor	0.076774922245402	0.162695389325451	1.77320147339148	0.0791511388121232	0.184505156339981	0.0146179879718271	0.934388491855706	0.0537938688482569	0.802520554110372	FALSE	FALSE
CDV3	chr3	133586723	133587158	+	1	alternative acceptor	0.277432035190756	-0.24210300727856	-4.16965207360488	6.37261278137125e-05	0.000610514255477285	0.121909240378218	0.00114057330825421	0.0904885545065605	0.120865502124751	FALSE	FALSE
CDV3	chr3	133586723	133587161	+	1	alternative acceptor	0.0731921842055292	0.00156364340593772	0.0173255357305695	0.986210430638987	1	0.00924985495306057	0.978736285209177	0.0113305303143128	1	FALSE	FALSE
CDV3	chr3	133586723	133587895	+	1	alternative acceptor	0.473487826191927	0.196655308201708	2.96709770380395	0.00373787426159811	0.0173450326291939	-0.109075741766906	0.011893704755384	-0.0854337520890952	0.253864116044917	FALSE	FALSE
CDV3	chr3	133586723	133588352	+	1	alternative acceptor	0.175887954411788	0.0546786486029588	0.597166905805806	0.55170643885365	0.738431168257089	0.024766757823781	0.838155612483686	0.0416472195828954	0.902506498809721	FALSE	FALSE
MRPS22	chr3	139344199	139346877	+	1	alternative acceptor		-0.125168375037718	-0.997862419603349	0.320730773045331	0.518936897776961	0.064170437870662	0.631919423855584	0.0483036449067858	0.944113575193574	FALSE	FALSE
MRPS22	chr3	139344199	139346880	+	1	alternative acceptor		0.125168375037718	0.99786241960335	0.320730773045331	0.518936897776961	-0.064170437870662	0.631919423855584	-0.0483036449067858	0.944113575193574	FALSE	FALSE
MBNL1	chr3	152269093	152299404	+	1	alternative acceptor	0.819280230220827	0.756418411647039	4.56139677291754	1.40629437905199e-05	0.000169603091601271	-0.0506962323336653	0.831339297884748	0.109245302143001	0.781325204460825	FALSE	FALSE
MBNL1	chr3	152269093	152414940	+	1	alternative acceptor	0.180719769779173	-0.756418411647039	-4.56139677291754	1.40629437905199e-05	0.000169603091601271	0.0506962323336653	0.831339297884748	-0.109245302143001	0.781325204460825	FALSE	FALSE
MBNL1	chr3	152445540	152446703	+	1	alternative acceptor	0.0915165160236668	0.372594158525743	4.44274004426863	2.24171539348041e-05	0.000251619605717059	-0.0403093234822978	0.691973437121038	0.0356048501844908	0.91701834432199	FALSE	FALSE
MBNL1	chr3	152445540	152447619	+	1	alternative acceptor	0.908483483976333	-0.372594158525744	-4.44274004426863	2.2417153934804e-05	0.000251619605717059	0.0403093234822978	0.691973437121038	-0.0356048501844908	0.91701834432199	FALSE	FALSE
MBNL1	chr3	152447774	152455541	+	1	alternative acceptor	0.678481308361675	0.292970676791946	6.05609484179562	2.29717147124304e-08	6.67750442196375e-07	-0.062653497354911	0.131496343192769	-0.0087538188780754	1	FALSE	FALSE
MBNL1	chr3	152447774	152456266	+	1	alternative acceptor	0.198715348147201	-0.184711092122192	-2.72589604363126	0.00753756915048056	0.0307009253662088	0.0268161861020443	0.737594343865282	-0.00953944037388818	1	FALSE	FALSE
MBNL1	chr3	152447774	152459270	+	1	alternative acceptor	0.122803343491124	-0.32716636330953	-4.17085455583844	6.34393085492054e-05	0.000609483300496745	0.0672249075115279	0.345828646836278	0.00652114976186415	1	FALSE	FALSE
GOLIM4	chr3	168027838	168029219	-	1	alternative acceptor	0.264631504212217	0.0140681883349984	0.150129575834772	0.880955982946924	0.974034882315504	0.0299011287640462	0.798373901371683	0.0386460216088775	0.921382924544024	FALSE	FALSE
GOLIM4	chr3	168027838	168029222	-	1	alternative acceptor	0.735368495787783	-0.0140681883349984	-0.150129575834772	0.880955982946924	0.974034882315504	-0.0299011287640463	0.798373901371683	-0.0386460216088775	0.921382924544024	FALSE	FALSE
FXR1	chr3	180970359	180975312	+	1	alternative acceptor	0.453284488949078	0.0452805283162037	1.04931483218361	0.296489107978268	0.492603544813917	-0.0135752757064553	0.800312332292369	-0.00597279325837518	1	FALSE	FALSE
FXR1	chr3	180970359	180976121	+	1	alternative acceptor	0.546715511050922	-0.0452805283162037	-1.04931483218361	0.296489107978268	0.492603544813917	0.0135752757064553	0.800312332292369	0.00597279325837516	1	FALSE	FALSE
EIF4G1	chr3	184323242	184323404	+	1	alternative acceptor		0.150815566590755	1.30866191102222	0.193709572206514	0.364383990638471	-0.084151734111425	0.413116134796472	-0.0662720915573129	0.818254984179186	FALSE	FALSE
EIF4G1	chr3	184323242	184323407	+	1	alternative acceptor		-0.150815566590755	-1.30866191102222	0.193709572206514	0.364383990638471	0.084151734111425	0.413116134796472	0.0662720915573129	0.818254984179186	FALSE	FALSE
EIF4A2	chr3	186783640	186784428	+	1	alternative acceptor		0.153512430869921	1.23192081644012	0.220926376695713	0.397761041366924	-0.0726220339483129	0.549633883024578	-0.0523474523936608	0.91701834432199	FALSE	FALSE
EIF4A2	chr3	186783640	186784431	+	1	alternative acceptor		-0.153512430869921	-1.23192081644012	0.220926376695713	0.397761041366924	0.0726220339483128	0.549633883024578	0.0523474523936608	0.91701834432199	FALSE	FALSE
EIF4A2	chr3	186784697	186784961	+	1	alternative acceptor	0.544993145977684	-0.193689732440223	-4.63900852570383	1.03259960251134e-05	0.000126961760572203	0.0133341689543693	0.823063273377401	-0.0275547184847124	0.781325204460825	FALSE	FALSE
EIF4A2	chr3	186784697	186785882	+	1	alternative acceptor	0.455006854022316	0.193689732440223	4.63900852570383	1.03259960251134e-05	0.000126961760572203	-0.0133341689543693	0.823063273377401	0.0275547184847124	0.781325204460825	FALSE	FALSE
EIF4A2	chr3	186787883	186788309	+	1	alternative acceptor	0.227086021884449	0.309910883531204	6.05666887580162	2.29114011351964e-08	6.67750442196375e-07	-0.032845106836789	0.583863984913074	0.0304254016051494	0.801020692772742	FALSE	FALSE
EIF4A2	chr3	186787883	186789124	+	1	alternative acceptor	0.772913978115551	-0.309910883531204	-6.05666887580162	2.29114011351961e-08	6.67750442196375e-07	0.032845106836789	0.583863984913074	-0.0304254016051493	0.801020692772742	FALSE	FALSE
ADD1	chr4	2926113	2926641	+	1	alternative acceptor	0.0592003916876733	0.231291310227083	3.03757649441085	0.00302182580164236	0.0147238245721858	-0.0521983434842336	0.472367357846902	-0.0101579322468763	1	FALSE	FALSE
ADD1	chr4	2926113	2928170	+	1	alternative acceptor	0.940799608312327	-0.231291310227083	-3.03757649441085	0.00302182580164236	0.0147238245721858	0.0521983434842336	0.472367357846902	0.0101579322468764	1	FALSE	FALSE
FIP1L1	chr4	53399840	53414614	+	1	alternative acceptor	0.643473655639591	-0.145227968017593	-3.62830625947683	0.000445886433321375	0.00317916092185743	0.0326697302674639	0.373151492447988	0.00625276425371968	1	FALSE	FALSE
FIP1L1	chr4	53399840	53425871	+	1	alternative acceptor	0.356526344360409	0.145227968017593	3.62830625947683	0.000445886433321375	0.00317916092185743	-0.0326697302674639	0.373151492447988	-0.00625276425371967	1	FALSE	FALSE
FIP1L1	chr4	53428184	53440581	+	1	alternative acceptor	0.330051519168835	-0.17751474394102	-2.49601561645711	0.0141462708835614	0.0495483700051416	0.0295221225406728	0.724121588893087	-0.00471541539162375	1	FALSE	FALSE
FIP1L1	chr4	53428184	53442652	+	1	alternative acceptor	0.669948480831165	0.17751474394102	2.49601561645711	0.0141462708835614	0.0495483700051416	-0.0295221225406729	0.724121588893087	0.00471541539162375	1	FALSE	FALSE
G3BP2	chr4	75648742	75653982	-	1	alternative acceptor	0.131031039873944	-0.178341394990059	-3.58643362407626	0.000514481364539352	0.00360773426968731	0.00658159422589572	0.95806703072724	-0.0321327679546808	0.790958395735541	FALSE	FALSE
G3BP2	chr4	75648742	75655065	-	1	alternative acceptor	0.868968960126056	0.178341394990059	3.58643362407626	0.000514481364539355	0.00360773426968731	-0.0065815942258957	0.95806703072724	0.0321327679546808	0.790958395735541	FALSE	FALSE
SEPTIN11	chr4	77030971	77034496	+	1	alternative acceptor	0.874389242542788	0.334179228033818	7.47497897003911	2.63492876657138e-11	1.42244329128719e-09	-0.0605214094409259	0.143541900070458	0.00300719521217606	1	FALSE	FALSE
SEPTIN11	chr4	77030971	77039742	+	1	alternative acceptor	0.125610757457212	-0.334179228033819	-7.47497897003911	2.63492876657138e-11	1.42244329128719e-09	0.060521409440926	0.143541900070458	-0.00300719521217606	1	FALSE	FALSE
HNRNPD	chr4	82355402	82356536	-	1	alternative acceptor	0.289704705445954	-0.0620312498484282	-2.08124041717797	0.0398917688010895	0.106660303217378	0.0246699163573219	0.334713709812306	0.0153911018388087	0.86095732319391	TRUE	TRUE
HNRNPD	chr4	82355402	82356795	-	1	alternative acceptor	0.710295294554046	0.0620312498484282	2.08124041717797	0.0398917688010895	0.106660303217378	-0.0246699163573219	0.334713709812306	-0.0153911018388087	0.86095732319391	TRUE	TRUE
HNRNPD	chr4	82359640	82371527	-	1	alternative acceptor	0.949908670171101	-0.116204245847268	-1.42396005209722	0.157480483065576	0.313168809964727	0.0409787572086224	0.64347936167394	0.0226170788691233	1	TRUE	TRUE
HNRNPD	chr4	82359640	82373445	-	1	alternative acceptor	0.0500913298288991	0.116204245847268	1.42396005209721	0.157480483065576	0.313168809964727	-0.0409787572086225	0.64347936167394	-0.0226170788691234	1	TRUE	TRUE
SEC31A	chr4	82829059	82842139	-	1	alternative acceptor	0.136966955407434	0.228851712636945	4.23400517971579	5.00014490186222e-05	0.000490071838940444	-0.0249258713799568	0.700297042674018	0.0216701876753148	0.927429495334458	FALSE	FALSE
SEC31A	chr4	82829059	82844385	-	1	alternative acceptor	0.863033044592566	-0.228851712636945	-4.23400517971579	5.00014490186222e-05	0.000490071838940444	0.0249258713799568	0.700297042674018	-0.0216701876753148	0.927429495334458	FALSE	FALSE
SEC31A	chr4	82844510	82845200	-	1	alternative acceptor	0.0933908420121885	-0.0402547519584877	-0.69225078499962	0.490337530741344	0.681503041296	0.0291276670235515	0.639939818267749	0.0255603883425462	0.913202703092532	FALSE	FALSE
SEC31A	chr4	82844510	82848803	-	1	alternative acceptor	0.906609157987812	0.0402547519584876	0.69225078499962	0.490337530741344	0.681503041296	-0.0291276670235515	0.639939818267749	-0.0255603883425462	0.913202703092532	FALSE	FALSE
SEC31A	chr4	82857765	82861630	-	1	alternative acceptor	0.629116091491273	-0.128781793533827	-3.83100319969044	0.000219650957476216	0.00182203147896734	0.00716197900348734	0.892683993909009	-0.0203432441713408	0.801020692772742	FALSE	FALSE
SEC31A	chr4	82857765	82862533	-	1	alternative acceptor	0.188092965331539	0.0351872607067431	1.40450454652104	0.163177088479495	0.320418751685197	0.00257093394810294	0.980088253748183	0.0109332853233953	0.916595151474288	FALSE	FALSE
SEC31A	chr4	82857765	82863317	-	1	alternative acceptor	0.182790943177188	0.184351476659894	4.09760862609652	8.33772375708127e-05	0.000781173512337008	-0.0140748150548642	0.823063273377401	0.0245838931708477	0.846802145998523	FALSE	FALSE
CAMK2D	chr4	113454516	113455725	-	1	alternative acceptor	0.25310720218465	-0.12225629093044	-1.83781909877124	0.068971389376169	0.164958998079009	-0.00376645920641302	1	-0.0318545437616858	0.879197121967282	FALSE	FALSE
CAMK2D	chr4	113454516	113457290	-	1	alternative acceptor	0.216422772530486	0.0717325607550037	1.0614722807979	0.290957888172859	0.48531033726135	-0.0175009360249491	0.849993191454597	-0.00470802397625926	1	FALSE	FALSE
CAMK2D	chr4	113454516	113457334	-	1	alternative acceptor	0.530470025284863	0.0311142212321972	0.625916385162696	0.532754339479468	0.721584033679678	0.0117340698792651	0.864201202457099	0.0208983461608044	0.91701834432199	FALSE	FALSE
WWC2	chr4	183284391	183285966	+	1	alternative acceptor	0.734319969748484	0.129854063281282	1.36061291716064	0.176606014037967	0.340883685438778	-0.0726455493759812	0.388780686700235	-0.0571506885595461	0.801020692772742	FALSE	FALSE
WWC2	chr4	183284391	183287837	+	0	alternative acceptor	0.265680030251516	-0.129854063281282	-1.36061291716064	0.176606014037967	0.340883685438778	0.0726455493759812	0.388780686700235	0.0571506885595461	0.801020692772742	FALSE	FALSE
FAT1	chr4	186589221	186590367	-	1	alternative acceptor	0.67722628910138	-0.465258318200501	-5.01900181962096	2.18171475831955e-06	3.63726073188474e-05	0.115050771461036	0.131468674847359	0.0323637798327407	0.96951046090697	FALSE	FALSE
FAT1	chr4	186589221	186595688	-	1	alternative acceptor	0.32277371089862	0.465258318200501	5.01900181962095	2.18171475831957e-06	3.63726073188474e-05	-0.115050771461036	0.131468674847359	-0.0323637798327407	0.96951046090697	FALSE	FALSE
DAB2	chr5	39383272	39388304	-	1	alternative acceptor	0.949330118744929	0.0314552301043747	0.378437021511497	0.70588484245043	0.852526402405509	0.0371502057490338	0.686284115541639	0.0511456618092799	0.792304263098106	FALSE	FALSE
DAB2	chr5	39383272	39388798	-	1	alternative acceptor	0.0506698812550715	-0.0314552301043746	-0.378437021511496	0.705884842450431	0.852526402405509	-0.0371502057490337	0.686284115541639	-0.0511456618092799	0.792304263098106	FALSE	FALSE
FST	chr5	53485228	53485686	+	1	alternative acceptor	0.140531598406474	0.097203226585807	1.15822092508584	0.249452393105486	0.430653598452669	-0.0279153302443913	0.791643123662757	-0.0113656982887914	1	FALSE	FALSE
FST	chr5	53485228	53485950	+	1	alternative acceptor	0.859468401593526	-0.097203226585807	-1.15822092508584	0.249452393105486	0.430653598452669	0.0279153302443913	0.791643123662757	0.0113656982887914	1	FALSE	FALSE
CDC20B	chr5	55160397	55160993	+	1	alternative acceptor	0.936490409394095	0.227252496456944	3.08579370542439	0.00260751901500784	0.0130798999558137	-0.0460207749181688	0.534973770532421	-0.00372930665719981	1	FALSE	FALSE
CDC20B	chr5	55160397	55164054	+	1	alternative acceptor	0.063509590605905	-0.227252496456944	-3.08579370542439	0.00260751901500785	0.0130798999558137	0.0460207749181687	0.534973770532421	0.00372930665719975	1	FALSE	FALSE
VCAN	chr5	83512397	83519348	+	1	alternative acceptor	0.348193676622036	0.251465338153763	2.42794373639691	0.0169189289314617	0.0563577642467201	-0.13566311414168	0.0632006252783995	-0.104718462037091	0.474131077937937	FALSE	FALSE
VCAN	chr5	83512397	83537006	+	1	alternative acceptor	0.651806323377964	-0.251465338153763	-2.42794373639691	0.0169189289314617	0.0563577642467201	0.13566311414168	0.0632006252783995	0.104718462037091	0.474131077937937	FALSE	FALSE
CAST	chr5	96722699	96726793	+	1	alternative acceptor	0.376220694545979	-0.0942838203564173	-1.95533059200377	0.0532536075656012	0.134013742377132	0.0434265420619067	0.28065590107885	0.0304326167181345	0.790958395735541	FALSE	FALSE
CAST	chr5	96722699	96727488	+	1	alternative acceptor	0.623779305454021	0.0942838203564173	1.95533059200377	0.0532536075656011	0.134013742377132	-0.0434265420619067	0.28065590107885	-0.0304326167181345	0.790958395735541	FALSE	FALSE
CAST	chr5	96727531	96729152	+	1	alternative acceptor	0.726448472216977	0.0371841848332171	0.846981109697801	0.398969333406923	0.592334954486615	-0.00484633875053135	0.971905873218505	0.00257568348720857	1	FALSE	FALSE
CAST	chr5	96727531	96729611	+	1	alternative acceptor	0.273551527783023	-0.0371841848332172	-0.846981109697801	0.398969333406923	0.592334954486615	0.00484633875053135	0.971905873218505	-0.00257568348720858	1	FALSE	FALSE
CAST	chr5	96762373	96765220	+	1	alternative acceptor	0.820528262741074	0.0415079699428436	1.44602110175243	0.151207342647248	0.303754384136615	-0.0246846882243484	0.301785183292697	-0.020005525189776	0.752251102108597	FALSE	FALSE
CAST	chr5	96762373	96765223	+	1	alternative acceptor	0.179471737258926	-0.0415079699428436	-1.44602110175243	0.151207342647248	0.303754384136615	0.0246846882243484	0.301785183292697	0.020005525189776	0.752251102108597	FALSE	FALSE
PAM	chr5	102961230	102974115	+	1	alternative acceptor	0.598632684139496	0.15582725596165	3.48670924869308	0.000720174836106186	0.00478381761249441	-0.0506566415524138	0.152973851514803	-0.0252305586989585	0.83414611106599	FALSE	FALSE
PAM	chr5	102961230	102987517	+	1	alternative acceptor	0.0873544232139403	-0.268359053569816	-5.62228166347567	1.62232068992388e-07	3.85840046603573e-06	0.0244994184790812	0.685374189563761	-0.0310254359808578	0.790072509883377	FALSE	FALSE
PAM	chr5	102961230	102990271	+	1	alternative acceptor	0.314012892646563	-0.0676786980573997	-1.6518744816967	0.101605663217534	0.223808847540694	0.0458489740236543	0.136433071026272	0.0392673562183149	0.499584556565982	FALSE	FALSE
PAM	chr5	102974437	102987517	+	1	alternative acceptor	0.0840663640442811	-0.0134004415263545	-0.292002479010269	0.770872055241463	0.897240198451821	0.0447457444047012	0.217215548505909	0.0501152020553136	0.409302684141482	FALSE	FALSE
PAM	chr5	102974437	102990271	+	1	alternative acceptor	0.915933635955719	0.0134004415263544	0.292002479010267	0.770872055241464	0.897240198451821	-0.0447457444047011	0.217215548505909	-0.0501152020553136	0.409302684141482	FALSE	FALSE
PAM	chr5	103019844	103025130	+	1	alternative acceptor	0.524204602752631	-0.0928997520089018	-3.75569781568479	0.000286579907858129	0.00223033928289587	0.0312592569230394	0.0940184628428421	0.016299109796675	0.781325204460825	FALSE	FALSE
PAM	chr5	103019844	103025133	+	1	alternative acceptor	0.0626975489261435	-0.0211097725459673	-0.671385254097902	0.503478095360892	0.693477179907339	0.0315435353963303	0.196528827204939	0.0327163831007333	0.459778966287498	FALSE	FALSE
PAM	chr5	103019844	103028181	+	1	alternative acceptor	0.243103778425826	0.0769297709528417	3.03937353403392	0.00300535007784541	0.0146856258832647	-0.0316951885093397	0.0884080450159742	-0.0203936161149013	0.661864351585469	FALSE	FALSE
PAM	chr5	103019844	103028184	+	1	alternative acceptor	0.137335295553968	0.106715426014036	4.5511947252216	1.46423586646671e-05	0.000175967002892342	-0.0329665284797049	0.0605504852134049	-0.0152312832099187	0.790072509883377	FALSE	FALSE
PAM	chr5	103019844	103028886	+	1	alternative acceptor	0.0326587743414314	-0.0770094144893642	-1.61044606417704	0.11036100940447	0.237706012023181	0.0296688213659253	0.515991178369085	0.0179703214262195	0.947283790071782	FALSE	FALSE
HINT1	chr5	131162677	131165059	-	1	alternative acceptor	0.0334238864935093	-0.203385769001705	-2.43901023238574	0.0164375694219231	0.0550237929172838	0.0376957419672439	0.692825861502882	-0.000807389575927	1	FALSE	FALSE
HINT1	chr5	131162677	131165094	-	1	alternative acceptor	0.966576113506491	0.203385769001705	2.43901023238574	0.0164375694219229	0.0550237929172838	-0.0376957419672441	0.692825861502882	0.000807389575926757	1	FALSE	FALSE
P4HA2	chr5	132195481	132198205	-	1	alternative acceptor	0.180917088341497	0.201079004689519	3.17983547726016	0.00194686728719316	0.0103944986557989	-0.0673156058529311	0.1872307540388	-0.0348703769374131	0.846266210601829	FALSE	FALSE
P4HA2	chr5	132195481	132198320	-	1	alternative acceptor	0.819082911658503	-0.201079004689519	-3.17983547726016	0.00194686728719316	0.0103944986557989	0.0673156058529312	0.1872307540388	0.0348703769374131	0.846266210601829	FALSE	FALSE
P4HA2	chr5	132204153	132207707	-	1	alternative acceptor	0.97838580496594	0.0660527007825197	0.984390654952478	0.327230180823473	0.523475938372831	-0.0483936668009862	0.420567617136139	-0.0426523024719773	0.790958395735541	FALSE	FALSE
P4HA2	chr5	132204153	132209137	-	1	alternative acceptor	0.02161419503406	-0.0660527007825193	-0.984390654952473	0.327230180823475	0.523475938372831	0.048393666800986	0.420567617136139	0.0426523024719771	0.790958395735541	FALSE	FALSE
P4HA2	chr5	132218645	132227085	-	1	alternative acceptor	0.809716755842908	-0.267143061422118	-2.36944433003544	0.0196779106713445	0.0630768842537631	0.00618405008384647	1	-0.0524948435149326	0.88769690081732	FALSE	FALSE
P4HA2	chr5	132218645	132227789	-	1	alternative acceptor	0.190283244157092	0.267143061422119	2.36944433003544	0.0196779106713445	0.0630768842537631	-0.00618405008384643	1	0.0524948435149327	0.88769690081732	FALSE	FALSE
MACROH2A1	chr5	135346058	135350822	-	1	alternative acceptor	0.688293690067591	-0.392269979394479	-6.33798716464533	6.23917932884654e-09	2.16524988749052e-07	0.0818728428786081	0.125908713173051	0.00932721757703208	1	FALSE	FALSE
MACROH2A1	chr5	135346058	135352945	-	1	alternative acceptor	0.311706309932409	0.392269979394479	6.33798716464533	6.23917932884654e-09	2.16524988749052e-07	-0.0818728428786081	0.125908713173051	-0.00932721757703208	1	FALSE	FALSE
TGFBI	chr5	136047421	136048252	+	1	alternative acceptor	0.000956251412704438	1.06524336543582e-16	2.91633052427992e-14	0.999999999999977	1	-3.81273629963851e-17	1	-2.14003971945129e-17	1	FALSE	FALSE
TGFBI	chr5	136047421	136049438	+	1	alternative acceptor	0.999043748587296	-5.32621682717913e-17	-1.45816526213996e-14	0.999999999999988	1	1.90636814981925e-17	1	1.07001985972564e-17	1	FALSE	FALSE
TGFBI	chr5	136049581	136050387	+	1	alternative acceptor	0.000899562368228058	1.06524336543582e-16	2.91633052427992e-14	0.999999999999977	1	-3.81273629963851e-17	1	-2.14003971945129e-17	1	FALSE	FALSE
TGFBI	chr5	136049581	136052906	+	1	alternative acceptor	0.999100437631772	-5.32621682717913e-17	-1.45816526213996e-14	0.999999999999988	1	1.90636814981925e-17	1	1.07001985972564e-17	1	FALSE	FALSE
TGFBI	chr5	136054081	136054674	+	1	alternative acceptor	0.00235582873671211	-0.00048971461296222	-0.133752524019149	0.893859257226426	0.981600043211881	8.04691094230899e-05	1	-1.4165170208257e-05	1	FALSE	FALSE
TGFBI	chr5	136054081	136054715	+	1	alternative acceptor	0.997644171263288	0.000489714612962056	0.133752524019104	0.893859257226461	0.981600043211881	-8.04691094230717e-05	1	1.41651702082418e-05	1	FALSE	FALSE
TGFBI	chr5	136054862	136055268	+	1	alternative acceptor	0.00261711202635861	0.00421145732094184	0.79333814870554	0.4294046010236	0.620445433738367	-0.00187018665422603	0.779428468130883	-0.00127675798698983	1	FALSE	FALSE
TGFBI	chr5	136054862	136055679	+	1	alternative acceptor	0.997382887973641	-0.00421145732094169	-0.79333814870552	0.429404601023612	0.620445433738367	0.00187018665422599	0.779428468130883	0.00127675798698982	1	FALSE	FALSE
TGFBI	chr5	136061580	136062662	+	1	alternative acceptor	0.998883682625688	-5.32621682717913e-17	-1.45816526213996e-14	0.999999999999988	1	1.90636814981925e-17	1	1.07001985972564e-17	1	FALSE	FALSE
TGFBI	chr5	136061580	136063185	+	1	alternative acceptor	0.00111631737431185	1.06524336543582e-16	2.91633052427992e-14	0.999999999999977	1	-3.81273629963851e-17	1	-2.14003971945129e-17	1	FALSE	FALSE
MATR3	chr5	139322968	139325295	+	1	alternative acceptor	0.117588466490142	0.0151953047491986	0.333273715630258	0.739605138899131	0.879509467620959	0.00223016293648883	1	0.00605088367448522	1	FALSE	FALSE
MATR3	chr5	139322968	139325439	+	1	alternative acceptor	0.882411533509858	-0.0151953047491986	-0.333273715630258	0.739605138899131	0.879509467620959	-0.00223016293648882	1	-0.00605088367448522	1	FALSE	FALSE
CSNK1A1	chr5	149513210	149517793	-	1	alternative acceptor	0.146906992464645	0.0226099230749627	0.437559286429637	0.662621922542195	0.819482603114911	-0.00342374877552279	1	0.00100000608420645	1	FALSE	FALSE
CSNK1A1	chr5	149513210	149520289	-	1	alternative acceptor	0.853093007535355	-0.0226099230749627	-0.437559286429637	0.662621922542195	0.819482603114911	0.00342374877552279	1	-0.00100000608420646	1	FALSE	FALSE
RPS14	chr5	150447736	150449485	-	1	alternative acceptor	0.297831948993293	0.291562136743463	5.06356520297695	1.81014436511252e-06	3.12502588109019e-05	-0.102954150782937	0.0107098532799604	-0.0569093274716699	0.482705558022424	FALSE	FALSE
RPS14	chr5	150447736	150449491	-	1	alternative acceptor	0.127831792721636	0.357475756688833	4.00846464132491	0.000115800784149679	0.00104190070606629	-0.105644489836875	0.138240225065138	-0.0453393681043156	0.86229873788958	FALSE	FALSE
RPS14	chr5	150447736	150449702	-	1	alternative acceptor	0.574336258285072	-0.385452167813644	-5.98318909344202	3.20497946715132e-08	9.08344597315138e-07	0.148862633716288	0.000881795945188077	0.0903764040639346	0.184446389091067	FALSE	FALSE
ANXA6	chr5	151109847	151110626	-	1	alternative acceptor	0.771576875391237	0.0200033736561622	0.908780975361662	0.36558727975659	0.565863456030206	-0.0192792348756783	0.291216813246948	-0.0184055178179991	0.621637841725645	FALSE	FALSE
ANXA6	chr5	151109847	151117126	-	1	alternative acceptor	0.228423124608764	-0.0200033736561623	-0.908780975361663	0.365587279756589	0.565863456030206	0.0192792348756783	0.291216813246948	0.0184055178179992	0.621637841725645	FALSE	FALSE
DBN1	chr5	177467818	177467995	-	1	alternative acceptor	0.0675120248403607	0.0127762431830186	0.178428051169739	0.858737295651013	0.961948963230739	-0.0401685199544138	0.57294195772201	-0.0448214902181585	0.790958395735541	FALSE	FALSE
DBN1	chr5	177467818	177468051	-	0	alternative acceptor	0.0675120248403607	0.0127762431830186	0.178428051169739	0.858737295651013	0.961948963230739	-0.0401685199544138	0.57294195772201	-0.0448214902181585	0.790958395735541	FALSE	FALSE
DBN1	chr5	177467818	177468107	-	1	alternative acceptor	0.864975950319279	-0.0305285205062144	-0.355724108895692	0.722774690103623	0.864939029219712	0.0393319777684254	0.680546396015288	0.0398522218888346	0.890133773738537	FALSE	FALSE
HNRNPAB	chr5	178209448	178210131	+	1	alternative acceptor	0.680336493083923	-0.0146613449698091	-0.20351513897458	0.83913394578932	0.946251508497838	-0.071408024774027	0.202014451395194	-0.0880508012987512	0.292458316033086	FALSE	FALSE
HNRNPAB	chr5	178209448	178210552	+	1	alternative acceptor	0.319663506916077	0.0146613449698091	0.20351513897458	0.839133945789321	0.946251508497838	0.0714080247740269	0.202014451395194	0.0880508012987512	0.292458316033086	FALSE	FALSE
HNRNPH1	chr5	179614960	179615545	-	1	alternative acceptor	0.869589070007313	-0.17357191120948	-2.17351258946361	0.0320328486400326	0.0912426450793557	0.00670922530073321	0.990017488437493	-0.0309129714744534	0.944113575193574	TRUE	FALSE
HNRNPH1	chr5	179614960	179616125	-	1	alternative acceptor	0.130410929992687	0.173571911209481	2.17351258946362	0.0320328486400324	0.0912426450793557	-0.00670922530073321	0.990017488437493	0.0309129714744534	0.944113575193574	TRUE	FALSE
HNRNPH1	chr5	179616219	179616868	-	1	alternative acceptor	0.830419877627302	-0.155765069683759	-4.28226995200512	4.16227603349325e-05	0.000423829364967381	0.018169449287344	0.679894584951973	-0.0133203429580526	0.954354195671919	TRUE	FALSE
HNRNPH1	chr5	179616219	179616898	-	1	alternative acceptor	0.0997922229662218	0.146196612217002	3.53234522152057	0.000617923581117778	0.00417804791129535	-0.0368242067693186	0.30667844523193	-0.0109674909239001	1	TRUE	FALSE
HNRNPH1	chr5	179616219	179617020	-	1	alternative acceptor	0.0697878994064761	0.156800753074061	2.62005318209262	0.0101203055949186	0.0378232520091407	0.0123835435063674	0.892282704818756	0.0498211043531121	0.628787243625167	TRUE	FALSE
HNRNPH1	chr5	179616959	179617050	-	1	alternative acceptor	0.365866075747613	-0.190616030586396	-4.53409737138227	1.56655421733234e-05	0.000186288492767387	0.0909006995980638	0.000920849651809318	0.06521126189148	0.121746127165749	TRUE	FALSE
HNRNPH1	chr5	179616959	179617513	-	1	alternative acceptor	0.634133924252387	0.190616030586396	4.53409737138227	1.56655421733233e-05	0.000186288492767387	-0.0909006995980637	0.000920849651809318	-0.06521126189148	0.121746127165749	TRUE	FALSE
HNRNPH1	chr5	179618324	179619268	-	1	alternative acceptor	0.90257656527582	0.168353895220254	2.13635670901236	0.0350190439259114	0.0962811385545876	-0.0503892596670178	0.50222836969388	-0.0221073877670751	1	TRUE	FALSE
HNRNPH1	chr5	179618324	179620891	-	1	alternative acceptor	0.0974234347241798	-0.168353895220254	-2.13635670901235	0.0350190439259114	0.0962811385545876	0.0503892596670178	0.50222836969388	0.0221073877670752	1	TRUE	FALSE
""	chr6	3154605	3177323	+	0	alternative acceptor		-0.107267399792187	-1.61768191595479	0.109571709610943	0.236605323420201	0.014570503608615	0.863205297776067	-0.00437644515805273	1	FALSE	FALSE
""	chr6	3154605	3225492	+	0	alternative acceptor		0.107267399792187	1.61768191595479	0.109571709610943	0.236605323420201	-0.014570503608615	0.863205297776067	0.00437644515805273	1	FALSE	FALSE
TUBB2A	chr6	3156153	3157406	-	1	alternative acceptor		-0.12289059519203	-1.4332565767917	0.155033298153268	0.310159410716284	0.0471996593655312	0.582803910957695	0.0291147520816395	0.970467838347115	FALSE	FALSE
""	chr6	3156153	3227486	-	0	alternative acceptor		0.12289059519203	1.4332565767917	0.155033298153268	0.310159410716284	-0.0471996593655312	0.582803910957695	-0.0291147520816395	0.970467838347115	FALSE	FALSE
""	chr6	29725564	29890263	+	0	alternative acceptor		-0.0284004418109041	-0.476327624269387	0.635035079140031	0.802882640949905	0.0146746455322334	0.863205297776067	0.0109272782052835	1	FALSE	FALSE
""	chr6	29725564	30009144	+	0	alternative acceptor		0.0284004418109041	0.476327624269386	0.635035079140031	0.802882640949905	-0.0146746455322334	0.863205297776067	-0.0109272782052835	1	FALSE	FALSE
""	chr6	29888743	29944121	+	0	alternative acceptor		-0.277237303514854	-1.18931544595637	0.237409560647221	0.415986561443173	-0.0478683633851264	0.882259826212136	-0.115480444343924	0.86095732319391	FALSE	FALSE
TRIM26	chr6	29888743	30491136	+	0	alternative acceptor		0.277237303514854	1.18931544595637	0.237409560647221	0.415986561443173	0.0478683633851264	0.882259826212136	0.115480444343924	0.86095732319391	FALSE	FALSE
""	chr6	29890297	29890438	+	1	alternative acceptor		-0.266039693162374	-1.22595904469688	0.223244409783187	0.399615776313585	0.237161364909332	0.143541900070458	0.223287797359923	0.474131077937937	FALSE	FALSE
""	chr6	29890297	29945233	+	1	alternative acceptor		0.266039693162374	1.22595904469688	0.223244409783187	0.399615776313585	-0.237161364909332	0.143541900070458	-0.223287797359923	0.474131077937937	FALSE	FALSE
HLA-A	chr6	29944617	29945058	+	1	alternative acceptor	0.409953298654751	0.299910177020777	1.1784980715625	0.241313527030522	0.419610552109025	0.0107278656854874	1	0.0799099185135319	0.983234759464368	FALSE	FALSE
""	chr6	29944617	30009144	+	1	alternative acceptor	0.59004670134525	-0.299910177020777	-1.1784980715625	0.241313527030522	0.419610552109025	-0.0107278656854874	1	-0.079909918513532	0.983234759464368	FALSE	FALSE
HLA-C	chr6	31269526	31269965	-	1	alternative acceptor	0.945144124257383	-0.287094054291598	-2.54194094183378	0.0125129764108859	0.0447023453502341	0.0698544602103362	0.532932473418212	0.0186181931707449	1	FALSE	FALSE
""	chr6	31269526	31355106	-	1	alternative acceptor	0.0548558757426176	0.287094054291598	2.54194094183378	0.0125129764108859	0.0447023453502341	-0.0698544602103362	0.532932473418212	-0.0186181931707449	1	FALSE	FALSE
HLA-C	chr6	31270086	31270209	-	1	alternative acceptor	0.653247996446514	-0.578833043274524	-2.24837671585671	0.0266822085991925	0.0805201343796394	0.222164772377019	0.306569736437153	0.134077520643778	0.859040754071165	FALSE	FALSE
""	chr6	31270086	31355316	-	1	alternative acceptor	0.346752003553486	0.578833043274524	2.24837671585671	0.0266822085991925	0.0805201343796394	-0.222164772377019	0.306569736437153	-0.134077520643778	0.859040754071165	FALSE	FALSE
HLA-C	chr6	31271349	31271598	-	1	alternative acceptor	0.730492198677187	-0.211369140763655	-1.23989534513122	0.217831466182381	0.395961954295178	0.152591584836198	0.277546587202747	0.133794786673885	0.685750082706529	FALSE	FALSE
""	chr6	31271349	31356687	-	1	alternative acceptor	0.269507801322813	0.211369140763655	1.23989534513122	0.217831466182381	0.395961954295178	-0.152591584836198	0.277546587202747	-0.133794786673885	0.685750082706529	FALSE	FALSE
BAG6	chr6	31639227	31639499	-	1	alternative acceptor	0.467524460432322	0.100607440784904	0.891724871525226	0.374618856805304	0.574211689593998	-0.0338244797294095	0.814935297270372	-0.017617829701258	1	FALSE	FALSE
BAG6	chr6	31639227	31640198	-	1	alternative acceptor	0.532475539567678	-0.100607440784904	-0.891724871525225	0.374618856805304	0.574211689593998	0.0338244797294095	0.814935297270372	0.0176178297012579	1	FALSE	FALSE
BAG6	chr6	31644195	31644306	-	1	alternative acceptor	0.392329708133314	0.327011907643368	4.34428017240041	3.28236888632884e-05	0.000347767494778953	-0.0691347502902732	0.306569736437153	-0.00882287766986725	1	FALSE	FALSE
BAG6	chr6	31644195	31644524	-	1	alternative acceptor	0.607670291866686	-0.327011907643368	-4.34428017240041	3.28236888632881e-05	0.000347767494778953	0.0691347502902732	0.306569736437153	0.00882287766986725	1	FALSE	FALSE
""	chr6	31835452	31836423	+	1	alternative acceptor	0.155673082399314	-0.0986534724462267	-2.39105139010434	0.0186155554383829	0.0604453374583909	0.0104461876886181	0.85740388599001	-0.00969636806027416	1	FALSE	FALSE
""	chr6	31835452	31837235	+	1	alternative acceptor	0.844326917600686	0.0986534724462267	2.39105139010434	0.018615555438383	0.0604453374583909	-0.0104461876886181	0.85740388599001	0.00969636806027416	1	FALSE	FALSE
BRD2	chr6	32974766	32975020	+	1	alternative acceptor	0.125181750158516	-0.116899002972895	-1.86169071971482	0.0654977839996545	0.158433828864029	0.0379647858065094	0.539674792374108	0.018883645265261	0.985187378373503	FALSE	FALSE
BRD2	chr6	32974766	32975383	+	1	alternative acceptor	0.874818249841485	0.116899002972895	1.86169071971482	0.0654977839996544	0.158433828864029	-0.0379647858065094	0.539674792374108	-0.0188836452652609	0.985187378373503	FALSE	FALSE
SRSF3	chr6	36598984	36599820	+	1	alternative acceptor	0.0875001910340245	-0.363836948050317	-7.655711634845	1.07827628740013e-11	6.66766846081424e-10	0.0240494379379398	0.724121588893087	-0.0529451264408864	0.388844137308143	TRUE	TRUE
SRSF3	chr6	36598984	36601151	+	1	alternative acceptor	0.912499808965975	0.363836948050317	7.655711634845	1.07827628740013e-11	6.66766846081424e-10	-0.0240494379379398	0.724121588893087	0.0529451264408865	0.388844137308143	TRUE	TRUE
MTCH1	chr6	36970695	36972651	-	1	alternative acceptor	0.420837128472212	-0.0117784677634051	-0.582357326606416	0.561598648224711	0.74651957708879	-0.013509863184297	0.467803958187632	-0.0186754503054633	0.531656996651018	FALSE	FALSE
MTCH1	chr6	36970695	36972702	-	1	alternative acceptor	0.579162871527788	0.0117784677634051	0.582357326606416	0.561598648224711	0.74651957708879	0.013509863184297	0.467803958187632	0.0186754503054633	0.531656996651018	FALSE	FALSE
ENSG00000124593	chr6	41789337	41789530	+	1	alternative acceptor	0.182290138318779	-0.164071843392791	-3.30889011571863	0.00129118661715549	0.00761061643838098	0.0950639897452864	0.0026163017010682	0.0760988873068805	0.126028637584781	FALSE	FALSE
ENSG00000124593	chr6	41789337	41789567	+	1	alternative acceptor	0.817709861681221	0.16407184339279	3.30889011571863	0.00129118661715549	0.00761061643838098	-0.0950639897452864	0.0026163017010682	-0.0760988873068804	0.126028637584781	FALSE	FALSE
COL12A1	chr6	75165780	75175037	-	1	alternative acceptor	0.683373342236126	0.037851821044543	1.38875382768383	0.167903330960808	0.32837218435751	0.00218968140767344	0.99289189849737	0.0110775279289833	0.925794517878951	FALSE	FALSE
COL12A1	chr6	75165780	75177662	-	1	alternative acceptor	0.316626657763874	-0.0378518210445431	-1.38875382768383	0.167903330960808	0.32837218435751	-0.00218968140767344	0.99289189849737	-0.0110775279289833	0.925794517878951	FALSE	FALSE
HMGN3	chr6	79201727	79202275	-	1	alternative acceptor	0.439436130344183	-0.00462104121442372	-0.117557894832894	0.906646904662759	0.985939725420874	0.0103432297015573	0.845256697310884	0.0112431804939611	1	FALSE	FALSE
HMGN3	chr6	79201727	79202316	-	1	alternative acceptor	0.560563869655817	0.00462104121442373	0.117557894832894	0.906646904662759	0.985939725420874	-0.0103432297015572	0.845256697310884	-0.011243180493961	1	FALSE	FALSE
NT5E	chr6	85489600	85490507	+	1	alternative acceptor	0.959883374507755	-0.41480424487576	-7.24209118558614	8.26243117295739e-11	4.04684014144471e-09	0.0949261302883196	0.0407911927821504	0.0197751708073025	0.970467838347115	FALSE	FALSE
NT5E	chr6	85489600	85491976	+	1	alternative acceptor	0.0401166254922447	0.41480424487576	7.24209118558614	8.26243117295754e-11	4.04684014144471e-09	-0.0949261302883195	0.0407911927821504	-0.0197751708073024	0.970467838347115	FALSE	FALSE
ENSG00000271793	chr6	85640565	85641291	-	1	alternative acceptor	0.892503445735685	0.0970871099154086	1.147268191141	0.2539287178947	0.436167459373675	-0.0182750522358111	0.88067214798	5.20551181472043e-05	1	FALSE	FALSE
ENSG00000271793	chr6	85640565	85642796	-	1	alternative acceptor	0.107496554264315	-0.0970871099154085	-1.14726819114099	0.2539287178947	0.436167459373675	0.0182750522358111	0.88067214798	-5.20551181471908e-05	1	FALSE	FALSE
LYRM2	chr6	89637354	89637724	-	1	alternative acceptor	0.195068480978304	-0.206165291873053	-2.94282127952436	0.0040187330583909	0.0184200958646731	0.0609999625533822	0.310264901267305	0.026233968519757	0.947283790071782	FALSE	FALSE
LYRM2	chr6	89637354	89637741	-	1	alternative acceptor	0.804931519021696	0.206165291873053	2.94282127952436	0.00401873305839089	0.0184200958646731	-0.0609999625533821	0.310264901267305	-0.026233968519757	0.947283790071782	FALSE	FALSE
CD164	chr6	109369018	109370410	-	1	alternative acceptor	0.944659280136634	-0.0859842147336174	-1.65515575032711	0.10093689233099	0.222768572886243	0.0164349982273812	0.800312332292369	0.000250529072450569	1	FALSE	FALSE
CD164	chr6	109369018	109376073	-	1	alternative acceptor	0.0553407198633659	0.0859842147336173	1.65515575032711	0.100936892330991	0.222768572886243	-0.0164349982273813	0.800312332292369	-0.000250529072450657	1	FALSE	FALSE
LAMA4	chr6	112254292	112254441	-	1	alternative acceptor		-0.0455979039481907	-0.412404486497389	0.680908473388555	0.832411832492622	0.00293199166967662	1	-0.0067488865838055	1	FALSE	FALSE
LAMA4	chr6	112254292	112254458	-	1	alternative acceptor		0.0455979039481907	0.412404486497389	0.680908473388555	0.832411832492622	-0.00293199166967657	1	0.00674888658380553	1	FALSE	FALSE
HDDC2	chr6	125292910	125298713	-	1	alternative acceptor	0.491573498306851	0.00722369011629879	0.163232295827973	0.870655382776863	0.968629033962744	-0.002879001270467	1	-0.00179960740330359	1	FALSE	FALSE
HDDC2	chr6	125292910	125300537	-	1	alternative acceptor	0.50842650169315	-0.00722369011629879	-0.163232295827973	0.870655382776863	0.968629033962744	0.00287900127046702	1	0.0017996074033036	1	FALSE	FALSE
EPB41L2	chr6	130870127	130878103	-	1	alternative acceptor	0.707394356370889	0.163775915174662	1.98497281329493	0.0498065792902346	0.127075901099841	-0.0171384171432562	0.888276717405852	0.0163385603743274	1	FALSE	FALSE
EPB41L2	chr6	130870127	130885095	-	1	alternative acceptor	0.292605643629111	-0.163775915174662	-1.98497281329493	0.0498065792902345	0.127075901099841	0.0171384171432562	0.888276717405852	-0.0163385603743274	1	FALSE	FALSE
MTHFD1L	chr6	150887982	150898859	+	1	alternative acceptor	0.20434750252869	0.0309336809101948	0.383240306995853	0.702331426998557	0.850348587832714	0.0595447293544665	0.404856144971538	0.0776128888151068	0.499584556565982	FALSE	FALSE
MTHFD1L	chr6	150887982	150905649	+	1	alternative acceptor	0.79565249747131	-0.0309336809101948	-0.383240306995853	0.702331426998557	0.850348587832714	-0.0595447293544665	0.404856144971538	-0.0776128888151068	0.499584556565982	FALSE	FALSE
EIF3B	chr7	2379512	2380203	+	1	alternative acceptor	0.727292441724703	0.00384764009883146	0.0793422165719898	0.936914374030263	1	-0.00991389607977664	0.887836451695193	-0.0109067575460843	1	FALSE	FALSE
EIF3B	chr7	2379512	2380278	+	1	alternative acceptor	0.272707558275297	-0.00384764009883149	-0.0793422165719904	0.936914374030263	1	0.00991389607977664	0.887836451695193	0.0109067575460843	1	FALSE	FALSE
RAC1	chr7	6392042	6398661	+	1	alternative acceptor	0.441084903839936	-0.435587950538898	-3.33357945448122	0.00119212384307423	0.00712550648558074	0.171447059970776	0.0714662971628595	0.105956261809591	0.657118640036129	FALSE	FALSE
RAC1	chr7	6392042	6400125	+	1	alternative acceptor	0.558915096160064	0.435587950538899	3.33357945448122	0.00119212384307422	0.00712550648558074	-0.171447059970776	0.0714662971628595	-0.105956261809591	0.657118640036129	FALSE	FALSE
GPNMB	chr7	23260774	23266480	+	1	alternative acceptor	0.134724403600088	-0.148391386474801	-2.09520423953662	0.0386050441408855	0.103955467239233	0.020598938999018	0.828078373457571	-0.00878476157323239	1	FALSE	FALSE
GPNMB	chr7	23260774	23266516	+	1	alternative acceptor	0.865275596399912	0.148391386474801	2.09520423953662	0.0386050441408855	0.103955467239233	-0.020598938999018	0.828078373457571	0.00878476157323237	1	FALSE	FALSE
HNRNPA2B1	chr7	26190461	26190992	-	1	alternative acceptor	0.850879788768682	-0.0876242509999236	-0.83246451130032	0.407072821547622	0.5998503752528	-0.0420171535444503	0.724659214924882	-0.069504074878083	0.781325204460825	TRUE	TRUE
HNRNPA2B1	chr7	26190461	26192494	-	1	alternative acceptor	0.149120211231318	0.0876242509999236	0.83246451130032	0.407072821547622	0.5998503752528	0.0420171535444503	0.724659214924882	0.069504074878083	0.781325204460825	TRUE	TRUE
HNRNPA2B1	chr7	26197733	26197830	-	1	alternative acceptor	0.21526661940772	-0.0652219605961883	-1.84958120158519	0.0672411301460327	0.161274389017389	0.0157206388472559	0.693419096597031	0.00405294320310825	1	TRUE	TRUE
HNRNPA2B1	chr7	26197733	26200571	-	1	alternative acceptor	0.78473338059228	0.0652219605961883	1.8495812015852	0.0672411301460325	0.161274389017389	-0.0157206388472559	0.693419096597031	-0.00405294320310824	1	TRUE	TRUE
CBX3	chr7	26206511	26208392	+	1	alternative acceptor		-0.0279287748729688	-0.167938875932488	0.866988367459244	0.966763094337341	-0.00966764214215518	1	-0.0174593782302189	1	FALSE	FALSE
CBX3	chr7	26206511	26208465	+	1	alternative acceptor		0.0279287748729688	0.167938875932488	0.866988367459244	0.966763094337341	0.00966764214215516	1	0.017459378230219	1	FALSE	FALSE
SEPTIN7	chr7	35883988	35885827	+	1	alternative acceptor	0.652181148062094	-0.0136082674336477	-0.58406241212007	0.560455299315556	0.74651957708879	0.0065487744344819	0.831339297884748	0.00472587061364373	1	FALSE	FALSE
""	chr7	35883988	35949978	+	0	alternative acceptor	0.347818851937906	0.0136082674336477	0.584062412120069	0.560455299315557	0.74651957708879	-0.00654877443448189	0.831339297884748	-0.00472587061364373	1	FALSE	FALSE
SEPTIN7	chr7	35890794	35898247	+	1	alternative acceptor		-0.197057559142565	-2.32555654127045	0.022062057009807	0.0683361164757319	0.056442275183028	0.475628551183765	0.0234257994926369	1	FALSE	FALSE
""	chr7	35890794	35966390	+	0	alternative acceptor		0.197057559142565	2.32555654127045	0.022062057009807	0.0683361164757319	-0.056442275183028	0.475628551183765	-0.0234257994926369	1	FALSE	FALSE
SEPTIN7	chr7	35898384	35903075	+	1	alternative acceptor	0.500182056364254	-0.000131044868991949	-0.0358263271173954	0.97149018115696	1	0.000174429169404636	1	0.000177709060544074	1	FALSE	FALSE
""	chr7	35898384	35972446	+	0	alternative acceptor	0.499817943635746	0.000131044868991945	0.0358263271173945	0.971490181156961	1	-0.000174429169404639	1	-0.000177709060544078	1	FALSE	FALSE
SEPTIN7	chr7	35903216	35904253	+	1	alternative acceptor	0.712861028860965	0.117618864740084	2.82066598031342	0.00575023738665856	0.0250326973386721	-0.0624975224765238	0.0262664236271228	-0.0478446790455234	0.366689697122683	FALSE	FALSE
""	chr7	35903216	35973624	+	0	alternative acceptor	0.287138971139036	-0.117618864740084	-2.82066598031342	0.00575023738665856	0.0250326973386721	0.0624975224765238	0.0262664236271228	0.0478446790455234	0.366689697122683	FALSE	FALSE
ANLN	chr7	36415885	36417079	+	1	alternative acceptor	0.790852157712982	-0.305237622789117	-2.98633774795064	0.00352826430252607	0.0167125722742217	0.0226856192550743	0.881572493957352	-0.0414387695327207	0.925794517878951	FALSE	FALSE
ANLN	chr7	36415885	36419243	+	1	alternative acceptor	0.209147842287018	0.305237622789117	2.98633774795064	0.00352826430252608	0.0167125722742217	-0.0226856192550744	0.881572493957352	0.0414387695327207	0.925794517878951	FALSE	FALSE
PPIA	chr7	44796794	44798747	+	1	alternative acceptor	0.717953164940049	-0.344242675802039	-3.69893009810293	0.000349407016549951	0.00261172145777229	0.135220502193188	0.0386457858878783	0.0834124004119095	0.566713483622115	FALSE	FALSE
PPIA	chr7	44796794	44799246	+	1	alternative acceptor	0.282046835059951	0.344242675802039	3.69893009810293	0.000349407016549953	0.00261172145777229	-0.135220502193188	0.0386457858878783	-0.0834124004119095	0.566713483622115	FALSE	FALSE
SUMF2	chr7	56073112	56074173	+	1	alternative acceptor	0.917191626234385	0.0818226179031596	1.35372253222184	0.178787995487771	0.343521421709153	0.0225107336056515	0.754299315283555	0.0450489599474457	0.710292400088184	FALSE	FALSE
SUMF2	chr7	56073112	56074585	+	1	alternative acceptor	0.0828083737656149	-0.0818226179031597	-1.35372253222184	0.178787995487771	0.343521421709153	-0.0225107336056515	0.754299315283555	-0.0450489599474457	0.710292400088184	FALSE	FALSE
""	chr7	72829784	72830691	+	1	alternative acceptor	0.225892740911789	-0.015051438699686	-0.152871420660721	0.878798751072356	0.973231700552616	0.0379172002622066	0.735882085124509	0.0416393906204707	0.91701834432199	FALSE	FALSE
""	chr7	72829784	72831601	+	1	alternative acceptor	0.774107259088211	0.015051438699686	0.152871420660722	0.878798751072356	0.973231700552616	-0.0379172002622066	0.735882085124509	-0.0416393906204707	0.91701834432199	FALSE	FALSE
ELN	chr7	74035415	74036554	+	1	alternative acceptor	0.932810760681568	-0.135632531366631	-2.87674335835747	0.00488454383299415	0.021687119550931	0.0339526167367656	0.444352154863195	0.00992487558732736	1	FALSE	FALSE
ELN	chr7	74035415	74037706	+	1	alternative acceptor	0.0671892393184317	0.135632531366631	2.87674335835747	0.00488454383299415	0.021687119550931	-0.0339526167367656	0.444352154863195	-0.00992487558732734	1	FALSE	FALSE
ELN	chr7	74037740	74041215	+	1	alternative acceptor		-0.13956116603841	-2.41242941334391	0.0176325322968939	0.0583916673239884	-0.0226293308169925	0.737594343865282	-0.0580782401671117	0.474131077937937	FALSE	FALSE
ELN	chr7	74037740	74042613	+	1	alternative acceptor		0.13956116603841	2.41242941334391	0.0176325322968939	0.0583916673239884	0.0226293308169925	0.737594343865282	0.0580782401671117	0.474131077937937	FALSE	FALSE
ELN	chr7	74043035	74043102	+	1	alternative acceptor	0.0247150587903762	-0.0113743011878749	-0.183799657565515	0.854531978839607	0.959162792090266	0.035504783696464	0.555757628872907	0.0395992843168512	0.790958395735541	FALSE	FALSE
ELN	chr7	74043035	74043117	+	1	alternative acceptor	0.975284941209624	0.0113743011878749	0.183799657565514	0.854531978839608	0.959162792090266	-0.035504783696464	0.555757628872907	-0.0395992843168511	0.790958395735541	FALSE	FALSE
ELN	chr7	74046768	74047674	+	1	alternative acceptor	0.811806344533878	-0.183201132503153	-4.05799132632591	9.65371072208137e-05	0.000877868186251305	0.0582545206631553	0.0886181390328437	0.0281185210585453	0.790958395735541	FALSE	FALSE
ELN	chr7	74046768	74048141	+	1	alternative acceptor	0.188193655466122	0.183201132503153	4.05799132632591	9.65371072208139e-05	0.000877868186251305	-0.0582545206631553	0.0886181390328437	-0.0281185210585453	0.790958395735541	FALSE	FALSE
ELN	chr7	74053310	74054715	+	1	alternative acceptor		-0.0613818020264182	-0.950798947962814	0.343953961515099	0.542070168263602	0.0166192848528946	0.849993191454597	0.0059953773678204	1	FALSE	FALSE
ELN	chr7	74053310	74056270	+	1	alternative acceptor		0.0613818020264182	0.950798947962814	0.343953961515099	0.542070168263602	-0.0166192848528947	0.849993191454597	-0.0059953773678204	1	FALSE	FALSE
ELN	chr7	74056714	74057639	+	1	alternative acceptor	0.632329460519902	0.013352546361929	0.463750281156567	0.643805226420502	0.806772872165117	-0.0392247362867848	0.0391342200676274	-0.0435720626755378	0.13222686301326	FALSE	FALSE
ELN	chr7	74056714	74059885	+	1	alternative acceptor	0.367670539480098	-0.0133525463619289	-0.463750281156566	0.643805226420502	0.806772872165117	0.0392247362867849	0.0391342200676274	0.0435720626755378	0.13222686301326	FALSE	FALSE
ELN	chr7	74057697	74059885	+	1	alternative acceptor		-0.465900631214095	-5.55037733386841	2.30596626740787e-07	5.0925917373079e-06	0.0646054669550416	0.455741087970464	-0.0275773956946238	0.980954039261069	FALSE	FALSE
ELN	chr7	74057697	74063620	+	1	alternative acceptor		0.465900631214095	5.55037733386841	2.30596626740786e-07	5.0925917373079e-06	-0.0646054669550416	0.455741087970464	0.0275773956946239	0.980954039261069	FALSE	FALSE
ELN	chr7	74065733	74065943	+	1	alternative acceptor	0.427866460858899	0.105713441412457	2.83970583431418	0.00544170103801771	0.0238495170493534	-0.059198672775292	0.0156183049730639	-0.046595312529192	0.283277700446563	FALSE	FALSE
ELN	chr7	74065733	74066731	+	1	alternative acceptor	0.542569445555668	-0.105616891158679	-2.95423290450786	0.00388437275715484	0.0179493909607114	0.0578894831978278	0.0137888577282179	0.0450628281371366	0.283277700446563	FALSE	FALSE
ELN	chr7	74065733	74068656	+	1	alternative acceptor	0.029564093585433	-0.00519453512896207	-0.0884501923169586	0.929690616887519	1	0.0460383352345716	0.355810075046793	0.0534876005644565	0.550728105092514	FALSE	FALSE
GTF2I	chr7	74716951	74718878	+	1	alternative acceptor	0.303711220158267	0.0468684652483239	0.670483133748103	0.504050452434855	0.693477179907339	0.0504178345933815	0.418553547379619	0.0703476910972333	0.474131077937937	FALSE	FALSE
GTF2I	chr7	74716951	74728785	+	1	alternative acceptor	0.696288779841733	-0.046868465248324	-0.670483133748103	0.504050452434855	0.693477179907339	-0.0504178345933815	0.418553547379619	-0.0703476910972333	0.474131077937937	FALSE	FALSE
COL1A2	chr7	94406304	94407846	+	1	alternative acceptor	0.808787501777487	0.145103950193344	5.48931721686805	2.91340684510229e-07	6.31114438228846e-06	-0.0657970137747535	0.00025414645910219	-0.0456052108808163	0.0761848792952234	FALSE	FALSE
COL1A2	chr7	94406304	94417723	+	0	alternative acceptor	0.0920226246467654	-0.105041590360208	-5.27866305423774	7.26152646667962e-07	1.35694788533942e-05	0.0497081830511694	0.000218340153801601	0.0354798451504941	0.0690387365033143	FALSE	FALSE
COL1A2	chr7	94406304	94418498	+	0	alternative acceptor	0.0495745936413875	-0.141074826721816	-5.15358118117868	1.23811466225085e-06	2.20462197189275e-05	0.0632378416409835	0.000567389851296278	0.043469733526531	0.115768042333729	FALSE	FALSE
COL1A2	chr7	94406304	94425116	+	0	alternative acceptor	0.04961527993436	-0.141417417045193	-5.16997793507733	1.15491176737622e-06	2.06729206360343e-05	0.0631930446772165	0.000567389851296278	0.0433398212587043	0.115768042333729	FALSE	FALSE
COL1A2	chr7	94416504	94417723	+	1	alternative acceptor	0.819837097599221	0.00259287432729021	0.197906995178711	0.843507893576762	0.949923955647208	-0.00594144777046278	0.681838806271626	-0.00647219921146606	0.869621028064469	FALSE	FALSE
COL1A2	chr7	94416504	94418498	+	0	alternative acceptor	0.0901550161421347	-0.00182564408992153	-0.152976037182136	0.878716458736303	0.973231700552616	0.00510082886316609	0.699206127042508	0.00564616638140127	0.884607448678836	FALSE	FALSE
COL1A2	chr7	94416504	94425116	+	0	alternative acceptor	0.0900078862586439	-0.0026650392573764	-0.22447795753941	0.82283011987964	0.934060493227855	0.00546825175265436	0.680161682876381	0.00589431484551311	0.868189934646702	FALSE	FALSE
COL1A2	chr7	94417832	94418498	+	1	alternative acceptor	0.934627473857462	0.113539124580916	3.81281771628131	0.000234295825361466	0.00191088753490251	-0.061234729007878	0.00126398216463859	-0.0472594415835779	0.115768042333729	FALSE	FALSE
COL1A2	chr7	94417832	94425116	+	0	alternative acceptor	0.0653725261425375	-0.113539124580916	-3.81281771628131	0.000234295825361462	0.00191088753490251	0.0612347290078781	0.00126398216463859	0.047259441583578	0.115768042333729	FALSE	FALSE
PTCD1	chr7	99458356	99459146	-	1	alternative acceptor	0.948098326911271	-0.279129299549018	-6.61988059425009	1.65584345973474e-09	6.12122131147593e-08	0.0746497299925698	0.0208003069424505	0.0260945305843766	0.790958395735541	FALSE	FALSE
PTCD1	chr7	99458356	99460085	-	1	alternative acceptor	0.0519016730887294	0.279129299549018	6.6198805942501	1.65584345973471e-09	6.12122131147593e-08	-0.0746497299925698	0.0208003069424505	-0.0260945305843766	0.790958395735541	FALSE	FALSE
SRRT	chr7	100885041	100885212	+	1	alternative acceptor	0.547916992138137	0.00855222664339441	0.126320558464333	0.899724438905504	0.983910873542643	0.0274835515476985	0.722097216072126	0.0345406813320816	0.86192428988424	TRUE	FALSE
SRRT	chr7	100885041	100885215	+	1	alternative acceptor	0.452083007861863	-0.00855222664339441	-0.126320558464333	0.899724438905504	0.983910873542643	-0.0274835515476985	0.722097216072126	-0.0345406813320816	0.86192428988424	TRUE	FALSE
POLR2J	chr7	102474536	102476180	-	1	alternative acceptor	0.369885403581372	0.014503222539278	2.61482232601331	0.0102665880377124	0.0379528977350649	-0.00401073388199874	0.443093490050465	-0.00151256287818292	1	FALSE	FALSE
""	chr7	102474536	102569834	-	0	alternative acceptor	0.36853121125944	0.0158213123758249	2.79928304412935	0.00611576703213837	0.0260975202964901	-0.00435078243690195	0.404856144971538	-0.0016209958870059	1	FALSE	FALSE
POLR2J3	chr7	102474536	102668914	-	0	alternative acceptor	0.261583385159188	-0.0346563966522723	-3.26948976215181	0.00146538018202372	0.00844704745603842	0.00954382486373928	0.301691274639052	0.00356678312679747	0.977774950950866	FALSE	FALSE
POLR2J	chr7	102476271	102478807	-	1	alternative acceptor	0.601621864567142	0.0947350338605858	0.849051007120091	0.397821948324841	0.59134285238321	0.0263020324085117	0.864201202457099	0.0524417028756844	0.885309445713496	FALSE	FALSE
""	chr7	102476271	102572471	-	0	alternative acceptor	0.20152551631456	-0.052837605079484	-0.582809440584091	0.56129537072536	0.74651957708879	-0.0246499598297812	0.837889846895872	-0.0410962068146798	0.902506498809721	FALSE	FALSE
ENSG00000270249	chr7	102476271	102671551	-	0	alternative acceptor	0.196852619118298	-0.0745998137789842	-0.851925524923026	0.396231897173462	0.590687794996795	-0.022723718420869	0.849838221698759	-0.0436839963850261	0.866464829148496	FALSE	FALSE
RASA4B	chr7	102483890	102485038	-	1	alternative acceptor	0.358339153845224	-0.0893784251288438	-0.822439306986867	0.412726828041834	0.604515048307614	0.017658661202307	0.928627702405052	0.000942863341482672	1	FALSE	FALSE
""	chr7	102483890	102584217	-	0	alternative acceptor	0.320890160821662	0.0690580265422533	0.826636432253751	0.410354012413633	0.603378294949748	-0.0138419794464301	0.928595471495225	-0.000963610300304807	1	FALSE	FALSE
ENSG00000270249	chr7	102483890	102683278	-	0	alternative acceptor	0.320770685333113	0.0684924658406591	0.81987705599439	0.414179425617014	0.606078873324856	-0.0134283354366668	0.930948819712871	-0.000599259201116591	1	FALSE	FALSE
RASA4B	chr7	102485160	102488462	-	1	alternative acceptor		-0.0447624672851435	-0.35979811936511	0.719741982592375	0.862827805004113	-0.0522217010852939	0.705462987355531	-0.0718122739733635	0.816486069499312	FALSE	FALSE
""	chr7	102485160	102587634	-	0	alternative acceptor		0.0256807641073315	0.257499095041374	0.797312280278113	0.915482466315282	0.0453077462161968	0.680546396015288	0.0593875314901907	0.801020692772742	FALSE	FALSE
ENSG00000270249	chr7	102485160	102686713	-	0	alternative acceptor		0.0640063870566545	0.615203108085833	0.539790744830838	0.727348780970554	0.0229147976869756	0.874574993213875	0.0413485656341993	0.929960400809207	FALSE	FALSE
RASA4B	chr7	102488599	102490985	-	1	alternative acceptor	0.518773569437613	-0.0669019195876455	-0.759220925842967	0.449454446150607	0.640383146777635	0.00775324803916149	0.985099221234231	-0.00578125501109819	1	FALSE	FALSE
POLR2J3	chr7	102488599	102590158	-	0	alternative acceptor	0.481226430562387	0.0669019195876456	0.759220925842968	0.449454446150607	0.640383146777635	-0.00775324803916145	0.985099221234231	0.00578125501109819	1	FALSE	FALSE
RASA4B	chr7	102491124	102493115	-	1	alternative acceptor		-0.0269408223500431	-0.44761092107462	0.65538319627896	0.81622999504161	0.00357374196136507	1	-0.00178066180874848	1	FALSE	FALSE
POLR2J3	chr7	102491124	102592284	-	0	alternative acceptor		0.0208513704584032	0.450262217280572	0.653476929889711	0.815587170111892	-0.00279706916735917	1	0.001341266466958	1	FALSE	FALSE
ENSG00000270249	chr7	102491124	102688194	-	0	alternative acceptor		0.0206106461377587	0.445081030763317	0.657204299714629	0.817539072176099	-0.00273808866110099	1	0.00135745527762785	1	FALSE	FALSE
RASA4B	chr7	102501228	102503162	-	1	alternative acceptor		-0.0212644784149342	-0.243414436553623	0.808173232728958	0.920803070188003	0.0214502798554244	0.85740388599001	0.0207049829149172	1	FALSE	FALSE
POLR2J3	chr7	102501228	102602323	-	0	alternative acceptor		0.0212644784149342	0.243414436553623	0.808173232728958	0.920803070188003	-0.0214502798554244	0.85740388599001	-0.0207049829149171	1	FALSE	FALSE
POLR2J3	chr7	102538526	102539605	-	1	alternative acceptor		-0.0369047415577612	-0.520383071911208	0.603935465950715	0.778428083252337	0.011492299456093	0.928627702405052	0.00539004648277388	1	FALSE	FALSE
ENSG00000270249	chr7	102538526	102638713	-	0	alternative acceptor		0.0369047415577613	0.520383071911209	0.603935465950714	0.778428083252337	-0.011492299456093	0.928627702405052	-0.00539004648277389	1	FALSE	FALSE
POLR2J3	chr7	102540092	102541092	-	1	alternative acceptor	0.504672897196262	-0.0221681377542013	-0.4142301956224	0.679566890014224	0.83136942192028	0.0149852065834914	0.831339297884748	0.0128232987126583	1	FALSE	FALSE
ENSG00000270249	chr7	102540092	102640203	-	0	alternative acceptor	0.495327102803738	0.0221681377542013	0.4142301956224	0.679566890014224	0.83136942192028	-0.0149852065834914	0.831339297884748	-0.0128232987126583	1	FALSE	FALSE
POLR2J3	chr7	102541663	102543524	-	1	alternative acceptor		0.187382231631422	1.61208999280518	0.110032382834238	0.237449323616272	0.022300964318882	0.903235340376889	0.0682454298682365	0.802240213265153	FALSE	FALSE
POLR2J3	chr7	102541663	102566996	-	1	alternative acceptor		-0.143858682551032	-1.44794970365815	0.150697960772308	0.303448054817417	-5.58540434849325e-05	1	-0.0321624164843707	0.982438621677276	FALSE	FALSE
ENSG00000270249	chr7	102541663	102642629	-	0	alternative acceptor		0.212884247090296	2.03936775207717	0.0439990184759193	0.116361323356611	-0.0639755288572348	0.532932473418212	-0.0283492242427035	1	FALSE	FALSE
RASA4	chr7	102541663	102666076	-	0	alternative acceptor		-0.0880205537773836	-0.788961155766204	0.43196471549952	0.623297410867147	-0.0316200162322098	0.829651735581437	-0.0571250485018188	0.86095732319391	FALSE	FALSE
POLR2J3	chr7	102567084	102568009	-	1	alternative acceptor	0.33867143937984	0.132730795143885	1.15860893731743	0.249294847202165	0.430653598452669	0.0247654932676195	0.88067214798	0.0591281567852198	0.86095732319391	FALSE	FALSE
POLR2J3	chr7	102567084	102569834	-	1	alternative acceptor	0.35042644140003	-0.0612711466304671	-1.02415742140863	0.308160254827135	0.5058170978123	-0.0173178251811067	0.823721055088574	-0.0342813703222982	0.826786442795825	FALSE	FALSE
ENSG00000205236	chr7	102567084	102668914	-	0	alternative acceptor	0.310902119220131	-0.0639932473505796	-0.661290551060837	0.5099025600717	0.699829946248527	-0.0369816703345139	0.737594343865282	-0.0582335950279112	0.801020692772742	FALSE	FALSE
POLR2J3	chr7	102568185	102569834	-	1	alternative acceptor	0.586543578376236	0.0341692426330625	3.24186282895474	0.00160037182695472	0.00905634706068717	-0.00933974548760097	0.306569736437153	-0.00343363973971899	0.982438621677276	FALSE	FALSE
ENSG00000205236	chr7	102568185	102668914	-	0	alternative acceptor	0.413456421623764	-0.0341692426330625	-3.24186282895474	0.00160037182695472	0.00905634706068717	0.00933974548760096	0.306569736437153	0.00343363973971898	0.982438621677276	FALSE	FALSE
POLR2J3	chr7	102569925	102572471	-	1	alternative acceptor		-0.0607906875029057	-0.687017936986329	0.493645880133951	0.684509888020813	0.0204412142415037	0.865357879812485	0.0106457385426352	1	FALSE	FALSE
ENSG00000205236	chr7	102569925	102671551	-	0	alternative acceptor		0.0607906875029057	0.687017936986328	0.493645880133951	0.684509888020813	-0.0204412142415037	0.865357879812485	-0.0106457385426352	1	FALSE	FALSE
ENSG00000270249	chr7	102583069	102584217	-	1	alternative acceptor	0.518749278873889	-0.0791103520561085	-0.823132922712152	0.412334129168434	0.604200074666887	0.0156107265087974	0.928627702405052	0.000811690086417805	1	FALSE	FALSE
ENSG00000205236	chr7	102583069	102683278	-	0	alternative acceptor	0.481250721126111	0.0791103520561085	0.823132922712152	0.412334129168434	0.604200074666887	-0.0156107265087974	0.928627702405052	-0.000811690086417805	1	FALSE	FALSE
ENSG00000270249	chr7	102590297	102592284	-	1	alternative acceptor		-0.0238123486468311	-0.447209571852874	0.655671963085469	0.81622999504161	0.00310206706771398	1	-0.00164114759484497	1	FALSE	FALSE
ENSG00000205236	chr7	102590297	102688194	-	0	alternative acceptor		0.0238123486468311	0.447209571852874	0.655671963085469	0.81622999504161	-0.00310206706771398	1	0.00164114759484497	1	FALSE	FALSE
DUS4L-BCAP29	chr7	107613433	107618327	+	1	alternative acceptor	0.827858468114384	-0.209158334174679	-3.36594906265206	0.00107301414271978	0.00656352715717623	0.0667226305003043	0.185053426761106	0.0323568277653592	0.859040754071165	FALSE	FALSE
DUS4L-BCAP29	chr7	107613433	107621629	+	1	alternative acceptor	0.172141531885616	0.209158334174679	3.36594906265206	0.00107301414271978	0.00656352715717623	-0.0667226305003043	0.185053426761106	-0.0323568277653591	0.859040754071165	FALSE	FALSE
LAMB1	chr7	107994961	107998356	-	1	alternative acceptor	0.842515993430906	-0.0776647976835159	-0.647704757231679	0.518617051108729	0.708904732811946	-0.046508855565814	0.733093170000787	-0.0726053164155682	0.801020692772742	FALSE	FALSE
LAMB4	chr7	107994961	108111810	-	0	alternative acceptor	0.157484006569094	0.0776647976835159	0.647704757231679	0.518617051108729	0.708904732811946	0.046508855565814	0.733093170000787	0.0726053164155683	0.801020692772742	FALSE	FALSE
CAV2	chr7	116499932	116500259	+	1	alternative acceptor		-0.142631045368594	-1.130350155008	0.261032541604343	0.446116419093653	0.0211040860545941	0.928072927167982	-0.00653826632786508	1	FALSE	FALSE
CAV2	chr7	116499932	116505970	+	1	alternative acceptor		0.142631045368594	1.130350155008	0.261032541604343	0.446116419093653	-0.0211040860545941	0.928072927167982	0.00653826632786514	1	FALSE	FALSE
CALU	chr7	128748805	128754261	+	1	alternative acceptor	0.753136862915795	0.0674486837647282	3.57325247658082	0.000538063365583562	0.00373459899255042	-0.0066138701665255	0.791643123662757	0.0072562518602512	0.944113575193574	FALSE	FALSE
CALU	chr7	128748805	128754528	+	1	alternative acceptor	0.246863137084206	-0.0674486837647282	-3.57325247658082	0.000538063365583565	0.00373459899255042	0.0066138701665255	0.791643123662757	-0.00725625186025119	0.944113575193574	FALSE	FALSE
PODXL	chr7	131509586	131510235	-	1	alternative acceptor	0.139876636695416	0.455369590301824	6.01247624573778	2.80424349276542e-08	8.01448077218084e-07	-0.108349257603288	0.0771345010252602	-0.026623477968642	0.967495893884277	FALSE	FALSE
PODXL	chr7	131509586	131510827	-	1	alternative acceptor	0.860123363304584	-0.455369590301824	-6.01247624573778	2.8042434927654e-08	8.01448077218084e-07	0.108349257603288	0.0771345010252602	0.0266234779686419	0.967495893884277	FALSE	FALSE
CALD1	chr7	134933391	134935687	+	1	alternative acceptor	0.0484887724417713	-0.0428198034917804	-0.850160832130683	0.397207582228071	0.590687794996795	0.0100308160605453	0.893622497420043	0.00231640646987856	1	FALSE	FALSE
CALD1	chr7	134933391	134941091	+	1	alternative acceptor	0.951511227558229	0.0428198034917805	0.850160832130686	0.397207582228069	0.590687794996795	-0.0100308160605453	0.893622497420043	-0.00231640646987859	1	FALSE	FALSE
CALD1	chr7	134958113	134958208	+	1	alternative acceptor	0.916208568959315	-0.0289329003292651	-0.937466929256486	0.350711431932626	0.54991681881183	0.0253071462551789	0.33191838012724	0.0235610468217595	0.686024928078753	FALSE	FALSE
CALD1	chr7	134958113	134958211	+	1	alternative acceptor	0.0837914310406853	0.0289329003292651	0.937466929256488	0.350711431932624	0.54991681881183	-0.0253071462551789	0.33191838012724	-0.0235610468217595	0.686024928078753	FALSE	FALSE
CALD1	chr7	134965387	134968339	+	1	alternative acceptor	0.946308323988762	0.0956724313737937	2.51845347954728	0.0133258340601182	0.0471113946345757	-0.0661031357222644	0.00648300722018154	-0.0570404748276301	0.136124721976895	FALSE	FALSE
CALD1	chr7	134965387	134968553	+	1	alternative acceptor	0.0536916760112377	-0.0956724313737938	-2.51845347954729	0.013325834060118	0.0471113946345757	0.0661031357222644	0.00648300722018154	0.05704047482763	0.136124721976895	FALSE	FALSE
FASTK	chr7	151078702	151078841	-	1	alternative acceptor	0.881374219714593	-0.341815013497709	-3.44479582394604	0.000827952700368711	0.00538406717773229	-0.010860437042935	0.977526261187499	-0.0894533073483713	0.561653851765132	FALSE	FALSE
FASTK	chr7	151078702	151078922	-	1	alternative acceptor	0.118625780285407	0.341815013497709	3.44479582394604	0.000827952700368711	0.00538406717773229	0.010860437042935	0.977526261187499	0.0894533073483713	0.561653851765132	FALSE	FALSE
CTSB	chr8	11847169	11847678	-	1	alternative acceptor	0.993202644562181	-0.0599041672593923	-1.260876041621	0.210202106778137	0.386013696086633	0.027775799723113	0.552000054280841	0.0195544602132612	0.921382924544024	FALSE	FALSE
CTSB	chr8	11847169	11848066	-	1	alternative acceptor	0.00679735543781914	0.0599041672593926	1.26087604162101	0.210202106778135	0.386013696086633	-0.027775799723113	0.552000054280841	-0.019554460213261	0.921382924544024	FALSE	FALSE
CTSB	chr8	11853480	11864375	-	1	alternative acceptor	0.318970202897337	-0.251681531438603	-3.18830941330027	0.00189572130568986	0.0102495795142208	0.0468357763943242	0.565741604849855	-0.000774937996323437	1	FALSE	FALSE
CTSB	chr8	11853480	11868000	-	1	alternative acceptor	0.681029797102663	0.251681531438603	3.18830941330027	0.00189572130568986	0.0102495795142208	-0.0468357763943242	0.565741604849855	0.000774937996323447	1	FALSE	FALSE
TUSC3	chr8	15748466	15757790	+	1	alternative acceptor		-0.0426616733596827	-0.410324720233687	0.682428372479016	0.833604144278145	-0.0249572497322234	0.863017141541745	-0.0401257340697854	0.944113575193574	FALSE	FALSE
TUSC3	chr8	15748466	15764202	+	1	alternative acceptor		0.0426616733596827	0.410324720233687	0.682428372479016	0.833604144278145	0.0249572497322234	0.863017141541745	0.0401257340697854	0.944113575193574	FALSE	FALSE
SH2D4A	chr8	19334858	19357202	+	1	alternative acceptor		-0.106792097653663	-2.0937008412264	0.0387660665504966	0.104224025563825	0.0509529929978398	0.215423660888265	0.0365806008844831	0.729704973607922	FALSE	FALSE
SH2D4A	chr8	19334858	19361202	+	1	alternative acceptor		0.106792097653663	2.0937008412264	0.0387660665504965	0.104224025563825	-0.0509529929978398	0.215423660888265	-0.0365806008844831	0.729704973607922	FALSE	FALSE
BMP1	chr8	22197421	22201117	+	1	alternative acceptor	0.366169725509241	0.135911422933707	2.30017018578638	0.0234548517086289	0.0718648204153574	-0.0522977013161379	0.297142398214828	-0.0316394541616276	0.853966070835217	FALSE	FALSE
BMP1	chr8	22197421	22201802	+	1	alternative acceptor	0.633830274490759	-0.135911422933707	-2.30017018578638	0.0234548517086288	0.0718648204153574	0.0522977013161378	0.297142398214828	0.0316394541616275	0.853966070835217	FALSE	FALSE
PDLIM2	chr8	22589742	22591550	+	1	alternative acceptor	0.827372054335448	-0.170595718811673	-1.97348531557776	0.0511192281901351	0.130034775672887	0.0103563108251247	0.964719659168634	-0.0259169768573789	0.985187378373503	FALSE	FALSE
PDLIM2	chr8	22589742	22593732	+	1	alternative acceptor	0.172627945664552	0.170595718811673	1.97348531557776	0.0511192281901351	0.130034775672887	-0.0103563108251247	0.964719659168634	0.0259169768573789	0.985187378373503	FALSE	FALSE
TNFRSF10B	chr8	23028603	23029609	-	1	alternative acceptor	0.738773071178205	-0.179087663608272	-1.1499815344221	0.252814537668405	0.434692741461196	-0.0625827109804651	0.724659214924882	-0.114403343582037	0.719163563139003	FALSE	FALSE
ENSG00000284956	chr8	23028603	23146960	-	0	alternative acceptor	0.261226928821795	0.179087663608272	1.1499815344221	0.252814537668405	0.434692741461196	0.0625827109804651	0.724659214924882	0.114403343582037	0.719163563139003	FALSE	FALSE
LOXL2	chr8	23298123	23298835	-	1	alternative acceptor	0.98296738094501	-0.156553271101164	-2.9703065604034	0.00370213590404917	0.0172243012444203	0.032311558921407	0.548359975491591	0.00329089933214703	1	FALSE	FALSE
LOXL2	chr8	23298123	23302026	-	1	alternative acceptor	0.0170326190549902	0.156553271101164	2.9703065604034	0.00370213590404917	0.0172243012444203	-0.032311558921407	0.548359975491591	-0.00329089933214693	1	FALSE	FALSE
SARAF	chr8	30070060	30073876	-	1	alternative acceptor	0.947395573665163	-0.385361472707182	-6.07889154001183	2.06925914845439e-08	6.28352711061915e-07	0.0984409193541905	0.0451101325357725	0.030542211764964	0.876680629691037	FALSE	FALSE
SARAF	chr8	30070060	30082846	-	1	alternative acceptor	0.0526044263348371	0.385361472707182	6.07889154001183	2.06925914845441e-08	6.28352711061915e-07	-0.0984409193541905	0.0451101325357725	-0.030542211764964	0.876680629691037	FALSE	FALSE
RBPMS	chr8	30544625	30547291	+	1	alternative acceptor	0.79986659093669	0.257745849176082	4.45668609019286	2.12297063298605e-05	0.000241479034206876	-0.127011996031481	0.000795040331226445	-0.0930421757822758	0.107228436807166	FALSE	FALSE
RBPMS	chr8	30544625	30558886	+	1	alternative acceptor	0.20013340906331	-0.257745849176082	-4.45668609019286	2.12297063298606e-05	0.000241479034206876	0.127011996031481	0.000795040331226445	0.0930421757822758	0.107228436807166	FALSE	FALSE
LSM1	chr8	38163841	38169801	-	1	alternative acceptor	0.84212115778454	-0.00167471576393527	-0.0236987376797921	0.981138764504521	1	0.0220020370779764	0.800312332292369	0.0257430239391663	0.95679854633549	FALSE	FALSE
LSM1	chr8	38163841	38171964	-	1	alternative acceptor	0.15787884221546	0.00167471576393529	0.0236987376797925	0.981138764504521	1	-0.0220020370779764	0.800312332292369	-0.0257430239391663	0.95679854633549	FALSE	FALSE
FGFR1	chr8	38428094	38428345	-	1	alternative acceptor	0.360247235740796	0.0938523803747572	2.70484066699439	0.00799773708390572	0.0321516593644957	-0.0247830228561981	0.444881132730103	-0.00839794138854273	1	FALSE	FALSE
FGFR1	chr8	38428094	38428351	-	1	alternative acceptor	0.639752764259204	-0.0938523803747572	-2.70484066699439	0.00799773708390571	0.0321516593644957	0.0247830228561981	0.444881132730103	0.0083979413885427	1	FALSE	FALSE
SDCBP	chr8	58572315	58575899	+	1	alternative acceptor	0.764748098141402	0.0330425376997149	0.938752637729996	0.350053937063406	0.549392450370393	0.0244401262804897	0.444515837414915	0.0364133380505313	0.467221360199274	FALSE	FALSE
SDCBP	chr8	58572315	58575902	+	1	alternative acceptor	0.235251901858598	-0.033042537699715	-0.938752637729997	0.350053937063405	0.549392450370393	-0.0244401262804897	0.444515837414915	-0.0364133380505313	0.467221360199274	FALSE	FALSE
ASPH	chr8	61619020	61633682	-	1	alternative acceptor	0.901366561851087	-0.0722418373287635	-1.9003956749068	0.0601773108621406	0.148629654496834	0.00633553144338459	0.928627702405052	-0.00866025172507796	1	FALSE	FALSE
ASPH	chr8	61619020	61637946	-	1	alternative acceptor	0.0986334381489127	0.0722418373287635	1.90039567490681	0.0601773108621404	0.148629654496834	-0.00633553144338462	0.928627702405052	0.00866025172507795	1	FALSE	FALSE
ASPH	chr8	61643434	61643944	-	1	alternative acceptor	0.755384844799113	-0.144540432848997	-4.65273347704742	9.77401860392352e-06	0.000122616003327472	0.0372433683419107	0.143541900070458	0.0118360262085626	0.946517121398466	FALSE	FALSE
ASPH	chr8	61643434	61644599	-	1	alternative acceptor	0.244615155200888	0.144540432848997	4.65273347704742	9.77401860392352e-06	0.000122616003327472	-0.0372433683419107	0.143541900070458	-0.0118360262085626	0.946517121398466	FALSE	FALSE
ASPH	chr8	61644633	61646749	-	1	alternative acceptor	0.817418961695432	-0.0759247266372037	-2.333017436257	0.0215908963000757	0.0673675580885851	0.0265784119068059	0.343484295654107	0.0145447172368721	0.908552550007806	FALSE	FALSE
ASPH	chr8	61644633	61651049	-	1	alternative acceptor	0.182581038304568	0.0759247266372037	2.333017436257	0.0215908963000758	0.0673675580885851	-0.0265784119068059	0.343484295654107	-0.0145447172368721	0.908552550007806	FALSE	FALSE
ASPH	chr8	61681037	61682438	-	1	alternative acceptor	0.0481419624629715	0.0623130399090087	0.875172134734886	0.383516501984747	0.580480473186527	-0.00210751805985792	1	0.0114553407212893	1	FALSE	FALSE
ASPH	chr8	61681037	61684038	-	1	alternative acceptor	0.951858037537029	-0.0623130399090086	-0.875172134734885	0.383516501984748	0.580480473186527	0.00210751805985782	1	-0.0114553407212893	1	FALSE	FALSE
""	chr8	66922393	66922613	-	1	alternative acceptor	0.851059022270181	-0.337901396121141	-3.25224970014784	0.00154831130925703	0.00885092410371041	-0.0202651101296406	0.905565071746864	-0.0997407996353045	0.499584556565982	FALSE	FALSE
""	chr8	66922393	66925436	-	1	alternative acceptor	0.148940977729819	0.337901396121141	3.25224970014784	0.00154831130925703	0.00885092410371041	0.0202651101296406	0.905565071746864	0.0997407996353046	0.499584556565982	FALSE	FALSE
SULF1	chr8	69493126	69495764	+	1	alternative acceptor	0.474173948794392	-0.0876042739666844	-2.61884242666473	0.0101539962487753	0.0378244701446712	0.019654383441782	0.560967176776377	0.0037093228732894	1	FALSE	FALSE
SULF1	chr8	69493126	69501873	+	1	alternative acceptor	0.525826051205608	0.0876042739666844	2.61884242666473	0.0101539962487753	0.0378244701446712	-0.019654383441782	0.560967176776377	-0.00370932287328938	1	FALSE	FALSE
SULF1	chr8	69601830	69603191	+	1	alternative acceptor	0.973468681764068	-0.0764189919707537	-0.986470287154046	0.326214033231703	0.523153246835165	0.0355666456786026	0.680546396015288	0.0251037440110077	0.982438621677276	FALSE	FALSE
SULF1	chr8	69601830	69603599	+	1	alternative acceptor	0.0265313182359318	0.0764189919707536	0.986470287154044	0.326214033231703	0.523153246835165	-0.0355666456786026	0.680546396015288	-0.0251037440110078	0.982438621677276	FALSE	FALSE
SULF1	chr8	69629680	69638501	+	1	alternative acceptor	0.79721084771976	-0.300704474830158	-3.18832919431903	0.00189560339218103	0.0102495795142208	0.147044422581764	0.0203120378877411	0.107200179820229	0.376461707415409	FALSE	FALSE
SULF1	chr8	69629680	69638734	+	1	alternative acceptor	0.20278915228024	0.300704474830158	3.18832919431903	0.00189560339218103	0.0102495795142208	-0.147044422581764	0.0203120378877411	-0.107200179820229	0.376461707415409	FALSE	FALSE
ELOC	chr8	73946821	73955646	-	1	alternative acceptor	0.0574657294903183	-0.170363302880946	-2.33458204784312	0.0215054693347469	0.0673675580885851	0.00950296526366533	0.95641168112493	-0.0268779071093788	0.953897833946922	FALSE	FALSE
ELOC	chr8	73946821	73955910	-	1	alternative acceptor	0.942534270509682	0.170363302880946	2.33458204784312	0.0215054693347469	0.0673675580885851	-0.00950296526366526	0.95641168112493	0.0268779071093789	0.953897833946922	FALSE	FALSE
E2F5	chr8	85214632	85214920	-	1	alternative acceptor	0.872858457627264	-0.416623734920822	-5.31483026720597	6.21568787358538e-07	1.17441969211467e-05	0.0663871482483929	0.393215775823863	-0.0145103629948112	1	FALSE	FALSE
E2F5	chr8	85214632	85217385	-	1	alternative acceptor	0.127141542372736	0.416623734920822	5.31483026720597	6.21568787358544e-07	1.17441969211467e-05	-0.0663871482483929	0.393215775823863	0.0145103629948113	1	FALSE	FALSE
AZIN1	chr8	102843748	102849998	-	1	alternative acceptor	0.364195931395082	-0.0246626861020304	-0.608309494780375	0.544321332425544	0.731714170584694	-0.0109546851234611	0.838155612483686	-0.0185281145149818	0.900606228927982	FALSE	FALSE
AZIN1	chr8	102843748	102858012	-	1	alternative acceptor	0.635804068604918	0.0246626861020304	0.608309494780375	0.544321332425544	0.731714170584694	0.0109546851234611	0.838155612483686	0.0185281145149818	0.900606228927982	FALSE	FALSE
ENY2	chr8	109339391	109340488	+	1	alternative acceptor	0.914242428878085	-0.0344466354545699	-0.544948321503513	0.586967085109071	0.765492654148061	0.00896488328058059	0.944599360963861	0.00292651749400983	1	FALSE	FALSE
ENY2	chr8	109339391	109340490	+	1	alternative acceptor	0.0857575711219154	0.0344466354545698	0.544948321503512	0.586967085109071	0.765492654148061	-0.00896488328058052	0.944599360963861	-0.00292651749400979	1	FALSE	FALSE
ENPP2	chr8	119580168	119582417	-	1	alternative acceptor	0.547335403823242	-0.233251233709818	-2.92528263055644	0.00423359730659027	0.0191723894004175	0.0516742439798712	0.505681501300475	0.00909679360825364	1	FALSE	FALSE
ENPP2	chr8	119580168	119582429	-	1	alternative acceptor	0.452664596176758	0.233251233709818	2.92528263055644	0.00423359730659027	0.0191723894004175	-0.0516742439798712	0.505681501300475	-0.00909679360825363	1	FALSE	FALSE
ENPP2	chr8	119593861	119595846	-	1	alternative acceptor	0.291054411005914	-0.127466376311886	-2.63258034805986	0.00977760479640245	0.0367389256572553	0.0495874936554042	0.202014451395194	0.0303137823493995	0.790958395735541	FALSE	FALSE
ENPP2	chr8	119593861	119600677	-	1	alternative acceptor	0.708945588994086	0.127466376311886	2.63258034805986	0.00977760479640243	0.0367389256572553	-0.0495874936554041	0.202014451395194	-0.0303137823493995	0.790958395735541	FALSE	FALSE
LY6E	chr8	143018587	143020882	+	1	alternative acceptor	0.812281417649065	-0.187664703721978	-1.41947563523535	0.158779777812953	0.313959316477822	0.0134391767498342	0.981124350335276	-0.0260805555218652	1	FALSE	FALSE
LY6E	chr8	143018587	143020887	+	1	alternative acceptor	0.187718582350935	0.187664703721978	1.41947563523534	0.158779777812953	0.313959316477822	-0.0134391767498342	0.981124350335276	0.0260805555218651	1	FALSE	FALSE
EEF1D	chr8	143581329	143586218	-	1	alternative acceptor	0.910575456677294	0.0254201128879716	0.400835858564803	0.689371248079408	0.837639019191878	-0.0299893064822412	0.666031980626064	-0.0299059445681987	0.885309445713496	FALSE	FALSE
EEF1D	chr8	143581329	143586728	-	1	alternative acceptor	0.0894245433227064	-0.0254201128879716	-0.400835858564803	0.689371248079408	0.837639019191878	0.0299893064822412	0.666031980626064	0.0299059445681987	0.885309445713496	FALSE	FALSE
PUF60	chr8	143818535	143820665	-	1	alternative acceptor	0.586321855777265	-0.277828561935188	-2.15524321285638	0.0334722886463534	0.0939058558479313	0.103193884562928	0.355810075046793	0.0602700122967556	0.885421783784103	TRUE	FALSE
PUF60	chr8	143818535	143821596	-	1	alternative acceptor	0.413678144222736	0.277828561935188	2.15524321285638	0.0334722886463534	0.0939058558479313	-0.103193884562928	0.355810075046793	-0.0602700122967556	0.885421783784103	TRUE	FALSE
PLEC	chr8	143934930	143935010	-	1	alternative acceptor		0.0121881648472296	0.192538739376545	0.847706837752135	0.952759734036685	-0.0131648535654397	0.88370271583779	-0.0129039951537281	1	FALSE	FALSE
PLEC	chr8	143934930	143935022	-	1	alternative acceptor		-0.0121881648472296	-0.192538739376545	0.847706837752135	0.952759734036685	0.0131648535654397	0.88370271583779	0.0129039951537281	1	FALSE	FALSE
CBWD1	chr9	135031	146101	-	1	alternative acceptor	0.897988855505684	0.0679597069384508	0.878440160359206	0.381749503635351	0.578954371867799	-0.0514728462706409	0.467803958187632	-0.045880389578448	0.801020692772742	FALSE	FALSE
CBWD1	chr9	135031	152033	-	1	alternative acceptor	0.102011144494317	-0.0679597069384508	-0.878440160359205	0.381749503635352	0.578954371867799	0.0514728462706408	0.467803958187632	0.0458803895784479	0.801020692772742	FALSE	FALSE
CBWD1	chr9	175785	177722	-	1	alternative acceptor	0.114780807887448	-0.0195850164080734	-0.25087426290658	0.802411104446114	0.917310980242432	0.0448119581224578	0.555757628872907	0.0488085565787478	0.790958395735541	FALSE	FALSE
CBWD1	chr9	175785	178815	-	1	alternative acceptor	0.885219192112553	0.0195850164080735	0.250874262906581	0.802411104446113	0.917310980242432	-0.0448119581224578	0.555757628872907	-0.0488085565787478	0.790958395735541	FALSE	FALSE
ADAMTSL1	chr9	18662074	18675856	+	1	alternative acceptor	0.805485207405454	-0.220409102279878	-2.81671325283845	0.00581626348729356	0.0251348311566523	0.0513178895408616	0.495586947167869	0.0115502061116231	1	FALSE	FALSE
ADAMTSL1	chr9	18662074	18680311	+	1	alternative acceptor	0.194514792594546	0.220409102279878	2.81671325283846	0.00581626348729352	0.0251348311566523	-0.0513178895408615	0.495586947167869	-0.0115502061116231	1	FALSE	FALSE
TPM2	chr9	35684551	35684731	-	1	alternative acceptor	0.117291927135865	0.227534287047973	5.36201597175796	5.07016564666559e-07	1.00253682350638e-05	-0.0256182912595646	0.605016815221264	0.0205531489269787	0.875851163913888	FALSE	FALSE
TPM2	chr9	35684551	35685063	-	1	alternative acceptor	0.882708072864135	-0.227534287047973	-5.36201597175796	5.07016564666559e-07	1.00253682350638e-05	0.0256182912595646	0.605016815221264	-0.0205531489269787	0.875851163913888	FALSE	FALSE
TPM2	chr9	35684808	35685063	-	1	alternative acceptor	0.0471586537534974	-0.344266324444706	-3.55388847588847	0.000574566902860091	0.0039476808820751	0.073124109259036	0.422577880752864	0.00969384314033422	1	FALSE	FALSE
TPM2	chr9	35684808	35685268	-	1	alternative acceptor	0.952841346246503	0.344266324444706	3.55388847588847	0.000574566902860093	0.0039476808820751	-0.0731241092590361	0.422577880752864	-0.00969384314033432	1	FALSE	FALSE
RECK	chr9	36083563	36085901	+	1	alternative acceptor	0.0707112426862812	0.22176369737002	2.61628146147375	0.0102255920335251	0.0379528977350649	0.0464167027222475	0.608982110039423	0.104771783453691	0.283277700446563	FALSE	FALSE
RECK	chr9	36083563	36087693	+	1	alternative acceptor	0.929288757313719	-0.22176369737002	-2.61628146147375	0.010225592033525	0.0379528977350649	-0.0464167027222474	0.608982110039423	-0.104771783453691	0.283277700446563	FALSE	FALSE
CBWD6	chr9	41145333	41156382	-	1	alternative acceptor	0.899230592906431	0.0804277057250811	1.04598736117821	0.298015354128079	0.494656036793361	-0.0486134014069811	0.499697366709258	-0.0396933723086185	0.86095732319391	FALSE	FALSE
CBWD6	chr9	41145333	41162332	-	1	alternative acceptor	0.100769407093569	-0.0804277057250811	-1.04598736117821	0.298015354128079	0.494656036793361	0.048613401406981	0.499697366709258	0.0396933723086185	0.86095732319391	FALSE	FALSE
""	chr9	63974814	63986226	-	1	alternative acceptor	0.898637155695356	0.0837889030885045	1.08981282781887	0.278338714692452	0.468159091321504	-0.049841217878639	0.4812369829157	-0.040398031495735	0.855196191594143	FALSE	FALSE
""	chr9	63974814	63992144	-	0	alternative acceptor	0.101362844304644	-0.0837889030885043	-1.08981282781887	0.278338714692453	0.468159091321504	0.0498412178786389	0.4812369829157	0.0403980314957349	0.855196191594143	FALSE	FALSE
""	chr9	65301477	65312570	-	1	alternative acceptor	0.897988855505684	0.0679597069384508	0.878440160359206	0.381749503635351	0.578954371867799	-0.0514728462706409	0.467803958187632	-0.045880389578448	0.801020692772742	FALSE	FALSE
""	chr9	65301477	65318515	-	1	alternative acceptor	0.102011144494317	-0.0679597069384508	-0.878440160359205	0.381749503635352	0.578954371867799	0.0514728462706408	0.467803958187632	0.0458803895784479	0.801020692772742	FALSE	FALSE
UBQLN1	chr9	83665146	83666349	-	1	alternative acceptor	0.84344055500563	0.138606377884737	2.97874883264809	0.00360961083226552	0.0170031668151455	-0.0540768601552812	0.130091592169819	-0.0331478274242308	0.735940228989576	FALSE	FALSE
UBQLN1	chr9	83665146	83669184	-	1	alternative acceptor	0.15655944499437	-0.138606377884737	-2.97874883264809	0.00360961083226552	0.0170031668151455	0.0540768601552812	0.130091592169819	0.0331478274242307	0.735940228989576	FALSE	FALSE
HNRNPK	chr9	83973400	83973901	-	1	alternative acceptor	0.897183218550373	0.0280217600635482	1.02238604628839	0.308993507058111	0.506695717215351	-0.00816115958601122	0.816324284430447	-0.00341150460986865	1	TRUE	TRUE
HNRNPK	chr9	83973400	83974516	-	1	alternative acceptor	0.102816781449627	-0.0280217600635482	-1.02238604628839	0.308993507058112	0.506695717215351	0.00816115958601122	0.816324284430447	0.00341150460986866	1	TRUE	TRUE
HNRNPK	chr9	83978453	83980152	-	1	alternative acceptor	0.0948586117169901	0.281792051688111	3.3963795337031	0.000971306654426226	0.00608363523333995	-0.055248668517734	0.495586947167869	-0.00246754373306141	1	TRUE	TRUE
HNRNPK	chr9	83978453	83980502	-	1	alternative acceptor	0.90514138828301	-0.281792051688111	-3.3963795337031	0.000971306654426226	0.00608363523333995	0.0552486685177341	0.495586947167869	0.00246754373306141	1	TRUE	TRUE
FAM120A	chr9	93498887	93515666	+	1	alternative acceptor	0.789955610855486	-0.0405805244264622	-0.555254824877113	0.579924307353967	0.760047232875084	0.0049663625513977	1	-0.00319393188003161	1	FALSE	FALSE
FAM120A	chr9	93498887	93515669	+	1	alternative acceptor	0.210044389144514	0.0405805244264622	0.555254824877113	0.579924307353967	0.760047232875084	-0.0049663625513977	1	0.0031939318800316	1	FALSE	FALSE
FAM120A	chr9	93558719	93561108	+	1	alternative acceptor		0.00161763201509922	0.0187561262496138	0.98507302597308	1	-0.00639359701225529	0.995734046107217	-0.00722728810456589	1	FALSE	FALSE
FAM120A	chr9	93558719	93561111	+	1	alternative acceptor		-0.00161763201509924	-0.018756126249614	0.985073025973079	1	0.00639359701225528	0.995734046107217	0.00722728810456588	1	FALSE	FALSE
AOPEP	chr9	95080781	95082574	+	1	alternative acceptor	0.723443296798958	0.02076454872787	0.253444930340342	0.800429601087129	0.917310980242432	-0.0587999782726451	0.420567617136139	-0.0651492307439068	0.671775968055238	FALSE	FALSE
AOPEP	chr9	95080781	95086681	+	1	alternative acceptor	0.276556703201042	-0.0207645487278699	-0.253444930340341	0.800429601087129	0.917310980242432	0.0587999782726451	0.420567617136139	0.0651492307439069	0.671775968055238	FALSE	FALSE
MSANTD3	chr9	100442357	100450556	+	1	alternative acceptor	0.868135160496551	-0.341970462644229	-2.56585004096808	0.0117315517487864	0.0420432112725213	0.0990147893497308	0.418553547379619	0.0409423357184654	0.983234759464368	FALSE	FALSE
MSANTD3-TMEFF1	chr9	100442357	100498764	+	1	alternative acceptor	0.131864839503449	0.341970462644229	2.56585004096808	0.0117315517487864	0.0420432112725213	-0.0990147893497309	0.418553547379619	-0.0409423357184654	0.983234759464368	FALSE	FALSE
NIPSNAP3A	chr9	104754701	104759084	+	1	alternative acceptor	0.5	0	0	1	1	0	1	0	1	FALSE	FALSE
""	chr9	104754701	104772821	+	1	alternative acceptor	0.5	0	0	1	1	0	1	0	1	FALSE	FALSE
NIPSNAP3A	chr9	104759172	104759261	+	1	alternative acceptor	0.693971440352488	0.0631013697656119	0.86821919184424	0.38729278005086	0.582566450664739	-0.0709633822827285	0.217717290822736	-0.0701053657787114	0.498821267950974	FALSE	FALSE
NIPSNAP3B	chr9	104759172	104772996	+	0	alternative acceptor	0.306028559647512	-0.0631013697656119	-0.86821919184424	0.38729278005086	0.582566450664739	0.0709633822827285	0.217717290822736	0.0701053657787114	0.498821267950974	FALSE	FALSE
PALM2AKAP2	chr9	110138540	110156318	+	1	alternative acceptor	0.566823703128609	0.103538254212739	2.35095740736119	0.0206291436970253	0.0652648536870539	-0.0271143662956794	0.532932473418212	-0.00899594628442453	1	FALSE	FALSE
PALM2AKAP2	chr9	110138540	110168398	+	1	alternative acceptor	0.433176296871391	-0.103538254212739	-2.35095740736119	0.0206291436970253	0.0652648536870539	0.0271143662956794	0.532932473418212	0.00899594628442454	1	FALSE	FALSE
TNC	chr9	115042342	115046409	-	1	alternative acceptor	0.952124163936087	-0.0917545687988203	-0.84191830137808	0.401784253220938	0.59593032935212	0.0989462525189101	0.268661481983372	0.0969053542421443	0.570104686438069	FALSE	FALSE
TNC	chr9	115042342	115073602	-	1	alternative acceptor	0.0478758360639128	0.0917545687988203	0.841918301378079	0.401784253220939	0.59593032935212	-0.0989462525189102	0.268661481983372	-0.0969053542421444	0.570104686438069	FALSE	FALSE
TNC	chr9	115046683	115048259	-	1	alternative acceptor	0.182586438126307	0.107151179276108	2.81097147856425	0.00591340950407444	0.0254254181079105	0.0228740324140377	0.55321336109015	0.0511534185084454	0.216541633953375	FALSE	FALSE
TNC	chr9	115046683	115057152	-	1	alternative acceptor	0.817413561873693	-0.107151179276108	-2.81097147856425	0.00591340950407442	0.0254254181079105	-0.0228740324140377	0.55321336109015	-0.0511534185084454	0.216541633953375	FALSE	FALSE
TNC	chr9	115060003	115062916	-	1	alternative acceptor	0.837341793577398	-0.0330263553180378	-0.597821207626046	0.551271402633692	0.738139385967397	0.00546729732563658	0.981644904845569	-0.000907269615816966	1	FALSE	FALSE
TNC	chr9	115060003	115063795	-	1	alternative acceptor	0.162658206422602	0.0330263553180379	0.597821207626047	0.551271402633692	0.738139385967397	-0.00546729732563659	0.981644904845569	0.000907269615816969	1	FALSE	FALSE
GSN	chr9	121281563	121300055	+	1	alternative acceptor	0.278247602521032	0.112932233455408	2.15313659964028	0.0336418249821319	0.0939058558479313	-0.087382206767112	0.00882972504211535	-0.0784344704731356	0.136124721976895	FALSE	FALSE
GSN	chr9	121281563	121301962	+	1	alternative acceptor	0.721752397478968	-0.112932233455408	-2.15313659964028	0.0336418249821319	0.0939058558479313	0.087382206767112	0.00882972504211535	0.0784344704731356	0.136124721976895	FALSE	FALSE
MAPKAP1	chr9	125484584	125506309	-	1	alternative acceptor	0.642320149015822	0.0520871965920847	1.35098927687323	0.179659151031169	0.343742202240697	-0.0265048365943731	0.452281040878004	-0.0197966048693773	0.86095732319391	FALSE	FALSE
MAPKAP1	chr9	125484584	125543058	-	1	alternative acceptor	0.357679850984178	-0.0520871965920847	-1.35098927687323	0.179659151031169	0.343742202240697	0.0265048365943731	0.452281040878004	0.0197966048693773	0.86095732319391	FALSE	FALSE
RPL12	chr9	127450805	127451049	-	1	alternative acceptor		0.0585077381055225	0.577329842125722	0.565014216047464	0.749459184390572	0.04549118724413	0.683759439962875	0.0672469745385512	0.78017861755723	FALSE	FALSE
RPL12	chr9	127450805	127451280	-	1	alternative acceptor		-0.0585077381055225	-0.577329842125722	0.565014216047464	0.749459184390572	-0.0454911872441299	0.683759439962875	-0.0672469745385512	0.78017861755723	FALSE	FALSE
ENSG00000257524	chr9	127887592	127890636	-	1	alternative acceptor	0.864889936846439	0.137420305958116	1.8050317422424	0.0739914089385934	0.174753320694553	-0.00985413839962353	0.956403764562175	0.0190823303165062	1	FALSE	FALSE
ENSG00000257524	chr9	127887592	127890655	-	1	alternative acceptor	0.135110063153561	-0.137420305958116	-1.8050317422424	0.0739914089385935	0.174753320694553	0.00985413839962353	0.956403764562175	-0.0190823303165062	1	FALSE	FALSE
GOLGA2	chr9	128266326	128267193	-	1	alternative acceptor	0.234851486933382	0.00506264260866111	0.0971822551177155	0.922770512199619	0.996932342607957	-0.00791433849160873	0.938841245504339	-0.00826098555346885	1	FALSE	FALSE
GOLGA2	chr9	128266326	128267457	-	1	alternative acceptor	0.765148513066618	-0.00506264260866118	-0.0971822551177169	0.922770512199618	0.996932342607957	0.00791433849160869	0.938841245504339	0.00826098555346883	1	FALSE	FALSE
GOLGA2	chr9	128268525	128272784	-	1	alternative acceptor	0.836084765097611	-0.413419260190898	-5.61174443840801	1.69978288042286e-07	3.9868700526332e-06	0.072445419638911	0.298902429544598	-0.00660097113506046	1	FALSE	FALSE
GOLGA2	chr9	128268525	128273849	-	1	alternative acceptor	0.16391523490239	0.413419260190898	5.61174443840802	1.69978288042285e-07	3.9868700526332e-06	-0.072445419638911	0.298902429544598	0.00660097113506045	1	FALSE	FALSE
SPTAN1	chr9	128591626	128592982	+	1	alternative acceptor	0.197441536187764	0.0758328136083185	1.28919997496205	0.200216275180657	0.371486935018776	-0.00803106191569095	0.950579310568449	0.00745184636880613	1	FALSE	FALSE
SPTAN1	chr9	128591626	128594174	+	1	alternative acceptor	0.802558463812236	-0.0758328136083184	-1.28919997496205	0.200216275180658	0.371486935018776	0.00803106191569093	0.950579310568449	-0.00745184636880615	1	FALSE	FALSE
PTPA	chr9	129123139	129127963	+	1	alternative acceptor	0.162574202434779	-0.0405746707388806	-0.583549244965063	0.560799284321074	0.74651957708879	0.0320007692972942	0.680161682876381	0.0288993280562925	0.919512758906035	FALSE	FALSE
PTPA	chr9	129123139	129128984	+	1	alternative acceptor	0.837425797565222	0.0405746707388805	0.583549244965063	0.560799284321074	0.74651957708879	-0.0320007692972942	0.680161682876381	-0.0288993280562925	0.919512758906035	FALSE	FALSE
NTMT1	chr9	129626296	129632649	+	1	alternative acceptor		-0.338949019577057	-3.25383459395716	0.00155366118492065	0.00885092410371041	0.00667946660286216	1	-0.0672153388713588	0.790072509883377	FALSE	FALSE
NTMT1	chr9	129626296	129634053	+	1	alternative acceptor		0.338949019577057	3.25383459395716	0.00155366118492064	0.00885092410371041	-0.00667946660286213	1	0.0672153388713588	0.790072509883377	FALSE	FALSE
FUBP3	chr9	130632279	130634666	+	1	alternative acceptor		-0.0460586686360041	-0.440803241694308	0.660326318524068	0.818825175572389	0.0106511449276848	0.978013965311945	0.00245905133244586	1	FALSE	FALSE
FUBP3	chr9	130632279	130635998	+	1	alternative acceptor		0.0460586686360041	0.440803241694309	0.660326318524068	0.818825175572389	-0.0106511449276848	0.978013965311945	-0.00245905133244585	1	FALSE	FALSE
COL5A1	chr9	134825905	134829975	+	1	alternative acceptor	0.431360676937463	0.562499552147864	11.5263555184538	3.05946136217024e-20	1.7342046821235e-17	-0.165239436365567	0.000185475343525021	-0.0701611500727458	0.173791158341085	FALSE	FALSE
COL5A1	chr9	134825905	134830107	+	1	alternative acceptor	0.568639323062537	-0.562499552147864	-11.5263555184538	3.05946136217019e-20	1.7342046821235e-17	0.165239436365567	0.000185475343525021	0.0701611500727458	0.173791158341085	FALSE	FALSE
CD99	chrX	2714455	2717604	+	1	alternative acceptor	0.968768923224425	-0.0494639561286628	-0.819299393568363	0.414507338827875	0.606078873324856	-0.0113383157473153	0.90438525416237	-0.0245386036585741	0.925794517878951	FALSE	FALSE
CD99	chrX	2714455	2719660	+	1	alternative acceptor	0.0312310767755745	0.0494639561286625	0.819299393568357	0.414507338827879	0.606078873324856	0.0113383157473154	0.90438525416237	0.0245386036585742	0.925794517878951	FALSE	FALSE
CD99	chrX	2726374	2738199	+	1	alternative acceptor	0.929590997025322	0.0443493186543333	1.45149990832755	0.149679770092391	0.302472310210471	-0.0212810870156395	0.445375957358689	-0.0153287682801866	0.865330761437268	FALSE	FALSE
CD99	chrX	2726374	2738202	+	1	alternative acceptor	0.0704090029746778	-0.0443493186543333	-1.45149990832755	0.149679770092391	0.302472310210471	0.0212810870156394	0.445375957358689	0.0153287682801866	0.865330761437268	FALSE	FALSE
DDX3X	chrX	41347013	41347311	+	1	alternative acceptor	0.710422465725867	-0.0171174580306834	-0.650978556175327	0.516509982420176	0.707470982767224	-0.0217393719325281	0.323651286662678	-0.0296403677115616	0.376498861396169	FALSE	FALSE
DDX3X	chrX	41347013	41347314	+	1	alternative acceptor	0.289577534274133	0.0171174580306834	0.650978556175327	0.516509982420176	0.707470982767224	0.0217393719325281	0.323651286662678	0.0296403677115616	0.376498861396169	FALSE	FALSE
NDUFB11	chrX	47142441	47142583	-	1	alternative acceptor	0.224243402806279	0.06718881416498	1.75566268506913	0.0821188317484771	0.189939777543162	-0.0273036008429024	0.433440857444496	-0.0173622783788938	0.902506498809721	FALSE	FALSE
NDUFB11	chrX	47142441	47142613	-	1	alternative acceptor	0.775756597193721	-0.06718881416498	-1.75566268506913	0.0821188317484771	0.189939777543162	0.0273036008429024	0.433440857444496	0.0173622783788937	0.902506498809721	FALSE	FALSE
FTSJ1	chrX	48481716	48482402	+	1	alternative acceptor	0.750094215507505	-0.0882754651756666	-0.982191963430912	0.328306768315879	0.524211886874321	-0.0356740748944731	0.726933980894644	-0.0621202075305823	0.758999082625987	FALSE	FALSE
FTSJ1	chrX	48481716	48482408	+	1	alternative acceptor	0.249905784492495	0.0882754651756666	0.982191963430911	0.328306768315879	0.524211886874321	0.0356740748944731	0.726933980894644	0.0621202075305824	0.758999082625987	FALSE	FALSE
NONO	chrX	71284454	71284983	+	1	alternative acceptor	0.0997092968155147	0.163657034763414	1.70970474752608	0.0903315147474876	0.203455285865037	-0.0476612331286551	0.646533770003136	-0.0199210295233316	1	FALSE	FALSE
NONO	chrX	71284454	71290628	+	1	alternative acceptor	0.900290703184485	-0.163657034763414	-1.70970474752608	0.0903315147474876	0.203455285865037	0.047661233128655	0.646533770003136	0.0199210295233316	1	FALSE	FALSE
TCEAL9	chrX	103356607	103357082	+	1	alternative acceptor	0.757657525814886	-0.101552858621948	-1.5005836766833	0.136522503077433	0.280721301672522	-0.021709726437426	0.798373901371683	-0.0485173618199389	0.729704973607922	FALSE	FALSE
TCEAL9	chrX	103356607	103357614	+	1	alternative acceptor	0.242342474185114	0.101552858621948	1.5005836766833	0.136522503077433	0.280721301672522	0.021709726437426	0.798373901371683	0.0485173618199389	0.729704973607922	FALSE	FALSE
BEX3	chrX	103377107	103377462	+	1	alternative acceptor	0.157369196854146	-0.00270403978562187	-0.0389741587825353	0.968986433243922	1	-0.00934480783445185	0.951378333411404	-0.0116986774237476	1	FALSE	FALSE
BEX3	chrX	103377107	103377509	+	1	alternative acceptor	0.842630803145854	0.00270403978562191	0.0389741587825359	0.968986433243922	1	0.00934480783445184	0.951378333411404	0.0116986774237476	1	FALSE	FALSE
TCEAL4	chrX	103586292	103586648	+	1	alternative acceptor	0.940159104649903	-0.0620574600344146	-0.891671417846914	0.374647379949745	0.574211689593998	0.0240107892832731	0.784618049349035	0.0146027959423394	1	FALSE	FALSE
TCEAL4	chrX	103586292	103586653	+	1	alternative acceptor	0.0598408953500971	0.0620574600344148	0.891671417846917	0.374647379949743	0.574211689593998	-0.0240107892832731	0.784618049349035	-0.0146027959423394	1	FALSE	FALSE
MORF4L2	chrX	103678601	103684680	-	1	alternative acceptor	0.173232079937734	0.064502456792793	2.10013199428248	0.0381595879344236	0.103000602035694	-0.00673991996140456	0.88067214798	0.00644671298371985	1	FALSE	FALSE
MORF4L2	chrX	103678601	103685170	-	1	alternative acceptor	0.826767920062266	-0.064502456792793	-2.10013199428248	0.0381595879344236	0.103000602035694	0.00673991996140454	0.88067214798	-0.00644671298371987	1	FALSE	FALSE
MORF4L2	chrX	103678652	103684680	-	1	alternative acceptor	0.224545845909419	0.0577099240137988	0.990471314467468	0.324264914561775	0.52291369105007	0.0131893899242859	0.871342615097977	0.028582938583745	0.869621028064469	FALSE	FALSE
MORF4L2	chrX	103678652	103685170	-	1	alternative acceptor	0.775454154090581	-0.0577099240137988	-0.990471314467468	0.324264914561775	0.52291369105007	-0.0131893899242859	0.871342615097977	-0.0285829385837451	0.869621028064469	FALSE	FALSE
FLNA	chrX	154355073	154357250	-	1	alternative acceptor	0.581085035109444	0.230295435370336	2.64830394349309	0.00936232520864887	0.0355768357928657	-0.064075858661467	0.422460531353506	-0.0244805290211178	1	FALSE	FALSE
FLNA	chrX	154355073	154357433	-	1	alternative acceptor	0.418914964890556	-0.230295435370336	-2.64830394349309	0.00936232520864885	0.0355768357928657	0.064075858661467	0.422460531353506	0.0244805290211178	1	FALSE	FALSE
RPL10	chrX	154399942	154400463	+	1	alternative acceptor	0.980583093855265	0.00764011210513758	0.118519751663829	0.905886680497678	0.985939725420874	-0.0575411906369939	0.274684375283861	-0.0665946165452536	0.467601679776128	FALSE	FALSE
RPL10	chrX	154399942	154400701	+	1	alternative acceptor	0.0194169061447346	-0.00764011210513751	-0.118519751663828	0.905886680497679	0.985939725420874	0.0575411906369937	0.274684375283861	0.0665946165452534	0.467601679776128	FALSE	FALSE
""	chr1	18367	195262	-	0	alternative donor		0.0661320867670801	0.536461852780407	0.592807499948004	0.770400575973696	0.0302956802772798	0.85740388599001	0.0505668165685785	0.921382924544024	FALSE	FALSE
""	chr1	18380	195262	-	0	alternative donor		0.114610064723457	1.05305673646798	0.294803214490621	0.490761494117768	0.0606362568156655	0.579324532788681	0.0972722044504539	0.565009708296797	FALSE	FALSE
""	chr1	188890	195262	-	0	alternative donor		-0.120774929609418	-0.978627206571401	0.330079621516126	0.526795303977637	0.0144609185034991	0.965400561827888	-0.00964344722451785	1	FALSE	FALSE
""	chr1	188903	195262	-	1	alternative donor		0.0610344693492697	0.499600218568319	0.618432593131269	0.791007615358949	-0.022703914794723	0.905392087338134	-0.0133720090313731	1	FALSE	FALSE
SDF4	chr1	1217689	1218457	-	1	alternative donor	0.971121191205993	0.00876843152048937	0.122277545380804	0.902917472760562	0.985939725420874	-0.0754451453008644	0.16287048030762	-0.0875952811967937	0.292458316033086	FALSE	FALSE
SDF4	chr1	1217805	1218457	-	1	alternative donor	0.0288788087940067	-0.00876843152048935	-0.122277545380804	0.902917472760562	0.985939725420874	0.0754451453008645	0.16287048030762	0.0875952811967937	0.292458316033086	FALSE	FALSE
MXRA8	chr1	1353333	1353847	-	1	alternative donor	0.0607543733820469	-0.00386864286227606	-0.0656173083330324	0.947809699461548	1	-0.00168249514066763	1	-0.00286376734081883	1	FALSE	FALSE
MXRA8	chr1	1353630	1353847	-	1	alternative donor	0.939245626617953	0.0038686428622761	0.0656173083330331	0.947809699461547	1	0.00168249514066763	1	0.00286376734081882	1	FALSE	FALSE
ATAD3B	chr1	1450759	1517310	+	0	alternative donor		0.2251397902144	2.68917000705296	0.00846079481763828	0.0332276711025263	-0.00851094836790663	0.981420233619292	0.0384711419381418	0.885309445713496	FALSE	FALSE
ATAD3B	chr1	1459232	1527694	+	0	alternative donor		0.0226419435384643	0.425339291674732	0.671494243276771	0.826547926668223	0.0032875280246397	1	0.00895552051679081	1	FALSE	FALSE
""	chr1	1462709	1533925	+	0	alternative donor		0.632356477312358	6.20287097445608	1.43509510446358e-08	4.64834138121964e-07	-0.0996210227393622	0.306569736437153	0.0185979462129305	1	FALSE	FALSE
ATAD3B	chr1	1477351	1517310	+	0	alternative donor		0.100119200034933	2.18350172505513	0.0314618465483526	0.0902206914932102	-0.0221924868165349	0.655214741049296	-0.00464027460928638	1	FALSE	FALSE
""	chr1	1479109	1518920	+	0	alternative donor		0	0	1	1	0	1	0	1	FALSE	FALSE
""	chr1	1480937	1520140	+	0	alternative donor		-0.00278081610404273	-0.70647912015343	0.481516846156662	0.671163440073282	0.000882853961016869	0.874574993213875	0.000430681691906623	1	FALSE	FALSE
ATAD3A	chr1	1490672	1533925	+	0	alternative donor		-0.0470857530641217	-4.33770592978288	3.58738419028709e-05	0.000374254405863999	0.00608909050381637	0.620314310192263	-0.00295473027403536	1	FALSE	FALSE
""	chr1	1503662	1517310	+	0	alternative donor		0.0780095680286982	1.65062801968774	0.102116897254913	0.224353725816512	-0.0221343178780281	0.667023201962071	-0.00933706187237952	1	FALSE	FALSE
ATAD3A	chr1	1516089	1517310	+	1	alternative donor		-0.166932101432894	-2.41075071580767	0.0178437926588289	0.0589287713240111	0.0309532038359477	0.689289910634612	0.000590025685324623	1	FALSE	FALSE
ATAD3A	chr1	1517776	1518920	+	1	alternative donor		0	0	1	1	0	1	0	1	FALSE	FALSE
ATAD3A	chr1	1518991	1520140	+	1	alternative donor		0.00278081610404273	0.70647912015343	0.481516846156661	0.671163440073282	-0.000882853961016873	0.874574993213875	-0.000430681691906627	1	FALSE	FALSE
ATAD3A	chr1	1526532	1527694	+	1	alternative donor		-0.0226419435384643	-0.425339291674732	0.671494243276771	0.826547926668223	-0.0032875280246397	1	-0.00895552051679081	1	FALSE	FALSE
ATAD3A	chr1	1529332	1533925	+	1	alternative donor		-0.0470857530641217	-4.33770592978288	3.58738419028709e-05	0.000374254405863999	0.00608909050381637	0.620314310192263	-0.00295473027403536	1	FALSE	FALSE
SLC35E2B	chr1	1645263	1716345	-	1	alternative donor	0.49842743413142	0.0043896129370205	1.0086448392168	0.315508643982356	0.513173074215205	-0.00119412535437655	0.838155612483686	-0.000434316486503631	1	FALSE	FALSE
SLC35E2B	chr1	1655485	1722707	-	0	alternative donor	0.499739099686178	0.0150011649567388	2.14901912523167	0.0339753441732993	0.0943266494150129	-0.000300026870531596	1	0.00300386686006246	0.91701834432199	FALSE	FALSE
CDK11A	chr1	1712401	1716345	-	1	alternative donor	0.50157256586858	-0.00438961293702049	-1.0086448392168	0.315508643982356	0.513173074215205	0.00119412535437655	0.838155612483686	0.000434316486503632	1	FALSE	FALSE
CDK11A	chr1	1721712	1722707	-	1	alternative donor	0.500260900313822	-0.0150011649567388	-2.14901912523167	0.0339753441732991	0.0943266494150129	0.000300026870531598	1	-0.00300386686006245	0.91701834432199	FALSE	FALSE
RER1	chr1	2391959	2395783	+	1	alternative donor		0.207495807107911	1.41145651692809	0.161183236957758	0.317419912503379	0.0124667785569371	0.987823745136366	0.060775985930596	0.919512758906035	FALSE	FALSE
RER1	chr1	2393356	2395783	+	1	alternative donor		-0.207495807107911	-1.41145651692809	0.161183236957758	0.317419912503379	-0.0124667785569371	0.987823745136366	-0.060775985930596	0.919512758906035	FALSE	FALSE
ENO1	chr1	8874915	8878579	-	1	alternative donor	0.0106190920334081	0.020411939454355	0.486433075679438	0.627693545377042	0.798349195148587	0.037618422972118	0.273239436222291	0.0492279508523846	0.340618133050714	FALSE	FALSE
ENO1	chr1	8874918	8878579	-	1	alternative donor	0.989380907966592	-0.0204119394543552	-0.486433075679442	0.627693545377039	0.798349195148587	-0.037618422972118	0.273239436222291	-0.0492279508523846	0.340618133050714	FALSE	FALSE
NBPF1	chr1	16580957	16587724	-	0	alternative donor	0.499849261380766	0.0020264964401316	0.546895107869737	0.585633705668891	0.765000074182841	-0.000506077528359296	0.95197078235111	-0.000146850544128474	1	FALSE	FALSE
NBPF1	chr1	16587262	16587724	-	1	alternative donor	0.500150738619234	-0.0020264964401316	-0.546895107869737	0.585633705668891	0.765000074182841	0.000506077528359296	0.95197078235111	0.000146850544128474	1	FALSE	FALSE
MFAP2	chr1	16977196	16978236	-	1	alternative donor		-0.136110552601891	-1.16975638253339	0.244852035504005	0.424435154306382	-0.0711683541444658	0.516610862194275	-0.114241144486418	0.482705558022424	FALSE	FALSE
MFAP2	chr1	16977199	16978236	-	1	alternative donor		0.136110552601891	1.16975638253339	0.244852035504005	0.424435154306382	0.0711683541444658	0.516610862194275	0.114241144486418	0.482705558022424	FALSE	FALSE
AKR7A3	chr1	19267462	19306017	-	0	alternative donor		-0.000292975469501283	-0.0770135794534082	0.938769755512403	1	-8.07021939429739e-05	1	-0.000159973106727728	1	FALSE	FALSE
""	chr1	19282893	19306017	-	0	alternative donor		0.000218122152088379	0.0575643170366615	0.954212882227935	1	-7.9116882706435e-05	1	-4.56152460482425e-05	1	FALSE	FALSE
AKR7A2	chr1	19304387	19306017	-	1	alternative donor		7.27734458406467e-05	0.0191019151727459	0.984798640741263	1	0.000158132637826701	1	0.000203135045006249	1	FALSE	FALSE
HSPG2	chr1	21842381	21847688	-	0	alternative donor	0.0794003162631672	0.076244259678118	1.005182872671	0.317164406547238	0.515373218665627	-0.0120829965652666	0.933493501441889	0.00273404136182719	1	FALSE	FALSE
HSPG2	chr1	21843439	21852087	-	0	alternative donor		0.143804802922905	1.57020016583601	0.119496207569203	0.252897698782115	0.0699515253920536	0.388121237887745	0.115182510495978	0.283277700446563	FALSE	FALSE
HSPG2	chr1	21843439	21852918	-	0	alternative donor		0.166796423428884	1.6333215796514	0.105515026289061	0.229741744179959	0.0150820357736796	0.941406122136108	0.0551939913869471	0.852250873181727	FALSE	FALSE
HSPG2	chr1	21847493	21847688	-	1	alternative donor	0.920599683736833	-0.076244259678118	-1.005182872671	0.317164406547238	0.515373218665627	0.0120829965652665	0.933493501441889	-0.00273404136182727	1	FALSE	FALSE
HSPG2	chr1	21851927	21852087	-	1	alternative donor		-0.143804802922905	-1.57020016583601	0.119496207569203	0.252897698782115	-0.0699515253920536	0.388121237887745	-0.115182510495978	0.283277700446563	FALSE	FALSE
HSPG2	chr1	21851927	21852918	-	0	alternative donor		-0.480336843818534	-3.82774596949577	0.000224400800242205	0.00184791070611075	-0.0170302713179419	0.95641168112493	-0.127607098939848	0.474131077937937	FALSE	FALSE
HSPG2	chr1	21852833	21852918	-	1	alternative donor		0.564220136437927	4.50863663715027	1.76180433431832e-05	0.000205907097629436	-0.0197976885085891	0.94181723490176	0.102647505507762	0.64777709135746	FALSE	FALSE
HSPG2	chr1	21884675	21884766	-	1	alternative donor	0.791246968589358	-0.017324782517553	-0.259954111772088	0.795418092443842	0.913921829260072	-0.00219332635176124	1	-0.00648412489748942	1	FALSE	FALSE
HSPG2	chr1	21884678	21884766	-	1	alternative donor	0.208753031410642	0.017324782517553	0.259954111772088	0.795418092443842	0.913921829260072	0.00219332635176123	1	0.00648412489748943	1	FALSE	FALSE
HSPG2	chr1	21888067	21889980	-	1	alternative donor	0.887654569880021	-0.0355583627998796	-0.364294700852313	0.716384754262141	0.861044547484154	0.0607127868883336	0.505681501300475	0.0641063048687041	0.781325204460825	FALSE	FALSE
HSPG2	chr1	21888719	21889980	-	1	alternative donor	0.112345430119979	0.0355583627998795	0.364294700852312	0.716384754262142	0.861044547484154	-0.0607127868883335	0.505681501300475	-0.0641063048687041	0.781325204460825	FALSE	FALSE
HNRNPR	chr1	23323733	23337753	-	1	alternative donor	0.0523830299824177	0.189848367558245	2.37703866012016	0.019298548503155	0.0621590212138671	-0.0414240439173064	0.637209752049209	-0.00665055797574474	1	TRUE	FALSE
HNRNPR	chr1	23333632	23337753	-	1	alternative donor	0.947616970017582	-0.189848367558245	-2.37703866012016	0.0192985485031551	0.0621590212138671	0.0414240439173063	0.637209752049209	0.00665055797574473	1	TRUE	FALSE
SRSF10	chr1	23971624	23971849	-	1	alternative donor	0.221492171799846	-0.0672228264088685	-1.22218804393607	0.224426065044765	0.401300235129992	0.0149137737726908	0.838155612483686	0.00264696935397738	1	TRUE	FALSE
SRSF10	chr1	23971627	23971849	-	1	alternative donor	0.778507828200154	0.0672228264088685	1.22218804393608	0.224426065044764	0.401300235129992	-0.0149137737726908	0.838155612483686	-0.00264696935397738	1	TRUE	FALSE
TMEM50A	chr1	25340580	25351625	+	1	alternative donor	0.0253499015464648	0.276663038620653	4.51662783678165	1.67822888613743e-05	0.00019818251533866	-0.0414482495017621	0.509851632862463	0.0127658124411631	1	FALSE	FALSE
TMEM50A	chr1	25343074	25351625	+	1	alternative donor	0.974650098453535	-0.276663038620654	-4.51662783678166	1.67822888613736e-05	0.00019818251533866	0.0414482495017622	0.509851632862463	-0.0127658124411631	1	FALSE	FALSE
TRNP1	chr1	26994613	26999846	+	1	alternative donor		-0.140200398448838	-2.11131485744896	0.0372894784747701	0.101133585560361	0.0234715021540769	0.779428468130883	-0.00308124785218949	1	FALSE	FALSE
TRNP1	chr1	26994631	26999846	+	1	alternative donor		0.140200398448838	2.11131485744896	0.0372894784747701	0.101133585560361	-0.0234715021540768	0.779428468130883	0.0030812478521895	1	FALSE	FALSE
YTHDF2	chr1	28738339	28768928	+	1	alternative donor	0.105703707123618	0.102124830516927	1.33253927881639	0.185623525354502	0.353079200073077	0.035052158732357	0.681838806271626	0.0644839819237505	0.618142836076918	FALSE	FALSE
YTHDF2	chr1	28743987	28768928	+	1	alternative donor	0.894296292876382	-0.102124830516927	-1.33253927881639	0.185623525354501	0.353079200073077	-0.035052158732357	0.681838806271626	-0.0644839819237505	0.618142836076918	FALSE	FALSE
COL16A1	chr1	31668856	31671614	-	1	alternative donor		0.0655765071976143	0.895280743563503	0.372765726851759	0.573324618395283	-0.0269802913864703	0.755102806883977	-0.0173472327560665	1	FALSE	FALSE
COL16A1	chr1	31670647	31671614	-	1	alternative donor		-0.0655765071976143	-0.895280743563502	0.372765726851759	0.573324618395283	0.0269802913864703	0.755102806883977	0.0173472327560665	1	FALSE	FALSE
COL16A1	chr1	31679686	31680041	-	1	alternative donor	0.369687875417567	-0.230037657789878	-3.82926073491577	0.000221015489078403	0.00182445067562051	0.081470091978476	0.0648365836943624	0.045186578350701	0.695449884442149	FALSE	FALSE
COL16A1	chr1	31679852	31680041	-	1	alternative donor	0.630312124582433	0.230037657789878	3.82926073491577	0.000221015489078403	0.00182445067562051	-0.081470091978476	0.0648365836943624	-0.045186578350701	0.695449884442149	FALSE	FALSE
SPOCD1	chr1	31794236	31798206	-	1	alternative donor		0.272989044606335	3.10350823208121	0.00247486619491797	0.0125814946620568	-0.0750561315986437	0.33191838012724	-0.0280212144632265	0.983234759464368	FALSE	FALSE
SPOCD1	chr1	31796716	31798206	-	1	alternative donor		-0.272989044606335	-3.10350823208121	0.00247486619491797	0.0125814946620568	0.0750561315986437	0.33191838012724	0.0280212144632265	0.983234759464368	FALSE	FALSE
PTP4A2	chr1	31911827	31918969	-	1	alternative donor	0.192854599090464	0.0425989067883169	0.643771921851175	0.521154232004354	0.710683858479073	-0.0645210888755344	0.217717290822736	-0.0670500865017654	0.474131077937937	FALSE	FALSE
PTP4A2	chr1	31915988	31918969	-	1	alternative donor	0.807145400909536	-0.042598906788317	-0.643771921851175	0.521154232004354	0.710683858479073	0.0645210888755344	0.217717290822736	0.0670500865017654	0.474131077937937	FALSE	FALSE
RBBP4	chr1	32681861	32684257	-	1	alternative donor	0.243761812819862	0.256065161565333	3.48477236122301	0.000724849226598253	0.00479613272307521	-0.0637078993947118	0.329705966159735	-0.0182717242353102	1	FALSE	FALSE
RBBP4	chr1	32684090	32684257	-	1	alternative donor	0.756238187180138	-0.256065161565333	-3.48477236122301	0.000724849226598252	0.00479613272307521	0.0637078993947118	0.329705966159735	0.0182717242353102	1	FALSE	FALSE
SFPQ	chr1	35178037	35187000	-	1	alternative donor	0.107231145814808	-0.153516251512941	-2.77912250016394	0.00647972262684878	0.0272404655796202	0.0467535884064351	0.33191838012724	0.021114958483916	0.945406621275832	FALSE	FALSE
SFPQ	chr1	35184594	35187000	-	1	alternative donor	0.892768854185192	0.153516251512941	2.77912250016394	0.00647972262684879	0.0272404655796202	-0.0467535884064352	0.33191838012724	-0.021114958483916	0.945406621275832	FALSE	FALSE
MAP7D1	chr1	36173479	36176198	+	1	alternative donor	0.409769236003792	0.166359710704682	3.98568764395854	0.000125847448007063	0.00111751219496611	-0.0386976884613913	0.297142398214828	-0.00867524668729042	1	FALSE	FALSE
MAP7D1	chr1	36175009	36176198	+	1	alternative donor	0.590230763996208	-0.166359710704682	-3.98568764395854	0.000125847448007063	0.00111751219496611	0.0386976884613913	0.297142398214828	0.00867524668729044	1	FALSE	FALSE
MEAF6	chr1	37495919	37501803	-	1	alternative donor	0.859317676966677	-0.0911805840167487	-1.03968222200746	0.300921981893197	0.497650733319173	-0.0270726536361082	0.801972247284422	-0.0525603501792336	0.801020692772742	FALSE	FALSE
MEAF6	chr1	37496605	37501803	-	1	alternative donor	0.140682323033323	0.0911805840167487	1.03968222200746	0.300921981893197	0.497650733319173	0.0270726536361083	0.801972247284422	0.0525603501792337	0.801020692772742	FALSE	FALSE
NDUFS5	chr1	39026399	39028722	+	1	alternative donor		-0.0869646001318703	-0.436287077050127	0.663597976703551	0.820093284436329	-0.0761741707946445	0.735577137976105	-0.10872278813297	0.846266210601829	FALSE	FALSE
NDUFS5	chr1	39026403	39028722	+	1	alternative donor		0.0869646001318704	0.436287077050128	0.663597976703551	0.820093284436329	0.0761741707946445	0.735577137976105	0.10872278813297	0.846266210601829	FALSE	FALSE
MACF1	chr1	39480010	39484600	+	1	alternative donor	0.847641303997651	0.068937080191597	1.16413705998383	0.24705790676362	0.427605058983751	-0.0382942532254718	0.484409629793165	-0.0300174559886694	0.863932451492619	FALSE	FALSE
MACF1	chr1	39481031	39484600	+	1	alternative donor	0.15235869600235	-0.068937080191597	-1.16413705998383	0.24705790676362	0.427605058983751	0.0382942532254718	0.484409629793165	0.0300174559886694	0.863932451492619	FALSE	FALSE
ELOVL1	chr1	43365009	43365563	-	1	alternative donor		0.105406841065561	1.16232953588671	0.247814006658319	0.428477598701038	-0.0233373414696702	0.849993191454597	-0.00428350700950342	1	FALSE	FALSE
ELOVL1	chr1	43365377	43365563	-	1	alternative donor		-0.105406841065561	-1.16232953588671	0.247814006658318	0.428477598701038	0.0233373414696703	0.849993191454597	0.00428350700950344	1	FALSE	FALSE
ATP6V0B	chr1	43975108	43976089	+	1	alternative donor		0.261738445151372	2.14578906015918	0.0342858836206763	0.0948090434314122	-0.060607671796675	0.648561225852984	-0.0134015402268685	1	FALSE	FALSE
ATP6V0B	chr1	43975849	43976089	+	1	alternative donor		-0.261738445151372	-2.14578906015918	0.0342858836206763	0.0948090434314122	0.060607671796675	0.648561225852984	0.0134015402268685	1	FALSE	FALSE
RPS8	chr1	44776715	44777613	+	1	alternative donor	0.0115906401265036	0.0651530351813812	1.75670787020127	0.0819394488499207	0.189939777543162	-0.0125811452459005	0.78944915403528	-0.000341557693358281	1	FALSE	FALSE
RPS8	chr1	44776775	44777613	+	1	alternative donor	0.988409359873496	-0.0651530351813808	-1.75670787020127	0.0819394488499221	0.189939777543162	0.0125811452459005	0.78944915403528	0.000341557693358396	1	FALSE	FALSE
UQCRH	chr1	46303821	46310154	+	1	alternative donor	0.198552212634156	0.306286954401396	2.97481741122542	0.00365242945627376	0.0171280765102927	-0.043130429495238	0.724121588893087	0.0174042191795143	1	FALSE	FALSE
UQCRH	chr1	46310045	46310154	+	1	alternative donor	0.801447787365844	-0.306286954401396	-2.97481741122542	0.00365242945627376	0.0171280765102927	0.0431304294952379	0.724121588893087	-0.0174042191795143	1	FALSE	FALSE
MAGOH	chr1	53228955	53235576	-	1	alternative donor	0.100647873892605	-0.039892804356808	-0.423689521827877	0.672675731244272	0.826757759696648	0.0878638862945458	0.244726917522435	0.09536593104938	0.474131077937937	TRUE	FALSE
MAGOH	chr1	53233653	53235576	-	1	alternative donor	0.899352126107395	0.0398928043568079	0.423689521827876	0.672675731244273	0.826757759696648	-0.0878638862945457	0.244726917522435	-0.0953659310493799	0.474131077937937	TRUE	FALSE
TMEM59	chr1	54040838	54041723	-	1	alternative donor	0.67717289692905	-0.01093807175677	-0.633612570750914	0.527738190697618	0.717101805735655	0.00854972560710745	0.645708902978782	0.00769923700417236	0.908552550007806	FALSE	FALSE
TMEM59	chr1	54040841	54041723	-	1	alternative donor	0.32282710307095	0.01093807175677	0.633612570750916	0.527738190697616	0.717101805735655	-0.00854972560710746	0.645708902978782	-0.00769923700417236	0.908552550007806	FALSE	FALSE
TMEM59	chr1	54043526	54052999	-	1	alternative donor	0.0359644154310706	0.0769343735774716	1.21789195844998	0.226047626964251	0.403351510653421	-0.0301791088596448	0.664166203999123	-0.0185928804404131	0.992278526193239	FALSE	FALSE
TMEM59	chr1	54047373	54052999	-	1	alternative donor	0.964035584568929	-0.0769343735774715	-1.21789195844997	0.226047626964252	0.403351510653421	0.0301791088596449	0.664166203999123	0.0185928804404132	0.992278526193239	FALSE	FALSE
JAK1	chr1	64877112	64883276	-	0	alternative donor	0.177037165550702	-0.117785408073098	-2.23179248577682	0.0277948142166508	0.0824001858843089	0.0315058099572179	0.549633883024578	0.0110177966643739	1	FALSE	FALSE
JAK1	chr1	64879149	64883276	-	1	alternative donor	0.822962834449298	0.117785408073098	2.23179248577682	0.0277948142166508	0.0824001858843089	-0.031505809957218	0.549633883024578	-0.0110177966643739	1	FALSE	FALSE
SERBP1	chr1	67424278	67424887	-	1	alternative donor	0.325577916555854	0.173036022220111	1.87130382570731	0.064140900058685	0.155927949320649	-0.0451919876046621	0.657628379596285	-0.0148890986598791	1	FALSE	FALSE
SERBP1	chr1	67424323	67424887	-	1	alternative donor	0.674422083444146	-0.173036022220111	-1.87130382570731	0.064140900058685	0.155927949320649	0.0451919876046621	0.657628379596285	0.0148890986598791	1	FALSE	FALSE
SRSF11	chr1	70228556	70232267	+	1	alternative donor	0.666431795284026	0.365770991250206	6.12003095541007	1.71293617178444e-08	5.40980641176386e-07	-0.002005758351767	1	0.0795458878451428	0.221305034675428	FALSE	FALSE
SRSF11	chr1	70231976	70232267	+	1	alternative donor	0.333568204715974	-0.365770991250206	-6.12003095541007	1.71293617178444e-08	5.40980641176386e-07	0.00200575835176702	1	-0.0795458878451428	0.221305034675428	FALSE	FALSE
RABGGTB	chr1	75790058	75791284	+	1	alternative donor	0.812580073265951	-0.0642006858680516	-0.866942976007703	0.387988408385897	0.583097029129666	-0.0100762928113408	0.950579310568449	-0.0263412768985345	0.96580989741943	FALSE	FALSE
RABGGTB	chr1	75790518	75791284	+	1	alternative donor	0.187419926734049	0.0642006858680516	0.866942976007704	0.387988408385896	0.583097029129666	0.0100762928113409	0.950579310568449	0.0263412768985345	0.96580989741943	FALSE	FALSE
AK5	chr1	77340569	77410980	+	1	alternative donor	0.696899840827932	-0.221929717290344	-2.33332350772295	0.0215741614171321	0.0673675580885851	0.0525065640497582	0.599460639389804	0.0126206618840748	1	FALSE	FALSE
AK5	chr1	77371468	77410980	+	1	alternative donor	0.303100159172068	0.221929717290344	2.33332350772295	0.0215741614171321	0.0673675580885851	-0.0525065640497583	0.599460639389804	-0.0126206618840748	1	FALSE	FALSE
DDAH1	chr1	85358848	85577983	-	1	alternative donor	0.0992082972464574	-0.430346108975498	-2.66483633122481	0.00894296185819913	0.0347311182660732	0.162705541154059	0.217215548505909	0.0967534864244226	0.801020692772742	FALSE	FALSE
DDAH1	chr1	85496282	85577983	-	1	alternative donor	0.900791702753543	0.430346108975498	2.66483633122482	0.00894296185819911	0.0347311182660732	-0.162705541154059	0.217215548505909	-0.0967534864244225	0.801020692772742	FALSE	FALSE
SELENOF	chr1	86863606	86880661	-	1	alternative donor	0.0537750420879053	0.201264901877943	3.21128244841492	0.00176329241510861	0.00978296493276409	0.0437741903625438	0.467803958187632	0.097043511359857	0.121746127165749	FALSE	FALSE
SELENOF	chr1	86868103	86880661	-	1	alternative donor	0.946224957912095	-0.201264901877943	-3.21128244841492	0.00176329241510861	0.00978296493276409	-0.0437741903625437	0.467803958187632	-0.0970435113598569	0.121746127165749	FALSE	FALSE
SNX7	chr1	98701904	98760053	+	1	alternative donor	0.104660882408281	0.0296698444751482	0.331289700416708	0.741098743439987	0.879931046098572	-0.0213759029767336	0.863205297776067	-0.0187292907558443	1	FALSE	FALSE
SNX7	chr1	98738390	98760053	+	1	alternative donor	0.895339117591719	-0.0296698444751482	-0.331289700416708	0.741098743439988	0.879931046098572	0.0213759029767336	0.863205297776067	0.0187292907558443	1	FALSE	FALSE
GSTM4	chr1	109657280	109669289	+	0	alternative donor	0.484308420713114	-0.00110016631293266	-0.153044693171289	0.878662454014367	0.973231700552616	-0.0053114242678973	0.405836168446977	-0.0065514945027673	0.549137222982238	FALSE	FALSE
GSTM4	chr1	109657672	109669470	+	0	alternative donor	0.192471746698245	-0.11174049152623	-1.38378571311239	0.169415525480103	0.330379703072151	0.00999628604822234	0.959959064667841	-0.0131617203326629	1	FALSE	FALSE
GSTM4	chr1	109659111	109674746	+	1	alternative donor	0.317267107920359	0.18816284230801	1.41442494053037	0.160252983178494	0.315953852631919	-0.0671591718861354	0.639939818267749	-0.0375776923846802	1	FALSE	FALSE
GSTM2	chr1	109659111	109693205	+	0	alternative donor	0.204641589597681	0.114680720961462	1.1913823717078	0.236241581699649	0.414794847372487	-0.0379076957217437	0.72977551125966	-0.0193127347412553	1	FALSE	FALSE
GSTM4	chr1	109668990	109669289	+	1	alternative donor	0.515691579286886	0.00110016631293266	0.153044693171289	0.878662454014367	0.973231700552616	0.00531142426789731	0.405836168446977	0.00655149450276731	0.549137222982238	FALSE	FALSE
GSTM4	chr1	109669372	109669470	+	1	alternative donor	0.807528253301755	0.11174049152623	1.38378571311239	0.169415525480103	0.330379703072151	-0.00999628604822235	0.959959064667841	0.0131617203326629	1	FALSE	FALSE
GSTM4	chr1	109671584	109674746	+	1	alternative donor	0.682732892079641	-0.18816284230801	-1.41442494053037	0.160252983178494	0.315953852631919	0.0671591718861354	0.639939818267749	0.0375776923846802	1	FALSE	FALSE
GSTM2	chr1	109671584	109693205	+	0	alternative donor	0.506772770255224	-0.174033466784401	-1.39125063952211	0.167147244803098	0.327269878857419	0.0565289119393101	0.685774411613939	0.0281235001325655	1	FALSE	FALSE
GSTM2	chr1	109690565	109693205	+	1	alternative donor	0.288585640147095	0.105156922381114	1.01493007567714	0.312517337901962	0.511465230676173	-0.0245006873457173	0.864201202457099	-0.00553074966786987	1	FALSE	FALSE
ATP5PB	chr1	111449874	111456085	+	1	alternative donor	0.0407473782633522	0.0635682194175796	0.961529881146652	0.338537665931814	0.535021655127369	-0.0344273183998897	0.624358071658217	-0.0266296421757307	0.925794517878951	FALSE	FALSE
ATP5PB	chr1	111454357	111456085	+	1	alternative donor	0.959252621736648	-0.0635682194175799	-0.961529881146655	0.338537665931812	0.535021655127369	0.0344273183998897	0.624358071658217	0.0266296421757306	0.925794517878951	FALSE	FALSE
CSDE1	chr1	114736856	114737962	-	1	alternative donor	0.965955290183353	-0.12701243009091	-2.23520733036394	0.0275624558488813	0.0821578528415449	0.0375166413026461	0.4812369829157	0.0160864161144345	1	FALSE	FALSE
CSDE1	chr1	114737564	114737962	-	1	alternative donor	0.0340447098166472	0.12701243009091	2.23520733036394	0.0275624558488813	0.0821578528415449	-0.0375166413026461	0.4812369829157	-0.0160864161144345	1	FALSE	FALSE
SRGAP2C	chr1	121187514	121365292	+	1	alternative donor	0.175668219049556	0.178044403206309	1.01091979842512	0.314423736141144	0.511898097949273	0.0292560847107569	0.928595471495225	0.0746083658481099	0.91701834432199	FALSE	FALSE
SRGAP2C	chr1	121324641	121365292	+	1	alternative donor	0.824331780950445	-0.178044403206309	-1.01091979842512	0.314423736141144	0.511898097949273	-0.0292560847107569	0.928595471495225	-0.0746083658481099	0.91701834432199	FALSE	FALSE
""	chr1	143382869	143419624	-	1	alternative donor	0.381554296900461	-0.0847100899490667	-1.18122453897047	0.240233807509824	0.41834878614486	-0.0195587016665612	0.837889846895872	-0.042191415625548	0.801020692772742	FALSE	FALSE
""	chr1	143382869	143420072	-	1	alternative donor	0.57721977131374	0.00725739080225607	0.13295135027776	0.89449125280232	0.981660132552659	-0.0172171622303221	0.800312332292369	-0.0188125740573375	0.970467838347115	FALSE	FALSE
""	chr1	143401781	143419624	-	1	alternative donor	0.618445703099539	0.0847100899490667	1.18122453897047	0.240233807509824	0.41834878614486	0.0195587016665612	0.837889846895872	0.042191415625548	0.801020692772742	FALSE	FALSE
""	chr1	143401781	143420072	-	1	alternative donor	0.42278022868626	-0.00725739080225609	-0.132951350277761	0.89449125280232	0.981660132552659	0.0172171622303221	0.800312332292369	0.0188125740573375	0.970467838347115	FALSE	FALSE
""	chr1	144208476	144245237	-	1	alternative donor	0.381554296900461	-0.0847100899490667	-1.18122453897047	0.240233807509824	0.41834878614486	-0.0195587016665612	0.837889846895872	-0.042191415625548	0.801020692772742	FALSE	FALSE
""	chr1	144208476	144245685	-	1	alternative donor	0.426978540534819	-0.00250155890549238	-0.0476489600599655	0.96208828003606	1	-0.0187212265035992	0.767928378608926	-0.0227838650122964	0.91701834432199	FALSE	FALSE
""	chr1	144227380	144245237	-	1	alternative donor	0.618445703099539	0.0847100899490667	1.18122453897047	0.240233807509824	0.41834878614486	0.0195587016665612	0.837889846895872	0.042191415625548	0.801020692772742	FALSE	FALSE
""	chr1	144227380	144245685	-	1	alternative donor	0.287487055351766	0.0594137577151673	1.41955490957995	0.158756737958664	0.313959316477822	0.0136801882103239	0.795308504297634	0.0295471860451831	0.745349701160936	FALSE	FALSE
""	chr1	144245316	144245685	-	1	alternative donor	0.285534404113415	-0.0390347947602826	-0.661341076859417	0.509870296438186	0.699829946248527	0.018921969059157	0.798373901371683	0.0137186800660991	1	FALSE	FALSE
""	chr1	144720691	144738996	+	1	alternative donor	0.447965828281682	-0.0436657891421326	-1.02768940492823	0.306503320658665	0.503826869772896	-0.00275780604977545	1	-0.0130541724809274	0.983234759464368	FALSE	FALSE
""	chr1	144720691	144757915	+	1	alternative donor	0.659874230943614	-0.0111296134447971	-0.163286478715821	0.870612832252148	0.968629033962744	0.000176009969053289	1	-0.00228391868403887	1	FALSE	FALSE
""	chr1	144721139	144738996	+	1	alternative donor	0.552034171718318	0.0436657891421326	1.02768940492823	0.306503320658665	0.503826869772896	0.00275780604977544	1	0.0130541724809274	0.983234759464368	FALSE	FALSE
""	chr1	144721139	144757915	+	1	alternative donor	0.340125769056386	0.011129613444797	0.163286478715821	0.870612832252149	0.968629033962744	-0.000176009969053289	1	0.00228391868403888	1	FALSE	FALSE
""	chr1	145399101	145586090	-	0	alternative donor	0.499654634697701	-0.000645232387055032	-0.168278975526142	0.866693806397879	0.966763094337341	0.000377890483101228	0.983339374254017	0.000304063685908662	1	FALSE	FALSE
""	chr1	145584808	145586090	-	1	alternative donor	0.500345365302299	0.000645232387055028	0.16827897552614	0.86669380639788	0.966763094337341	-0.000377890483101227	0.983339374254017	-0.000304063685908661	1	FALSE	FALSE
NBPF10	chr1	146097185	146112053	-	0	alternative donor		0	0	1	1	0	1	0	1	FALSE	FALSE
NBPF10	chr1	146101907	146112053	-	0	alternative donor		0	0	1	1	0	1	0	1	FALSE	FALSE
NBPF10	chr1	146101907	146116771	-	0	alternative donor		0	0	1	1	0	1	0	1	FALSE	FALSE
NBPF10	chr1	146106625	146112053	-	0	alternative donor		0	0	1	1	0	1	0	1	FALSE	FALSE
NBPF10	chr1	146106625	146116771	-	0	alternative donor		0	0	1	1	0	1	0	1	FALSE	FALSE
NBPF10	chr1	146111333	146112053	-	1	alternative donor		0	0	1	1	0	1	0	1	FALSE	FALSE
NBPF10	chr1	146111333	146116771	-	0	alternative donor		0	0	1	1	0	1	0	1	FALSE	FALSE
NBPF10	chr1	146116051	146116771	-	1	alternative donor		0	0	1	1	0	1	0	1	FALSE	FALSE
NBPF12	chr1	146965105	146972750	+	1	alternative donor	0.398475360217708	-0.0633232158712052	-2.53873326922229	0.0126212965471053	0.0449006585321185	0.0226254305742118	0.28433422698193	0.0126747579738066	0.86229873788958	FALSE	FALSE
NBPF12	chr1	146971395	146972750	+	1	alternative donor	0.601524639782292	0.0633232158712051	2.53873326922229	0.0126212965471054	0.0449006585321185	-0.0226254305742118	0.28433422698193	-0.0126747579738066	0.86229873788958	FALSE	FALSE
NBPF14	chr1	148533970	148542553	-	0	alternative donor	0.130525488217345	-0.0801562138395335	-1.17367093134228	0.243233635049245	0.422275442982381	0.027766888722328	0.724121588893087	0.0150077461147127	1	FALSE	FALSE
NBPF14	chr1	148537120	148542553	-	0	alternative donor	0.434737255891328	0.0172976450345619	1.57155619620435	0.11912044315834	0.252416590144246	-0.00281737603601802	0.853051160491984	0.000529952091661636	1	FALSE	FALSE
NBPF14	chr1	148541840	148542553	-	1	alternative donor	0.434737255891328	0.0172976450345619	1.57155619620435	0.11912044315834	0.252416590144246	-0.00281737603601802	0.853051160491984	0.000529952091661636	1	FALSE	FALSE
NBPF14	chr1	148541840	148556689	-	0	alternative donor	0.25	1.33155420679478e-17	3.6454131553499e-15	0.999999999999997	1	-4.76592037454814e-18	1	-2.67504964931411e-18	1	FALSE	FALSE
NBPF14	chr1	148546554	148556689	-	0	alternative donor	0.25	1.33155420679478e-17	3.6454131553499e-15	0.999999999999997	1	-4.76592037454814e-18	1	-2.67504964931411e-18	1	FALSE	FALSE
NBPF14	chr1	148551262	148556689	-	0	alternative donor	0.25	1.33155420679478e-17	3.6454131553499e-15	0.999999999999997	1	-4.76592037454814e-18	1	-2.67504964931411e-18	1	FALSE	FALSE
NBPF14	chr1	148555976	148556689	-	1	alternative donor	0.25	1.33155420679478e-17	3.6454131553499e-15	0.999999999999997	1	-4.76592037454814e-18	1	-2.67504964931411e-18	1	FALSE	FALSE
NBPF9	chr1	149073871	149081964	-	0	alternative donor		0.0123596961733101	0.887805030650905	0.376935979458034	0.576161467926639	-0.0102001491130697	0.393215775823863	-0.00938304516787193	0.74947494310319	FALSE	FALSE
NBPF9	chr1	149079222	149081964	-	1	alternative donor		-0.0302194395457684	-0.325377743861139	0.745626094835905	0.884504481526653	0.0364572526076845	0.724121588893087	0.0363821734083545	0.925794517878951	FALSE	FALSE
NBPF9	chr1	149080156	149081964	-	1	alternative donor		0.0123596961733101	0.887805030650905	0.376935979458034	0.576161467926639	-0.0102001491130697	0.393215775823863	-0.00938304516787193	0.74947494310319	FALSE	FALSE
ENSG00000286185	chr1	149539672	149554494	+	0	alternative donor	0.248548345465541	-0.00152416016035045	-0.393545428688166	0.694730139106026	0.842344813939249	3.05823572353812e-05	1	-0.000305083970441815	1	FALSE	FALSE
ENSG00000286185	chr1	149544409	149554494	+	0	alternative donor	0.248548345465541	-0.00152416016035045	-0.393545428688166	0.694730139106026	0.842344813939249	3.05823572353812e-05	1	-0.000305083970441815	1	FALSE	FALSE
ENSG00000286185	chr1	149549146	149554494	+	0	alternative donor	0.248548345465541	-0.00152416016035045	-0.393545428688166	0.694730139106026	0.842344813939249	3.05823572353812e-05	1	-0.000305083970441815	1	FALSE	FALSE
ENSG00000286185	chr1	149553883	149554494	+	1	alternative donor	0.254354963603377	0.00446951350070607	0.855407756689185	0.394310909948527	0.589214149707794	-8.09150745396829e-05	1	0.000905047372095153	1	FALSE	FALSE
ANP32E	chr1	150220759	150223185	-	1	alternative donor	0.0765151867719769	-0.0335658581496311	-0.339297483126959	0.735076454834502	0.875348397371199	0.0251269862293857	0.851968286160255	0.0223094740225844	1	FALSE	FALSE
ANP32E	chr1	150220762	150223185	-	1	alternative donor	0.923484813228023	0.033565858149631	0.339297483126958	0.735076454834503	0.875348397371199	-0.0251269862293857	0.851968286160255	-0.0223094740225844	1	FALSE	FALSE
S100A6	chr1	153534828	153535201	-	1	alternative donor	0.00107490722647573	1.06524336543582e-16	2.91633052427992e-14	0.999999999999977	1	-3.81273629963851e-17	1	-2.14003971945129e-17	1	FALSE	FALSE
S100A6	chr1	153534831	153535201	-	1	alternative donor	0.998925092773524	-5.32621682717913e-17	-1.45816526213996e-14	0.999999999999988	1	1.90636814981925e-17	1	1.07001985972564e-17	1	FALSE	FALSE
S100A6	chr1	153535361	153535948	-	1	alternative donor	0.970144835312812	-0.133799659886134	-2.32733040330279	0.0219039351537809	0.068094409010977	0.018255011487789	0.800312332292369	-0.00829887182262427	1	FALSE	FALSE
S100A6	chr1	153535376	153535948	-	1	alternative donor	0.029855164687188	0.133799659886134	2.32733040330279	0.0219039351537809	0.068094409010977	-0.018255011487789	0.800312332292369	0.00829887182262428	1	FALSE	FALSE
S100A4	chr1	153543924	153544653	-	1	alternative donor	0.971143894268918	-0.00361221122184688	-0.0978481735364306	0.92224301259712	0.996932342607957	-0.0296636934975623	0.340592506464797	-0.0360221950068537	0.483664310571942	FALSE	FALSE
S100A4	chr1	153543940	153544653	-	1	alternative donor	0.0288561057310815	0.00361221122184699	0.0978481735364337	0.922243012597118	0.996932342607957	0.0296636934975622	0.340592506464797	0.0360221950068537	0.483664310571942	FALSE	FALSE
S100A4	chr1	153544810	153545752	-	1	alternative donor	0.551742787396249	-0.49647896712227	-5.38828899854233	4.52472980880538e-07	9.21473417948928e-06	0.127144671113255	0.0817007279998681	0.0397272533731071	0.91701834432199	FALSE	FALSE
S100A4	chr1	153545519	153545752	-	1	alternative donor	0.448257212603751	0.49647896712227	5.38828899854233	4.52472980880538e-07	9.21473417948928e-06	-0.127144671113255	0.0817007279998681	-0.0397272533731071	0.91701834432199	FALSE	FALSE
C1orf43	chr1	154212625	154214456	-	1	alternative donor	0.150134393917294	0.213340986732749	2.59411940204613	0.0108644678155365	0.0396034887895387	-0.106187220110685	0.0702008258553421	-0.0782675252768743	0.504229244254515	FALSE	FALSE
C1orf43	chr1	154213947	154214456	-	1	alternative donor	0.849865606082706	-0.213340986732749	-2.59411940204613	0.0108644678155365	0.0396034887895387	0.106187220110685	0.0702008258553421	0.0782675252768743	0.504229244254515	FALSE	FALSE
C1orf43	chr1	154214575	154220341	-	1	alternative donor	0.145628479761647	0.200779965374019	2.45176884472905	0.0158977863335372	0.0539604504195211	-0.0198655513948522	0.864201202457099	0.0213895575553632	1	FALSE	FALSE
C1orf43	chr1	154219938	154220341	-	1	alternative donor	0.854371520238354	-0.200779965374019	-2.45176884472905	0.0158977863335372	0.0539604504195211	0.0198655513948521	0.864201202457099	-0.0213895575553632	1	FALSE	FALSE
UBAP2L	chr1	154234760	154235195	+	1	alternative donor	0.839422456463853	-0.121750717784374	-1.78853414741942	0.0766297657992305	0.179145964077454	-0.0348288062042084	0.637209752049209	-0.0686147313844651	0.474131077937937	FALSE	FALSE
UBAP2L	chr1	154234793	154235195	+	1	alternative donor	0.160577543536147	0.121750717784374	1.78853414741942	0.0766297657992309	0.179145964077454	0.0348288062042084	0.637209752049209	0.0686147313844651	0.474131077937937	FALSE	FALSE
SHC1	chr1	154966078	154966161	-	1	alternative donor	0.341703175047794	-0.0348023300836969	-1.25031292475333	0.214018365627832	0.391541937332038	0.0162463316800732	0.553188551093907	0.0114904945772855	0.921382924544024	FALSE	FALSE
SHC1	chr1	154966081	154966161	-	1	alternative donor	0.658296824952206	0.0348023300836969	1.25031292475333	0.214018365627833	0.391541937332038	-0.0162463316800732	0.553188551093907	-0.0114904945772855	0.921382924544024	FALSE	FALSE
SHC1	chr1	154968032	154968494	-	1	alternative donor	0.0831481707301916	0.106179826263657	1.77057400345256	0.0795900082921816	0.185274208214723	0.0202959857036964	0.78944915403528	0.047875508429179	0.665795682168189	FALSE	FALSE
SHC1	chr1	154968258	154968494	-	1	alternative donor	0.916851829269809	-0.106179826263657	-1.77057400345256	0.0795900082921816	0.185274208214723	-0.0202959857036964	0.78944915403528	-0.0478755084291789	0.665795682168189	FALSE	FALSE
FDPS	chr1	155308966	155310063	+	1	alternative donor	0.768371363789733	-0.0686981559993243	-0.89930175952097	0.370589581069784	0.571858060443892	-0.0411259307911271	0.602277484042631	-0.0642069799776633	0.618142836076918	FALSE	FALSE
FDPS	chr1	155309077	155310063	+	1	alternative donor	0.231628636210268	0.0686981559993243	0.89930175952097	0.370589581069785	0.571858060443892	0.0411259307911272	0.602277484042631	0.0642069799776633	0.618142836076918	FALSE	FALSE
""	chr1	155563399	155709772	+	0	alternative donor	0.294700116852803	-0.00825915882818347	-0.101431217421122	0.919405347190672	0.99646194576019	-0.0390718942063601	0.658211357946092	-0.0482313051385717	0.801020692772742	FALSE	FALSE
""	chr1	155586704	155717005	+	0	alternative donor	0.345506360684672	-0.0903225767387764	-2.93263133061886	0.00414231364856967	0.0188847301860395	0.0318604863389561	0.201606548611068	0.0175900622289551	0.829640025388377	FALSE	FALSE
DAP3	chr1	155661424	155771066	-	0	alternative donor	0.498660251200346	-0.00209098724900709	-0.525848475718159	0.60012383255301	0.776939914165507	-3.78093798834593e-05	1	-0.000513230539873024	1	FALSE	FALSE
DAP3	chr1	155689175	155709772	+	1	alternative donor	0.389571728911216	0.0499168536303738	0.572887960490625	0.567969095179883	0.751229067483846	0.0366903364705696	0.705462987355531	0.0547348709006699	0.790958395735541	FALSE	FALSE
DAP3	chr1	155689244	155709772	+	1	alternative donor	0.315728154235981	-0.0442455175182723	-0.527680722103262	0.598855852591579	0.776480653703378	-0.017190604700662	0.887836451695193	-0.030316879798407	0.962715590831865	FALSE	FALSE
DAP3	chr1	155709825	155717005	+	1	alternative donor	0.654493639315328	0.0903225767387764	2.93263133061886	0.00414231364856967	0.0188847301860395	-0.0318604863389561	0.201606548611068	-0.0175900622289551	0.829640025388377	FALSE	FALSE
GON4L	chr1	155767542	155771066	-	1	alternative donor	0.501339748799654	0.0020909872490071	0.525848475718159	0.600123832553009	0.776939914165507	3.780937988346e-05	1	0.000513230539873025	1	FALSE	FALSE
IFI16	chr1	159032692	159051678	+	1	alternative donor	0.0865926412241284	-0.149910556127944	-2.62423179262583	0.0100048052717671	0.0374327202742352	0.0214878107197504	0.75927318889578	-0.00806987135029166	1	FALSE	FALSE
IFI16	chr1	159045465	159051678	+	1	alternative donor	0.456703679387936	0.0270180266735809	2.65782210758097	0.00911876220847215	0.0349244485033939	-0.00414619907490377	0.728914463953287	0.00112974628048872	1	FALSE	FALSE
IFI16	chr1	159049600	159051678	+	1	alternative donor	0.456703679387936	0.0270180266735809	2.65782210758097	0.00911876220847215	0.0349244485033939	-0.00414619907490377	0.728914463953287	0.00112974628048872	1	FALSE	FALSE
PEA15	chr1	160211651	160213109	+	1	alternative donor	0.0164643402496017	0.0109419212621298	0.218237573745605	0.827675811734564	0.935501972651795	0.00322561760457588	1	0.00627987579328344	1	FALSE	FALSE
PEA15	chr1	160211717	160213109	+	1	alternative donor	0.983535659750398	-0.0109419212621299	-0.218237573745606	0.827675811734563	0.935501972651795	-0.00322561760457572	1	-0.00627987579328326	1	FALSE	FALSE
COPA	chr1	160305572	160305687	-	1	alternative donor	0.935731507094687	0.0437985433767785	0.939478398554393	0.349683142853065	0.549392450370393	-0.0152262672345816	0.793030961044261	-0.00826458997262528	1	FALSE	FALSE
COPA	chr1	160305599	160305687	-	1	alternative donor	0.0642684929053129	-0.0437985433767785	-0.939478398554392	0.349683142853065	0.549392450370393	0.0152262672345816	0.793030961044261	0.00826458997262527	1	FALSE	FALSE
SDHC	chr1	161340656	161362328	+	1	alternative donor	0.054920347294483	0.17695232072567	2.68595825194699	0.00843196677656895	0.0331949800121101	-0.0647796254669183	0.229845728226718	-0.0372639636174278	0.833940535409399	FALSE	FALSE
SDHC	chr1	161356841	161362328	+	1	alternative donor	0.945079652705517	-0.17695232072567	-2.68595825194699	0.00843196677656898	0.0331949800121101	0.0647796254669183	0.229845728226718	0.0372639636174278	0.833940535409399	FALSE	FALSE
UAP1	chr1	162590512	162597791	+	1	alternative donor	0.188558509812453	0.180229709984041	3.01526718690965	0.00323344284246114	0.0155984951875324	-0.0153476676350185	0.85740388599001	0.0221497077862435	0.951896290971134	FALSE	FALSE
UAP1	chr1	162592783	162597791	+	1	alternative donor	0.811441490187547	-0.180229709984041	-3.01526718690965	0.00323344284246114	0.0155984951875324	0.0153476676350185	0.85740388599001	-0.0221497077862435	0.951896290971134	FALSE	FALSE
DCAF6	chr1	168004794	168038370	+	1	alternative donor	0.717648882986577	0.149063641807227	3.0670963693955	0.00276149071618295	0.0136966245069449	-0.0456832531615665	0.270539373358204	-0.0208417007832328	0.91701834432199	FALSE	FALSE
DCAF6	chr1	168023048	168038370	+	1	alternative donor	0.282351117013423	-0.149063641807227	-3.0670963693955	0.00276149071618295	0.0136966245069449	0.0456832531615665	0.270539373358204	0.0208417007832328	0.91701834432199	FALSE	FALSE
PRRX1	chr1	170726402	170736047	+	1	alternative donor	0.347179242448643	-0.093149299833114	-2.48965859689554	0.0143867942839804	0.05028724291862	0.033054228019423	0.30079544077524	0.0183739857100501	0.869621028064469	FALSE	FALSE
PRRX1	chr1	170730349	170736047	+	1	alternative donor	0.652820757551357	0.0931492998331141	2.48965859689554	0.0143867942839804	0.05028724291862	-0.033054228019423	0.30079544077524	-0.0183739857100501	0.869621028064469	FALSE	FALSE
PRRC2C	chr1	171588506	171591586	+	1	alternative donor	0.692812017940858	0.0923247188561012	1.42244135467051	0.157919585148341	0.313168809964727	-0.0214847044871308	0.792492422645402	-0.00482475216116846	1	FALSE	FALSE
PRRC2C	chr1	171591205	171591586	+	1	alternative donor	0.307187982059142	-0.0923247188561013	-1.42244135467051	0.15791958514834	0.313168809964727	0.0214847044871308	0.792492422645402	0.00482475216116846	1	FALSE	FALSE
NEK7	chr1	198264236	198319411	+	1	alternative donor	0.0292661858047271	-0.0237761230370862	-0.372521826595242	0.710269785253208	0.856052682343062	0.000225537086643405	1	-0.00505774296509022	1	FALSE	FALSE
NEK7	chr1	198297241	198319411	+	1	alternative donor	0.970733814195273	0.0237761230370862	0.372521826595243	0.710269785253208	0.856052682343062	-0.000225537086643468	1	0.00505774296509012	1	FALSE	FALSE
NAV1	chr1	201789793	201790688	+	1	alternative donor		0.195512755482406	1.89689112554248	0.0606711232965167	0.14909139474816	-0.021286134189783	0.889027930644747	0.0184694014243342	1	FALSE	FALSE
NAV1	chr1	201790578	201790688	+	1	alternative donor		-0.195512755482406	-1.89689112554248	0.0606711232965167	0.14909139474816	0.021286134189783	0.889027930644747	-0.0184694014243343	1	FALSE	FALSE
NUCKS1	chr1	205719674	205720500	-	1	alternative donor	0.149275024716721	-0.00843601153953928	-0.220827514005249	0.825663889662958	0.935404026896642	-0.00557435387318251	0.941406122136108	-0.00850672499901018	1	FALSE	FALSE
NUCKS1	chr1	205719677	205720500	-	1	alternative donor	0.850724975283279	0.00843601153953932	0.22082751400525	0.825663889662957	0.935404026896642	0.00557435387318249	0.941406122136108	0.00850672499901018	1	FALSE	FALSE
SRGAP2	chr1	206206038	206384013	+	1	alternative donor	0.175668219049556	0.178044403206309	1.01091979842512	0.314423736141144	0.511898097949273	0.0292560847107569	0.928595471495225	0.0746083658481099	0.91701834432199	FALSE	FALSE
SRGAP2	chr1	206343009	206384013	+	1	alternative donor	0.824331780950445	-0.178044403206309	-1.01091979842512	0.314423736141144	0.511898097949273	-0.0292560847107569	0.928595471495225	-0.0746083658481099	0.91701834432199	FALSE	FALSE
CR1L	chr1	207655276	207761248	+	0	alternative donor	0.217789920998569	0.0622986331266527	0.80192786888339	0.42444097321904	0.615524224363484	-0.00155823315754934	1	0.0121041578406718	1	FALSE	FALSE
CD46	chr1	207759725	207761248	+	1	alternative donor	0.782210079001431	-0.0622986331266527	-0.80192786888339	0.42444097321904	0.615524224363484	0.00155823315754936	1	-0.0121041578406718	1	FALSE	FALSE
CD46	chr1	207767196	207770320	+	1	alternative donor	0.249389494564089	-0.0923184748454311	-0.925551515909406	0.356842577816071	0.557474325747568	0.0784422693410524	0.355810075046793	0.0724392214431185	0.728053210145023	FALSE	FALSE
CD46	chr1	207767824	207770320	+	1	alternative donor	0.750610505435911	0.0923184748454312	0.925551515909407	0.35684257781607	0.557474325747568	-0.0784422693410524	0.355810075046793	-0.0724392214431185	0.728053210145023	FALSE	FALSE
CD46	chr1	207785683	207793518	+	1	alternative donor	0.437851091162266	0.0370965526627779	1.18690533866216	0.237995237368144	0.416583531800853	-0.0211054119135833	0.463582998245168	-0.0167447323626738	0.853966070835217	FALSE	FALSE
CD46	chr1	207790346	207793518	+	1	alternative donor	0.562148908837734	-0.0370965526627779	-1.18690533866216	0.237995237368144	0.416583531800853	0.0211054119135833	0.463582998245168	0.0167447323626738	0.853966070835217	FALSE	FALSE
KCNK2	chr1	215086679	215169198	+	1	alternative donor	0.100806493936468	-0.186050564534349	-2.22013879196837	0.0286007247802257	0.0841445198767712	0.0222097241396663	0.849838221698759	-0.0153076904076364	1	FALSE	FALSE
KCNK2	chr1	215124751	215169198	+	1	alternative donor	0.899193506063532	0.186050564534349	2.22013879196837	0.0286007247802257	0.0841445198767712	-0.0222097241396663	0.849838221698759	0.0153076904076364	1	FALSE	FALSE
ENAH	chr1	225514901	225519197	-	1	alternative donor	0.385849728853661	-0.0802209731269899	-1.42056964492758	0.158462047651297	0.313878523041387	-0.0488247161343232	0.301687196116071	-0.0759269660967163	0.216541633953375	FALSE	FALSE
ENAH	chr1	225517307	225519197	-	1	alternative donor	0.614150271146339	0.0802209731269899	1.42056964492758	0.158462047651297	0.313878523041387	0.0488247161343232	0.301687196116071	0.0759269660967163	0.216541633953375	FALSE	FALSE
GUK1	chr1	228147700	228148664	+	1	alternative donor	0.0924951383409548	0.270552345681098	4.95488902060882	2.84951479764908e-06	4.52166663574845e-05	-0.0520722907350944	0.301409388079967	-0.00121445085139339	1	FALSE	FALSE
GUK1	chr1	228148457	228148664	+	1	alternative donor	0.907504861659045	-0.270552345681098	-4.95488902060882	2.84951479764908e-06	4.52166663574845e-05	0.0520722907350944	0.301409388079967	0.00121445085139336	1	FALSE	FALSE
FMN2	chr1	240211236	240257944	+	1	alternative donor	0.414436829095516	-0.159553110747673	-2.18618492886001	0.0310662962511578	0.0896914036928589	0.0565851110282577	0.386009838227096	0.0314335820756618	0.91701834432199	FALSE	FALSE
FMN2	chr1	240245566	240257944	+	1	alternative donor	0.585563170904484	0.159553110747673	2.18618492886001	0.0310662962511578	0.0896914036928589	-0.0565851110282577	0.386009838227096	-0.0314335820756618	0.91701834432199	FALSE	FALSE
FMN2	chr1	240258033	240294821	+	1	alternative donor	0.696169491313139	-0.360228234911312	-3.33621009606074	0.00118199940388149	0.00708991176825562	-0.0291070726274797	0.850138753223707	-0.115237755041062	0.425255625789379	FALSE	FALSE
FMN2	chr1	240285508	240294821	+	1	alternative donor	0.303830508686861	0.360228234911312	3.33621009606074	0.00118199940388149	0.00708991176825562	0.0291070726274796	0.850138753223707	0.115237755041062	0.425255625789379	FALSE	FALSE
COX20	chr1	244835757	244842194	+	1	alternative donor		-0.0328482944234226	-0.30598748191995	0.760237828546525	0.892426276008454	0.0139536344525084	0.95336784998345	0.00921569933308309	1	FALSE	FALSE
COX20	chr1	244842059	244842194	+	1	alternative donor		0.0328482944234227	0.305987481919951	0.760237828546524	0.892426276008454	-0.0139536344525083	0.95336784998345	-0.00921569933308305	1	FALSE	FALSE
ZMYND11	chr10	210049	236837	+	1	alternative donor	0.1498042096309	0.268607337091492	3.18620493751857	0.00190830507844453	0.0102692176768827	-0.100610634198118	0.115211884031263	-0.0592689002601073	0.748927830086642	FALSE	FALSE
ZMYND11	chr10	221357	236837	+	1	alternative donor	0.8501957903691	-0.268607337091492	-3.18620493751857	0.00190830507844454	0.0102692176768827	0.100610634198118	0.115211884031263	0.0592689002601073	0.748927830086642	FALSE	FALSE
""	chr10	4793648	4975850	+	0	alternative donor	0.104279471275735	0.385383845200631	2.94595722902406	0.0039813901154599	0.0183406267244802	-0.0126208738170194	0.983784690777205	0.0713378851507804	0.846802145998523	FALSE	FALSE
AKR1C1	chr10	4972750	4975850	+	1	alternative donor	0.895720528724265	-0.38538384520063	-2.94595722902406	0.00398139011545991	0.0183406267244802	0.0126208738170194	0.983784690777205	-0.0713378851507804	0.846802145998523	FALSE	FALSE
ATP5F1C	chr10	7802855	7807658	+	1	alternative donor	0.62101245448352	-0.140589140661463	-2.3547363674521	0.0204314558534986	0.0648808416038736	0.0324104415774297	0.610857004415287	0.00698399184396023	1	FALSE	FALSE
ATP5F1C	chr10	7807011	7807658	+	1	alternative donor	0.378987545516481	0.140589140661463	2.3547363674521	0.0204314558534986	0.0648808416038736	-0.0324104415774297	0.610857004415287	-0.00698399184396026	1	FALSE	FALSE
RSU1	chr10	16782085	16817314	-	1	alternative donor	0.250387578957913	0.0941892268811938	1.21569208960092	0.226881246699805	0.403568577419474	-0.037670698442741	0.654724899166826	-0.0236211689654174	0.983234759464368	FALSE	FALSE
RSU1	chr10	16817085	16817314	-	1	alternative donor	0.749612421042087	-0.0941892268811938	-1.21569208960092	0.226881246699805	0.403568577419474	0.037670698442741	0.654724899166826	0.0236211689654174	0.983234759464368	FALSE	FALSE
ABI1	chr10	26759236	26765217	-	1	alternative donor	0.296843440911575	0.0498231661379665	0.834572497347829	0.405889952387601	0.598626074618488	0.00272821345689073	1	0.0143981981947518	1	FALSE	FALSE
ABI1	chr10	26759239	26765217	-	1	alternative donor	0.703156559088425	-0.0498231661379664	-0.834572497347828	0.405889952387602	0.598626074618488	-0.00272821345689075	1	-0.0143981981947518	1	FALSE	FALSE
WAC	chr10	28590833	28608185	+	1	alternative donor	0.186862954100055	0.501334542111642	5.74698659873265	9.31210520832469e-08	2.31171312507389e-06	-0.0776161429180831	0.366066651651213	0.0201545430627297	1	FALSE	FALSE
WAC	chr10	28596042	28608185	+	1	alternative donor	0.813137045899945	-0.501334542111642	-5.74698659873265	9.31210520832467e-08	2.31171312507389e-06	0.0776161429180831	0.366066651651213	-0.0201545430627297	1	FALSE	FALSE
CXCL12	chr10	44373344	44378636	-	1	alternative donor	0.927326838653003	-0.396783864393821	-4.22804964947599	5.11413946659491e-05	0.000498372158334942	0.142852895435716	0.0326446577345178	0.0807042564711557	0.602001185677124	FALSE	FALSE
CXCL12	chr10	44376033	44378636	-	1	alternative donor	0.0726731613469967	0.396783864393821	4.22804964947598	5.11413946659496e-05	0.000498372158334942	-0.142852895435716	0.0326446577345178	-0.0807042564711558	0.602001185677124	FALSE	FALSE
HNRNPH3	chr10	68332217	68337198	+	1	alternative donor	0.594119111737173	0.049779395308239	1.62693284261013	0.106806893396906	0.231966079158289	0.000286718970515404	1	0.0114901498958733	0.947283790071782	FALSE	TRUE
HNRNPH3	chr10	68332236	68337198	+	1	alternative donor	0.405880888262827	-0.049779395308239	-1.62693284261013	0.106806893396906	0.231966079158289	-0.000286718970515419	1	-0.0114901498958733	0.947283790071782	FALSE	TRUE
HNRNPH3	chr10	68337334	68338502	+	1	alternative donor	0.124297145155921	-0.11932093270077	-2.21890108339304	0.0286875063775356	0.0841545398794358	0.0348433005626183	0.495537172398375	0.0146357251794652	1	FALSE	TRUE
HNRNPH3	chr10	68337997	68338502	+	1	alternative donor	0.875702854844079	0.11932093270077	2.21890108339304	0.0286875063775357	0.0841545398794358	-0.0348433005626183	0.495537172398375	-0.0146357251794652	1	FALSE	TRUE
HNRNPH3	chr10	68338643	68339139	+	1	alternative donor	0.253011591300187	0.177213404794065	4.24587591668204	4.780173225707e-05	0.000475967234582403	-0.029026071437711	0.484876974073463	0.00523677155824653	1	FALSE	TRUE
HNRNPH3	chr10	68338688	68339139	+	1	alternative donor	0.746988408699813	-0.177213404794065	-4.24587591668204	4.78017322570697e-05	0.000475967234582403	0.029026071437711	0.484876974073463	-0.00523677155824653	1	FALSE	TRUE
P4HA1	chr10	73043958	73046924	-	1	alternative donor	0.586817756217188	0.100939716897171	4.83221535522887	4.72476169766236e-06	6.53207907876003e-05	-0.032638169796799	0.031814886372466	-0.0161351627495355	0.685750082706529	FALSE	FALSE
P4HA1	chr10	73045052	73046924	-	1	alternative donor	0.413182243782812	-0.100939716897171	-4.83221535522887	4.72476169766236e-06	6.53207907876003e-05	0.032638169796799	0.031814886372466	0.0161351627495355	0.685750082706529	FALSE	FALSE
PPP3CB	chr10	73438421	73444724	-	1	alternative donor	0.680822218582337	-0.00914544715079867	-0.13393860450232	0.893712479805121	0.981600043211881	-0.0427324402827758	0.50222836969388	-0.0527751732363898	0.685750082706529	FALSE	FALSE
PPP3CB	chr10	73439902	73444724	-	1	alternative donor	0.319177781417663	0.00914544715079863	0.13393860450232	0.893712479805121	0.981600043211881	0.0427324402827758	0.50222836969388	0.0527751732363898	0.685750082706529	FALSE	FALSE
PPP3CB	chr10	73446574	73454411	-	1	alternative donor	0.456960297907657	-0.0800707701369885	-2.00797924562345	0.0472637655014233	0.122611797460214	-0.01700053064467	0.706721138416437	-0.038115533364763	0.499584556565982	FALSE	FALSE
PPP3CB	chr10	73446577	73454411	-	1	alternative donor	0.543039702092343	0.0800707701369885	2.00797924562345	0.0472637655014233	0.122611797460214	0.01700053064467	0.706721138416437	0.038115533364763	0.499584556565982	FALSE	FALSE
RPS24	chr10	78037305	78040614	+	1	alternative donor	0.252955452980771	0.463685718791919	9.65560011547415	4.31746605851606e-16	4.73667808548811e-14	-0.12884728366461	0.00114057330825421	-0.0490935528290589	0.474131077937937	FALSE	FALSE
RPS24	chr10	78040226	78040614	+	1	alternative donor	0.747044547019229	-0.463685718791919	-9.65560011547416	4.31746605851606e-16	4.73667808548811e-14	0.12884728366461	0.00114057330825421	0.0490935528290589	0.474131077937937	FALSE	FALSE
""	chr10	79766325	79804484	-	1	alternative donor	0.77160508435765	-0.133348228961881	-1.68600838114401	0.0948212242102272	0.211883694835074	0.0638046408124578	0.343484295654107	0.0458732032390939	0.816486069499312	FALSE	FALSE
""	chr10	79798028	79804484	-	1	alternative donor	0.22839491564235	0.133348228961881	1.68600838114401	0.0948212242102272	0.211883694835074	-0.0638046408124578	0.343484295654107	-0.0458732032390939	0.816486069499312	FALSE	FALSE
ADIRF	chr10	86968606	86970475	+	1	alternative donor		-0.0877100837355356	-1.36002362070848	0.176850487670401	0.340968542271562	0.0113218765692436	0.921043884018982	-0.00605729752812943	1	FALSE	FALSE
ADIRF	chr10	86970263	86970475	+	1	alternative donor		0.0877100837355356	1.36002362070848	0.176850487670401	0.340968542271562	-0.0113218765692436	0.921043884018982	0.00605729752812944	1	FALSE	FALSE
""	chr10	87288496	87326629	-	1	alternative donor	0.771708070779455	-0.136857155361517	-1.7348098279938	0.0857657988286561	0.196326182103777	0.0649666563296623	0.334038183987725	0.04646666261003	0.801020692772742	FALSE	FALSE
""	chr10	87320200	87326629	-	1	alternative donor	0.228291929220545	0.136857155361517	1.73480982799381	0.085765798828656	0.196326182103777	-0.0649666563296624	0.334038183987725	-0.04646666261003	0.801020692772742	FALSE	FALSE
ENSG00000288681	chr11	308439	314921	+	1	alternative donor	0.312560785304642	0.11218425152484	1.08557234424534	0.280202449637441	0.469673992714115	-0.0120371344927637	0.965807695505628	0.0108384692702866	1	FALSE	FALSE
ENSG00000288681	chr11	314357	314921	+	1	alternative donor	0.687439214695358	-0.11218425152484	-1.08557234424534	0.280202449637442	0.469673992714115	0.0120371344927638	0.965807695505628	-0.0108384692702866	1	FALSE	FALSE
IFITM3	chr11	319986	320564	-	1	alternative donor	0.0133387097296401	0.0211903562768269	0.423912950115692	0.67251329666117	0.826757759696648	-0.0363775990996101	0.414284980485699	-0.0384367441776249	0.685750082706529	FALSE	FALSE
IFITM3	chr11	319991	320564	-	1	alternative donor	0.98666129027036	-0.0211903562768272	-0.423912950115697	0.672513296661167	0.826757759696648	0.0363775990996101	0.414284980485699	0.0384367441776248	0.685750082706529	FALSE	FALSE
RNH1	chr11	502182	504823	-	1	alternative donor	0.663670846058263	-0.0302231629638373	-0.278918114598268	0.780866903457232	0.904847815556404	-0.0107051317863488	0.981644904845569	-0.0194773335459731	1	FALSE	FALSE
RNH1	chr11	502182	507112	-	1	alternative donor		-0.097258531565861	-1.23461625119927	0.219838041322106	0.397320364792221	0.0283175729379343	0.767663771811897	0.0118350933796632	1	FALSE	FALSE
RNH1	chr11	502250	504823	-	1	alternative donor	0.336329153941737	0.0302231629638374	0.278918114598269	0.780866903457231	0.904847815556404	0.0107051317863488	0.981644904845569	0.0194773335459731	1	FALSE	FALSE
RNH1	chr11	502250	507112	-	1	alternative donor		0.0972585315658609	1.23461625119927	0.219838041322107	0.397320364792221	-0.0283175729379343	0.767663771811897	-0.0118350933796632	1	FALSE	FALSE
CD151	chr11	833027	836062	+	1	alternative donor	0.070676677382433	0.0466143951749291	0.672604565467713	0.502705047769604	0.693477179907339	-0.00254939872080138	1	0.00741454740436161	1	FALSE	FALSE
CD151	chr11	834592	836062	+	1	alternative donor	0.929323322617567	-0.0466143951749292	-0.672604565467714	0.502705047769603	0.693477179907339	0.00254939872080145	1	-0.00741454740436157	1	FALSE	FALSE
CD151	chr11	837613	837941	+	1	alternative donor	0.0090990965980688	0.0354164554486883	0.756682175967531	0.450967643668301	0.641952858298605	-0.0149294806850065	0.798373901371683	-0.00978973545963494	1	FALSE	FALSE
CD151	chr11	837619	837941	+	1	alternative donor	0.990900903401931	-0.0354164554486882	-0.756682175967528	0.450967643668303	0.641952858298605	0.0149294806850065	0.798373901371683	0.00978973545963507	1	FALSE	FALSE
TSPAN4	chr11	850368	864436	+	1	alternative donor	0.0793933803848816	-0.227587618119065	-2.69370564484936	0.00825127901366014	0.0325930312723091	0.0806441765630689	0.253396100408203	0.0447549222368016	0.855196191594143	FALSE	FALSE
TSPAN4	chr11	862742	864436	+	1	alternative donor	0.920606619615118	0.227587618119065	2.69370564484936	0.00825127901366012	0.0325930312723091	-0.0806441765630689	0.253396100408203	-0.0447549222368017	0.855196191594143	FALSE	FALSE
CHID1	chr11	870500	883147	-	1	alternative donor	0.851321952054409	-0.107034373674052	-1.78846249034545	0.0766413930410749	0.179145964077454	0.0276578744148008	0.680546396015288	0.00885805769630384	1	FALSE	FALSE
CHID1	chr11	882516	883147	-	1	alternative donor	0.148678047945591	0.107034373674052	1.78846249034545	0.076641393041075	0.179145964077454	-0.0276578744148008	0.680546396015288	-0.00885805769630384	1	FALSE	FALSE
NAP1L4	chr11	2945647	2951258	-	1	alternative donor	0.917570499514362	-0.154106357702317	-1.68327630339022	0.0953503345426274	0.212786409304118	0.0421300832953819	0.681838806271626	0.0154943230086542	1	FALSE	FALSE
NAP1L4	chr11	2949265	2951258	-	1	alternative donor	0.0824295004856378	0.154106357702317	1.68327630339022	0.0953503345426273	0.212786409304118	-0.0421300832953819	0.681838806271626	-0.0154943230086542	1	FALSE	FALSE
ILK	chr11	6604361	6608393	+	1	alternative donor	0.0526112915346348	0.0863450776363344	1.13624034172912	0.258492754124108	0.44355895901922	-0.0498967306247862	0.475628551183765	-0.0398913870464972	0.855196191594143	FALSE	FALSE
ILK	chr11	6608212	6608393	+	1	alternative donor	0.947388708465365	-0.0863450776363343	-1.13624034172912	0.258492754124109	0.44355895901922	0.0498967306247862	0.475628551183765	0.0398913870464971	0.855196191594143	FALSE	FALSE
CTR9	chr11	10801088	10802048	-	1	alternative donor	0.0871170785182613	0.0861753200579488	3.07390737311295	0.00270445208261428	0.0134865711627143	-0.00960622474970026	0.792492422645402	0.00789856206668311	1	FALSE	FALSE
EIF4G2	chr11	10801775	10802048	-	1	alternative donor	0.912882921481739	-0.0861753200579489	-3.07390737311296	0.00270445208261425	0.0134865711627143	0.00960622474970021	0.792492422645402	-0.00789856206668316	1	FALSE	FALSE
DKK3	chr11	11998780	12002299	-	1	alternative donor	0.989022230066221	-0.111968360725326	-2.04249239314582	0.0436572770080801	0.115678007602154	0.0328397357192201	0.548359975491591	0.0139041965616718	1	FALSE	FALSE
DKK3	chr11	12001773	12002299	-	1	alternative donor	0.0109777699337789	0.111968360725326	2.04249239314581	0.0436572770080803	0.115678007602154	-0.0328397357192201	0.548359975491591	-0.0139041965616718	1	FALSE	FALSE
MICAL2	chr11	12239586	12256784	+	1	alternative donor	0.738241592866836	0.08124497975205	1.5053737027211	0.135288570600235	0.279307371959592	-0.0280780576879509	0.626913037754793	-0.0151332617076089	1	FALSE	FALSE
MICAL2	chr11	12249247	12256784	+	1	alternative donor	0.261758407133164	-0.08124497975205	-1.5053737027211	0.135288570600235	0.279307371959592	0.0280780576879509	0.626913037754793	0.0151332617076089	1	FALSE	FALSE
CD44	chr11	35190066	35214851	+	1	alternative donor	0.966769051928462	-0.301803022395217	-5.82070853248476	6.68919145021366e-08	1.73663665054784e-06	0.0694617045803778	0.104510501934451	0.0148573869068637	1	FALSE	FALSE
CD44	chr11	35211450	35214851	+	1	alternative donor	0.0332309480715385	0.301803022395217	5.82070853248476	6.6891914502136e-08	1.73663665054784e-06	-0.0694617045803778	0.104510501934451	-0.0148573869068637	1	FALSE	FALSE
PAMR1	chr11	35441694	35468000	-	1	alternative donor	0.723406599339768	0.0825470037318979	1.78593168767416	0.0770529837993086	0.179860808442998	-0.040155622754998	0.301691274639052	-0.0291786405402444	0.790958395735541	FALSE	FALSE
PAMR1	chr11	35451939	35468000	-	1	alternative donor	0.276593400660232	-0.0825470037318979	-1.78593168767416	0.0770529837993086	0.179860808442998	0.040155622754998	0.301691274639052	0.0291786405402443	0.790958395735541	FALSE	FALSE
ENSG00000288534	chr11	57737669	57738353	+	1	alternative donor	0.155223060036677	0.332177614353938	3.94459521351474	0.00014611695469272	0.00127114541860004	-0.0816831861041383	0.268661481983372	-0.0225618133684068	1	FALSE	FALSE
ENSG00000288534	chr11	57738027	57738353	+	1	alternative donor	0.844776939963323	-0.332177614353938	-3.94459521351474	0.00014611695469272	0.00127114541860004	0.0816831861041383	0.268661481983372	0.0225618133684068	1	FALSE	FALSE
AHNAK	chr11	62491832	62535002	-	1	alternative donor	0.0827074009730741	-0.250765787992385	-2.81550808988261	0.00583653196710309	0.0251584857035711	0.0077159320600101	0.988207358382293	-0.0470081316195842	0.855196191594143	FALSE	FALSE
AHNAK	chr11	62520086	62527696	+	0	alternative donor	0.177543187138563	0.216042636200328	2.74924930841695	0.00705545235368077	0.0290855678240828	-0.0612760012013241	0.390601653612548	-0.0243492800249618	0.983234759464368	FALSE	FALSE
AHNAK	chr11	62520086	62528281	+	0	alternative donor		0.0424739036050264	0.649433734323423	0.517658831747537	0.708188932732652	-0.0237609576874456	0.747922542055103	-0.0190906699047583	0.983234759464368	FALSE	FALSE
AHNAK	chr11	62521478	62527696	+	0	alternative donor	0.302249175731454	0.273758968049561	3.09869174579045	0.00250598752412234	0.0126886318864607	-0.0704316375466448	0.381759299436434	-0.0222901947138146	1	FALSE	FALSE
AHNAK	chr11	62521478	62528281	+	0	alternative donor		0.154561036971031	1.72645485798708	0.0875861122594757	0.199517995843588	-0.0376216522917544	0.698636973063575	-0.0123508703607314	1	FALSE	FALSE
AHNAK	chr11	62522153	62522920	+	0	alternative donor	0.103597699454669	0.119310467949166	1.52349794774264	0.130698655735068	0.272535946140385	-0.0430437228867801	0.593766940958157	-0.0243726098403832	0.983234759464368	FALSE	FALSE
AHNAK	chr11	62522153	62525266	+	0	alternative donor	0.0396587142315257	0.407103265689036	5.02936576122955	2.08917525592651e-06	3.51746784426042e-05	-0.129439905420176	0.0276774292998964	-0.0624706098329451	0.685750082706529	FALSE	FALSE
AHNAK	chr11	62522537	62522920	+	0	alternative donor	0.896402300545331	-0.119310467949166	-1.52349794774264	0.130698655735068	0.272535946140385	0.0430437228867801	0.593766940958157	0.0243726098403831	0.983234759464368	FALSE	FALSE
AHNAK	chr11	62522537	62525266	+	0	alternative donor	0.580621466449192	0.35887518566205	3.12938961440054	0.00227891479906144	0.011806880659474	-0.114602315661652	0.227081296122639	-0.0556595560281207	0.875851163913888	FALSE	FALSE
AHNAK	chr11	62523014	62527696	+	0	alternative donor	0.124110809795421	0.210993027323438	3.06170100515486	0.00280746328287585	0.0138983735444844	-0.0653631398106157	0.268661481983372	-0.0303320642517844	0.913202703092532	FALSE	FALSE
AHNAK	chr11	62523014	62528281	+	0	alternative donor		-0.0787592847082242	-0.558446142873485	0.577881839402107	0.758340754555317	-0.0586144272763606	0.697413256157416	-0.0846710498054088	0.790958395735541	FALSE	FALSE
AHNAK	chr11	62524883	62525266	+	0	alternative donor	0.379719819319282	-0.414252999652839	-3.41353040400776	0.000918047750302693	0.00585793695831043	0.138938700439241	0.145772543836227	0.07214499359224	0.801020692772742	FALSE	FALSE
AHNAK	chr11	62525744	62527696	+	0	alternative donor	0.0986996540626553	0.231446504642672	3.92980738918521	0.000154147029364436	0.00131918664983427	-0.0780295957019524	0.075836141598692	-0.0407868817313839	0.758382029793544	FALSE	FALSE
AHNAK	chr11	62525744	62530663	+	0	alternative donor		0.0086723679916599	1.10828548323545	0.270659162087723	0.460947326119352	-0.0079049196558556	0.171005072611653	-0.00746688574761688	0.474131077937937	FALSE	FALSE
AHNAK	chr11	62526512	62527696	+	0	alternative donor	0.0854351020457565	0.110934586436482	1.74338956614769	0.0842495130211269	0.193865083751592	-0.0168117173750201	0.849462442424138	0.00489076200639386	1	FALSE	FALSE
AHNAK	chr11	62526896	62527696	+	0	alternative donor	0.21196207122615	-0.359307487670404	-2.58828187367991	0.011038632936233	0.0400238705928876	0.0904703284698556	0.495586947167869	0.0269161767821063	1	FALSE	FALSE
AHNAK	chr11	62526896	62530663	+	0	alternative donor		0.0086723679916599	1.10828548323545	0.270659162087723	0.460947326119352	-0.0079049196558556	0.171005072611653	-0.00746688574761688	0.474131077937937	FALSE	FALSE
AHNAK	chr11	62528282	62530663	+	0	alternative donor		-0.0228491137624643	-1.28476309915565	0.202135799510113	0.374795155515339	0.0198953384066003	0.10716636158337	0.0185906928222467	0.407662671084697	FALSE	FALSE
AHNAK	chr11	62528432	62530429	+	0	alternative donor		0.00366629745566617	0.0853417627153681	0.932177173194762	1	-0.00937001786975959	0.8705043106488	-0.0101588659102543	1	FALSE	FALSE
AHNAK	chr11	62528633	62530429	+	0	alternative donor		-0.0306248538476544	-0.704207575616649	0.483101734022835	0.67278807395351	0.0201085379215351	0.658211357946092	0.0173003759453508	0.918734422990594	FALSE	FALSE
AHNAK	chr11	62529440	62530429	+	0	alternative donor		0.040758471284275	0.589326432099586	0.557102578293112	0.743605129032525	0.00243460235707863	1	0.0108896108332469	1	FALSE	FALSE
AHNAK	chr11	62534075	62535002	-	1	alternative donor	0.917292599026926	0.250765787992385	2.81550808988261	0.00583653196710305	0.0251584857035711	-0.00771593206001015	0.988207358382293	0.0470081316195842	0.855196191594143	FALSE	FALSE
GANAB	chr11	62633515	62634820	-	1	alternative donor	0.831183679235923	0.0160366753359171	0.514047533024141	0.608319865019813	0.782487088098481	-0.0198694387631945	0.49266350791241	-0.0199946131320521	0.790958395735541	FALSE	FALSE
GANAB	chr11	62634376	62634820	-	1	alternative donor	0.168816320764077	-0.0160366753359171	-0.514047533024141	0.608319865019813	0.782487088098481	0.0198694387631945	0.49266350791241	0.0199946131320521	0.790958395735541	FALSE	FALSE
PRDX5	chr11	64318387	64320660	+	1	alternative donor	0.0478049914544316	0.184560109275365	3.74882905977244	0.000293567171401994	0.00226912874564214	-0.0192748385832487	0.755102806883977	0.0184577901577678	0.947283790071782	FALSE	FALSE
PRDX5	chr11	64318387	64320864	+	1	alternative donor	0.0227895998369219	0.253759308320766	4.21411223115437	5.39076415454344e-05	0.000523828253988635	-0.10967911025263	0.00677326911041056	-0.0733596105292148	0.293588017304616	FALSE	FALSE
PRDX5	chr11	64319869	64320660	+	1	alternative donor	0.952195008545568	-0.184560109275365	-3.74882905977244	0.000293567171401996	0.00226912874564214	0.0192748385832488	0.755102806883977	-0.0184577901577677	0.947283790071782	FALSE	FALSE
PRDX5	chr11	64319869	64320864	+	1	alternative donor	0.0192281447566464	0.12246933593841	2.31551657251582	0.0225670524104169	0.0698367108715449	-0.0408088641134815	0.390936443100401	-0.0210121220701163	0.932248765525071	FALSE	FALSE
PRDX5	chr11	64320793	64320864	+	1	alternative donor	0.957982255406432	-0.213247957322735	-4.33282124249053	3.43016695399976e-05	0.00036229806865072	0.0843327719019538	0.0120811206166485	0.052345428268941	0.425255625789379	FALSE	FALSE
LTBP3	chr11	65540154	65540485	-	0	alternative donor	0.0785346491310552	-0.395142053559604	-3.83239517266158	0.000218566666721993	0.00181789437754093	0.14985798607735	0.0391342200676274	0.0893875847728875	0.593770447481842	FALSE	FALSE
LTBP3	chr11	65540383	65540485	-	1	alternative donor	0.921465350868945	0.395142053559604	3.83239517266158	0.000218566666721992	0.00181789437754093	-0.14985798607735	0.0391342200676274	-0.0893875847728874	0.593770447481842	FALSE	FALSE
FOSL1	chr11	65893297	65896808	-	1	alternative donor		-0.05940737052241	-0.59869684156872	0.550742488161421	0.738012294025608	0.0246697510520985	0.853314767246427	0.016154336170779	1	FALSE	FALSE
FOSL1	chr11	65894122	65896808	-	1	alternative donor		0.05940737052241	0.59869684156872	0.550742488161421	0.738012294025608	-0.0246697510520985	0.853314767246427	-0.016154336170779	1	FALSE	FALSE
RBM14-RBM4	chr11	66640124	66646026	+	1	alternative donor	0.262770693703492	-0.16233566677449	-1.75481578678846	0.0822644199709136	0.189939777543162	0.054331142860606	0.553188551093907	0.028134697853402	0.983234759464368	FALSE	FALSE
RBM14-RBM4	chr11	66644141	66646026	+	1	alternative donor	0.737229306296508	0.16233566677449	1.75481578678846	0.0822644199709135	0.189939777543162	-0.0543311428606059	0.553188551093907	-0.028134697853402	0.983234759464368	FALSE	FALSE
NUMA1	chr11	72010855	72012894	-	1	alternative donor	0.189989292280113	0.261158747830147	2.99915936697278	0.00339466264509603	0.0162152354718702	0.0152560665050726	0.927791299690649	0.0766055427082039	0.581522850740582	FALSE	FALSE
NUMA1	chr11	72012443	72012894	-	1	alternative donor	0.810010707719887	-0.261158747830147	-2.99915936697278	0.00339466264509603	0.0162152354718702	-0.0152560665050727	0.927791299690649	-0.0766055427082039	0.581522850740582	FALSE	FALSE
RAB6A	chr11	73718719	73720845	-	1	alternative donor	0.368266268059284	0.0801382175636572	1.50879945255698	0.134411456373319	0.278061656402468	-0.0539235493386764	0.19441482678161	-0.0460617726998732	0.593770447481842	FALSE	FALSE
RAB6A	chr11	73718891	73720845	-	1	alternative donor	0.631733731940716	-0.0801382175636572	-1.50879945255698	0.134411456373319	0.278061656402468	0.0539235493386764	0.19441482678161	0.0460617726998732	0.593770447481842	FALSE	FALSE
SERPINH1	chr11	75562320	75566315	+	1	alternative donor		-0.0121890017533237	-0.127047722979111	0.899155220845947	0.983910873542643	-0.01112542916804	0.965767702536242	-0.0158785243428482	1	FALSE	FALSE
SERPINH1	chr11	75563771	75566315	+	1	alternative donor		0.012189001753324	0.127047722979114	0.899155220845946	0.983910873542643	0.0111254291680401	0.965767702536242	0.0158785243428483	1	FALSE	FALSE
CCDC90B	chr11	83274741	83280140	-	1	alternative donor	0.187806757985688	0.0624832287645644	0.889318216151139	0.375904409678373	0.575619494514249	-0.0498553515524645	0.430433531497048	-0.0451869411565457	0.790958395735541	FALSE	FALSE
CCDC90B	chr11	83278830	83280140	-	1	alternative donor	0.812193242014313	-0.0624832287645643	-0.889318216151138	0.375904409678373	0.575619494514249	0.0498553515524645	0.430433531497048	0.0451869411565457	0.790958395735541	FALSE	FALSE
PICALM	chr11	85976683	85981128	-	1	alternative donor	0.0848712618758165	0.318504899624682	4.78559776845482	5.7151421710849e-06	7.80610382484326e-05	-0.0311275987918836	0.703371167201205	0.0343891403749583	0.86095732319391	FALSE	FALSE
PICALM	chr11	85978094	85981128	-	1	alternative donor	0.915128738124183	-0.318504899624682	-4.78559776845482	5.7151421710849e-06	7.80610382484326e-05	0.0311275987918836	0.703371167201205	-0.0343891403749584	0.86095732319391	FALSE	FALSE
PICALM	chr11	85981989	85983865	-	1	alternative donor	0.418499109057665	0.0647276357750333	2.35664743403177	0.0203321224011127	0.0646862004548028	-0.0152868853988011	0.596113275894501	-0.00364876492893932	1	FALSE	FALSE
PICALM	chr11	85982004	85983865	-	1	alternative donor	0.581500890942335	-0.0647276357750334	-2.35664743403177	0.0203321224011126	0.0646862004548028	0.0152868853988011	0.596113275894501	0.00364876492893932	1	FALSE	FALSE
PICALM	chr11	85983974	85996825	-	1	alternative donor	0.831737830039144	-0.0632805646520564	-1.57696775651258	0.11786942837599	0.251016860304785	0.00188140042265989	1	-0.0119404701286829	0.988261208737836	FALSE	FALSE
PICALM	chr11	85990400	85996825	-	1	alternative donor	0.168262169960856	0.0632805646520565	1.57696775651258	0.117869428375989	0.251016860304785	-0.00188140042265991	1	0.0119404701286829	0.988261208737836	FALSE	FALSE
YAP1	chr11	102162572	102205892	+	1	alternative donor	0.146237051857338	0.0580009387506769	0.902048690409002	0.369135572621729	0.570390768962517	0.0113084953729614	0.921017467716348	0.0264153527578451	0.921496272449727	FALSE	FALSE
YAP1	chr11	102186132	102205892	+	1	alternative donor	0.684437144579495	-0.0997398484557909	-2.6158004295072	0.0102390907864274	0.0379528977350649	0.00328673527584781	0.988207358382293	-0.0184385272617672	0.875851163913888	FALSE	FALSE
YAP1	chr11	102186138	102205892	+	1	alternative donor	0.169325803563167	0.106985111224517	2.61948717891136	0.0101360426906285	0.0378244701446712	-0.020772017051092	0.6460412276922	-0.000695042088344918	1	FALSE	FALSE
YAP1	chr11	102206075	102223621	+	1	alternative donor	0.447848535547149	0.0909650220390757	1.09212334672774	0.277326829098597	0.467387782836635	-0.00909252343210422	0.972472965064405	0.00958118258379766	1	FALSE	FALSE
YAP1	chr11	102206087	102223621	+	1	alternative donor	0.11692039648344	0.167871607295169	1.73431178854183	0.0858544994555863	0.196362577436751	0.0122056632272128	0.958115403910792	0.0520896417024937	0.852325246216829	FALSE	FALSE
YAP1	chr11	102209565	102223621	+	1	alternative donor	0.435231067969411	-0.111842981306756	-1.32780841592833	0.187176551162806	0.355022888547221	0.0020650129680129	1	-0.0225997159957651	1	FALSE	FALSE
""	chr11	102325566	102362895	+	1	alternative donor	0.10495720525288	-0.0924228963463737	-1.23893355352948	0.218185989638215	0.396182888819845	0.00931413125915489	0.958144872858053	-0.00964465745054786	1	FALSE	FALSE
BIRC2	chr11	102350944	102362895	+	1	alternative donor	0.89504279474712	0.0924228963463737	1.23893355352948	0.218185989638215	0.396182888819845	-0.00931413125915488	0.958144872858053	0.00964465745054792	1	FALSE	FALSE
TAGLN	chr11	117199433	117203001	+	1	alternative donor	0.936415733145365	-0.120769872790985	-1.26194527311341	0.209818615803909	0.386013696086633	0.0416731033178551	0.694106923497671	0.0224186940860026	1	FALSE	FALSE
TAGLN	chr11	117199830	117203001	+	1	alternative donor	0.0635842668546345	0.120769872790985	1.26194527311341	0.209818615803908	0.386013696086633	-0.0416731033178551	0.694106923497671	-0.0224186940860025	1	FALSE	FALSE
RPS25	chr11	119017434	119017957	-	1	alternative donor	0.00636908530670096	-0.0541133367829711	-1.485398642416	0.140492541065292	0.286803800818163	0.0437744546693288	0.0928275975160443	0.0398431649662603	0.409302684141482	FALSE	FALSE
RPS25	chr11	119017546	119017957	-	1	alternative donor	0.993630914693299	0.0541133367829716	1.48539864241602	0.140492541065288	0.286803800818163	-0.0437744546693289	0.0928275975160443	-0.0398431649662602	0.409302684141482	FALSE	FALSE
APLP2	chr11	130122514	130126699	+	1	alternative donor	0.854088624338343	-0.093184354117356	-4.00226831755599	0.000118455204642842	0.00106017408155344	0.00466125724508522	0.905392087338134	-0.0153385361302869	0.781325204460825	FALSE	FALSE
APLP2	chr11	130123780	130126699	+	1	alternative donor	0.145911375661657	0.093184354117356	4.00226831755599	0.000118455204642841	0.00106017408155344	-0.0046612572450852	0.905392087338134	0.0153385361302869	0.781325204460825	FALSE	FALSE
APLP2	chr11	130133729	130140397	+	1	alternative donor	0.0356368720683616	0.245259148152799	6.11940143076389	1.71790382966921e-08	5.40980641176386e-07	-0.063793665627133	0.0388996484384497	-0.0207939104264803	0.860387678897681	FALSE	FALSE
APLP2	chr11	130135716	130140397	+	1	alternative donor	0.877671206605666	-0.211618515942306	-8.25530020206053	5.37746793228017e-13	4.35446867563926e-11	0.0583076965893801	0.00378091067385408	0.0218166035094589	0.611489015409996	FALSE	FALSE
APLP2	chr11	130137292	130140397	+	1	alternative donor	0.0866919213259724	0.181916782636984	5.9565979759781	3.61732665993881e-08	9.84202237636152e-07	-0.0512563504265057	0.0262664236271228	-0.0200988212330815	0.781325204460825	FALSE	FALSE
WNT5B	chr12	1632906	1645793	+	1	alternative donor	0.0543105617857298	0.191257486059534	2.35365654388132	0.0204877726216298	0.0649384107047186	-0.0258148211436265	0.800312332292369	0.0121944266917926	1	FALSE	FALSE
WNT5B	chr12	1639977	1645793	+	1	alternative donor	0.94568943821427	-0.191257486059534	-2.35365654388132	0.0204877726216298	0.0649384107047186	0.0258148211436265	0.800312332292369	-0.0121944266917926	1	FALSE	FALSE
LTBR	chr12	6386445	6388799	+	1	alternative donor	0.126025867538	-0.156207033632245	-1.46857243636782	0.144996248285914	0.294759259067778	-0.0475351005389152	0.689289910634612	-0.0914157597744514	0.602001185677124	FALSE	FALSE
LTBR	chr12	6388506	6388799	+	1	alternative donor	0.873974132462	0.156207033632245	1.46857243636782	0.144996248285914	0.294759259067778	0.0475351005389151	0.689289910634612	0.0914157597744515	0.602001185677124	FALSE	FALSE
GAPDH	chr12	6534570	6534809	+	1	alternative donor	0.968242382045989	-0.561681183185105	-7.6779754838062	9.65537902374778e-12	6.19583850184268e-10	0.197151739586239	0.00025414645910219	0.108226843963861	0.140266180204508	FALSE	FALSE
GAPDH	chr12	6534662	6534809	+	1	alternative donor	0.0317576179540114	0.561681183185105	7.67797548380621	9.65537902374739e-12	6.19583850184268e-10	-0.197151739586239	0.00025414645910219	-0.108226843963861	0.140266180204508	FALSE	FALSE
ENSG00000285238	chr12	6602155	6602375	-	1	alternative donor	0.573730460896291	0.00878054615794378	0.129672632548608	0.897078330874553	0.983230229875719	0.01398099178102	0.885425137608643	0.0185632299694955	1	FALSE	FALSE
ENSG00000285238	chr12	6602176	6602375	-	1	alternative donor	0.426269539103709	-0.00878054615794376	-0.129672632548607	0.897078330874554	0.983230229875719	-0.01398099178102	0.885425137608643	-0.0185632299694955	1	FALSE	FALSE
COPS7A	chr12	6724819	6728222	+	1	alternative donor	0.0953721988906532	-0.192038415432699	-2.34214225319861	0.0210968794568358	0.0663656167587756	0.0429588954187267	0.632497315433318	0.00798201052635339	1	FALSE	FALSE
COPS7A	chr12	6728002	6728222	+	1	alternative donor	0.904627801109347	0.192038415432698	2.34214225319861	0.0210968794568358	0.0663656167587756	-0.0429588954187268	0.632497315433318	-0.00798201052635349	1	FALSE	FALSE
C12orf57	chr12	6944566	6945770	+	1	alternative donor	0.235653147881741	0.129525215976527	1.88773538799198	0.0618761389633328	0.151505218584806	-0.0718893765560101	0.178322663148369	-0.056326709021406	0.64777709135746	FALSE	FALSE
C12orf57	chr12	6944653	6945770	+	1	alternative donor	0.764346852118259	-0.129525215976527	-1.88773538799198	0.0618761389633329	0.151505218584806	0.0718893765560101	0.178322663148369	0.056326709021406	0.64777709135746	FALSE	FALSE
SLC2A14	chr12	7819584	7925843	-	0	alternative donor	0.495327102803738	0.0231820494532937	0.437907038197718	0.662370628186857	0.819482603114911	-0.00312194597802167	1	0.00148641673896611	1	FALSE	FALSE
SLC2A14	chr12	7821326	7929683	-	0	alternative donor	0.434034890592308	-0.0192165517199444	-1.51504878195492	0.1328229032757	0.275445545146742	0.00292018331280437	0.8705043106488	-0.000837716388608154	1	FALSE	FALSE
SLC2A3	chr12	7924512	7925843	-	1	alternative donor	0.504672897196262	-0.0231820494532937	-0.437907038197718	0.662370628186857	0.819482603114911	0.00312194597802166	1	-0.00148641673896611	1	FALSE	FALSE
SLC2A3	chr12	7925949	7929683	-	1	alternative donor	0.565965109407692	0.0192165517199444	1.51504878195492	0.1328229032757	0.275445545146742	-0.00292018331280437	0.8705043106488	0.000837716388608147	1	FALSE	FALSE
MFAP5	chr12	8648204	8649500	-	1	alternative donor	0.95084096598689	-0.024568042663592	-0.362803745258847	0.717494927247893	0.861044547484154	-0.0402264305054147	0.540903766869024	-0.0532547601113775	0.685750082706529	FALSE	FALSE
MFAP5	chr12	8648556	8649500	-	1	alternative donor	0.0491590340131103	0.0245680426635918	0.362803745258843	0.717494927247896	0.861044547484154	0.0402264305054148	0.540903766869024	0.0532547601113776	0.685750082706529	FALSE	FALSE
MFAP5	chr12	8650590	8654436	-	1	alternative donor	0.315046568482399	0.236536265672191	3.79778689353254	0.000247097304217617	0.00199614710604303	-0.0908699955652639	0.0385427112972637	-0.0548894121459777	0.580010609871179	FALSE	FALSE
MFAP5	chr12	8651692	8654436	-	1	alternative donor	0.684953431517601	-0.236536265672191	-3.79778689353254	0.000247097304217617	0.00199614710604303	0.0908699955652639	0.0385427112972637	0.0548894121459777	0.580010609871179	FALSE	FALSE
MFAP5	chr12	8660899	8662626	-	0	alternative donor	0.0253650472617352	0.261700053491757	3.12148272516279	0.0023354995740901	0.0119804435165617	-0.0742215890194279	0.306258673303413	-0.0294901675293922	0.967495893884277	FALSE	FALSE
MFAP5	chr12	8662107	8662626	-	1	alternative donor	0.974634952738265	-0.261700053491757	-3.12148272516279	0.0023354995740901	0.0119804435165617	0.0742215890194278	0.306258673303413	0.0294901675293922	0.967495893884277	FALSE	FALSE
YBX3	chr12	10704149	10713210	-	1	alternative donor	0.368434107117515	-0.0743876896703646	-2.63350566002649	0.00975271238218807	0.0367319765357937	0.0251929604009074	0.297142398214828	0.0132443500821883	0.885309445713496	FALSE	FALSE
YBX3	chr12	10710115	10713210	-	1	alternative donor	0.631565892882485	0.0743876896703646	2.63350566002649	0.00975271238218809	0.0367319765357937	-0.0251929604009074	0.297142398214828	-0.0132443500821883	0.885309445713496	FALSE	FALSE
STRAP	chr12	15882820	15889927	+	1	alternative donor	0.136780032658234	0.246229390198891	3.02405488522598	0.00314850179520548	0.0152753988666103	-0.0531422251442176	0.50222836969388	-0.00793250125857873	1	FALSE	FALSE
STRAP	chr12	15883677	15889927	+	1	alternative donor	0.863219967341766	-0.246229390198891	-3.02405488522598	0.00314850179520546	0.0152753988666103	0.0531422251442175	0.50222836969388	0.00793250125857871	1	FALSE	FALSE
PPHLN1	chr12	42335975	42355160	+	1	alternative donor	0.695850318858683	0.00178099831938403	0.0225425861941314	0.982058755295587	1	-0.00958724764975776	0.960291504975306	-0.0109818952495332	1	FALSE	FALSE
PPHLN1	chr12	42352050	42355160	+	1	alternative donor	0.304149681141317	-0.00178099831938403	-0.0225425861941314	0.982058755295587	1	0.00958724764975774	0.960291504975306	0.0109818952495331	1	FALSE	FALSE
SLC38A2	chr12	46367341	46370775	-	1	alternative donor	0.111560103712101	-0.122391173909888	-1.94454008465335	0.0545576410351437	0.136534611597148	0.0830355733269795	0.0563367797657285	0.0711560255659711	0.376498861396169	FALSE	FALSE
SLC38A2	chr12	46370628	46370775	-	1	alternative donor	0.888439896287899	0.122391173909888	1.94454008465335	0.0545576410351439	0.136534611597148	-0.0830355733269794	0.0563367797657285	-0.0711560255659711	0.376498861396169	FALSE	FALSE
ENSG00000272822	chr12	48922202	48923781	-	1	alternative donor	0.900880534235362	-0.0624877935074773	-1.08950719698232	0.278472755584652	0.468159091321504	-0.0332514693038316	0.554776835242308	-0.0534683578478432	0.527999013694237	FALSE	FALSE
ENSG00000272822	chr12	48923605	48923781	-	1	alternative donor	0.0991194657646375	0.0624877935074774	1.08950719698232	0.278472755584652	0.468159091321504	0.0332514693038316	0.554776835242308	0.0534683578478433	0.527999013694237	FALSE	FALSE
""	chr12	49128939	49186309	-	1	alternative donor	0.348808800587871	0.312958368370715	11.8915329314364	4.82418074632493e-21	4.10175967956277e-18	-0.068948953282615	0.00595424062607606	-0.0117500912160077	0.908552550007806	FALSE	FALSE
""	chr12	49129723	49188976	-	0	alternative donor	0.5	0	0	1	1	0	1	0	1	FALSE	FALSE
TUBA1A	chr12	49185991	49186309	-	1	alternative donor	0.651191199412129	-0.312958368370715	-11.8915329314364	4.82418074632493e-21	4.10175967956277e-18	0.068948953282615	0.00595424062607606	0.0117500912160076	0.908552550007806	FALSE	FALSE
TUBA1A	chr12	49186834	49188976	-	1	alternative donor	0.5	0	0	1	1	0	1	0	1	FALSE	FALSE
LIMA1	chr12	50192562	50195829	-	1	alternative donor	0.838016596052201	-0.0240565875413052	-0.784504549560617	0.434544680976359	0.625428040626574	-0.0275795864037796	0.272819710231876	-0.038127412224924	0.283277700446563	FALSE	FALSE
LIMA1	chr12	50192565	50195829	-	1	alternative donor	0.161983403947799	0.0240565875413052	0.784504549560617	0.434544680976359	0.625428040626574	0.0275795864037796	0.272819710231876	0.038127412224924	0.283277700446563	FALSE	FALSE
EIF4B	chr12	53034710	53037408	+	1	alternative donor	0.889680372415155	0.0275380248146189	0.525897728601275	0.600089731686017	0.776939914165507	-0.0363254032329753	0.444352154863195	-0.0369530069087446	0.745349701160936	FALSE	FALSE
EIF4B	chr12	53034725	53037408	+	1	alternative donor	0.110319627584845	-0.027538024814619	-0.525897728601277	0.600089731686016	0.776939914165507	0.0363254032329754	0.444352154863195	0.0369530069087447	0.745349701160936	FALSE	FALSE
PFDN5	chr12	53295640	53297849	+	1	alternative donor	0.0280089028744971	0.129590750451279	2.42631287178728	0.0169909179769939	0.0564869130398398	-0.0255790631119317	0.675188633993372	-0.00133807725761717	1	FALSE	FALSE
PFDN5	chr12	53296276	53297849	+	1	alternative donor	0.971991097125503	-0.129590750451279	-2.42631287178729	0.0169909179769935	0.0564869130398398	0.0255790631119318	0.675188633993372	0.00133807725761715	1	FALSE	FALSE
PCBP2	chr12	53462568	53465931	+	1	alternative donor	0.354336662206299	-0.0428404369948396	-1.96404318780811	0.0522200552936315	0.132143160754197	0.0201491252341912	0.268661481983372	0.0143230068535295	0.781325204460825	TRUE	FALSE
PCBP2	chr12	53462568	53467220	+	1	alternative donor	0.0504173742026964	0.11703603222753	2.04962356797541	0.0429422346869045	0.114009789360002	-0.0198409015401296	0.786997649565782	0.00266151093262415	1	TRUE	FALSE
PCBP2	chr12	53464853	53465931	+	1	alternative donor	0.645663337793701	0.0428404369948396	1.96404318780811	0.0522200552936315	0.132143160754197	-0.0201491252341912	0.268661481983372	-0.0143230068535295	0.781325204460825	TRUE	FALSE
PCBP2	chr12	53464853	53467220	+	1	alternative donor	0.0394381609790002	0.152816121453222	3.2189297954661	0.00172115867821091	0.00965950604718698	-0.0178571067205357	0.766423600195978	0.0130306004796902	1	TRUE	FALSE
PCBP2	chr12	53465974	53467220	+	1	alternative donor	0.910144464818304	-0.120879002665328	-2.64123259951402	0.00954707184658507	0.036037282297709	0.0132175352328299	0.831339297884748	-0.0113847273961071	1	TRUE	FALSE
PCBP2	chr12	53467294	53468776	+	1	alternative donor	0.352892277598989	-0.0956676587303823	-2.78670048003361	0.00634066049250903	0.0269220803183811	0.0175134714794696	0.646374045076162	-0.000638176390358607	1	TRUE	FALSE
PCBP2	chr12	53467294	53468779	+	0	alternative donor	0.129474716020591	-0.0455680887942557	-0.59448970318973	0.553488254552943	0.739942434644088	0.0241029734205363	0.800312332292369	0.0184055823681732	1	TRUE	FALSE
PCBP2	chr12	53467844	53468776	+	1	alternative donor	0.647107722401011	0.0956676587303822	2.78670048003361	0.00634066049250906	0.0269220803183811	-0.0175134714794696	0.646374045076162	0.000638176390358569	1	TRUE	FALSE
PCBP2	chr12	53467844	53468779	+	1	alternative donor	0.870525283979409	0.0455680887942558	0.594489703189731	0.553488254552942	0.739942434644088	-0.0241029734205363	0.800312332292369	-0.0184055823681732	1	TRUE	FALSE
HNRNPA1	chr12	54282875	54283811	+	1	alternative donor	0.655739093939538	0.301463481049915	2.3649762984581	0.0199041782023548	0.0635373362281936	-0.0719646218129726	0.584486194528752	-0.0179045966820954	1	TRUE	TRUE
HNRNPA1	chr12	54283235	54283811	+	1	alternative donor	0.344260906060462	-0.301463481049915	-2.3649762984581	0.0199041782023548	0.0635373362281936	0.0719646218129726	0.584486194528752	0.0179045966820954	1	TRUE	TRUE
MYL6B	chr12	56155199	56159974	+	1	alternative donor	0.310487270252944	-0.0840970439779704	-4.28955170770904	4.04823553414072e-05	0.000413454926474852	0.0270977305352597	0.0636307163522027	0.0133307199515991	0.763742089132858	FALSE	FALSE
MYL6B	chr12	56158712	56159974	+	1	alternative donor	0.00173350949218336	-0.000780836329261844	-0.167351389546326	0.867421697340539	0.96692926668475	0.000253043899794911	1	0.000125487932262973	1	FALSE	FALSE
MYL6	chr12	56159623	56159974	+	1	alternative donor	0.00500564482775586	-0.0141259207067816	-0.865844892118704	0.388587559982084	0.583739528047291	0.00109531329308191	1	-0.00186375908522515	1	FALSE	FALSE
MYL6	chr12	56159731	56159974	+	1	alternative donor	0.682773575427116	0.0822568661022084	4.24896067278395	4.72455266807248e-05	0.000473988307496003	-0.0269559726311952	0.0602051115080703	-0.0135746128167209	0.748927830086642	FALSE	FALSE
MYL6	chr12	56160321	56161386	+	1	alternative donor	0.14880313977548	0.151621262975473	2.97400746387378	0.00366130891590202	0.0171280765102927	-0.0647670338530633	0.0817007279998681	-0.0429227700860993	0.618142836076918	FALSE	FALSE
MYL6	chr12	56160671	56161386	+	1	alternative donor	0.85119686022452	-0.151621262975473	-2.97400746387378	0.00366130891590201	0.0171280765102927	0.0647670338530633	0.0817007279998681	0.0429227700860992	0.618142836076918	FALSE	FALSE
PTGES3	chr12	56666267	56671748	-	1	alternative donor	0.0633575143343729	-0.00626758755669372	-0.144627580063085	0.885287538179064	0.97585810218516	-0.00926081496178138	0.880831938517892	-0.0123971493079156	1	FALSE	FALSE
PTGES3	chr12	56670365	56671748	-	1	alternative donor	0.936642485665627	0.00626758755669375	0.144627580063086	0.885287538179064	0.97585810218516	0.00926081496178139	0.880831938517892	0.0123971493079157	1	FALSE	FALSE
STAT6	chr12	57107315	57108162	-	1	alternative donor	0.132561245616128	0.101378654588993	1.55022745074033	0.124154205648341	0.261161643510203	-0.0666171009890204	0.192301648075535	-0.0563724885114774	0.600093159349073	FALSE	FALSE
STAT6	chr12	57107744	57108162	-	1	alternative donor	0.867438754383872	-0.101378654588993	-1.55022745074034	0.124154205648341	0.261161643510203	0.0666171009890204	0.192301648075535	0.0563724885114774	0.600093159349073	FALSE	FALSE
SHMT2	chr12	57229812	57230802	+	1	alternative donor		0.605793381329566	4.91888308582367	3.34572087834895e-06	5.14877679061755e-05	-0.13645964448207	0.198843153158093	-0.026457468259763	1	FALSE	FALSE
SHMT2	chr12	57230245	57230802	+	1	alternative donor		-0.605793381329566	-4.91888308582367	3.34572087834895e-06	5.14877679061755e-05	0.13645964448207	0.198843153158093	0.026457468259763	1	FALSE	FALSE
OS9	chr12	57719183	57720405	+	1	alternative donor	0.640614702890606	0.00720297829803772	0.199893543019548	0.841957961883652	0.948492556596986	0.00329557496308995	0.983878662274079	0.00552545692824206	1	FALSE	FALSE
OS9	chr12	57720264	57720405	+	1	alternative donor	0.359385297109394	-0.00720297829803773	-0.199893543019548	0.841957961883652	0.948492556596986	-0.00329557496308994	0.983878662274079	-0.00552545692824205	1	FALSE	FALSE
RAP1B	chr12	68611044	68648698	+	1	alternative donor		-0.129246250381296	-1.32739191003791	0.187494783174371	0.355022888547221	0.0862409441820552	0.274684375283861	0.0738788494779138	0.685750082706529	FALSE	FALSE
RAP1B	chr12	68611053	68648698	+	1	alternative donor		0.129246250381296	1.32739191003791	0.187494783174371	0.355022888547221	-0.0862409441820552	0.274684375283861	-0.0738788494779138	0.685750082706529	FALSE	FALSE
GLIPR1	chr12	75482080	75490405	+	1	alternative donor	0.979498637768683	-0.187114328597399	-2.79958209849665	0.00611051170036199	0.0260975202964901	0.0712179453934882	0.180154543315143	0.04263062339911	0.790958395735541	FALSE	FALSE
GLIPR1	chr12	75487810	75490405	+	1	alternative donor	0.0205013622313166	0.187114328597399	2.79958209849665	0.00611051170036198	0.0260975202964901	-0.0712179453934882	0.180154543315143	-0.0426306233991099	0.790958395735541	FALSE	FALSE
NAP1L1	chr12	76056159	76059797	-	1	alternative donor	0.0157037199700824	0.00207443493556958	0.0405092083126517	0.967765584026057	1	0.0129998230901646	0.851968286160255	0.0158964440666423	0.983234759464368	FALSE	FALSE
NAP1L1	chr12	76056162	76059797	-	1	alternative donor	0.984296280029918	-0.00207443493556952	-0.0405092083126505	0.967765584026058	1	-0.0129998230901647	0.851968286160255	-0.0158964440666424	0.983234759464368	FALSE	FALSE
NAP1L1	chr12	76060280	76074202	-	1	alternative donor		-0.229272457261844	-1.61125783829042	0.110275509297788	0.237672374601887	0.0973190685060852	0.452281040878004	0.0648552243427292	0.894056176820071	FALSE	FALSE
NAP1L1	chr12	76068995	76074202	-	1	alternative donor		0.229272457261844	1.61125783829042	0.110275509297788	0.237672374601887	-0.0973190685060852	0.452281040878004	-0.0648552243427292	0.894056176820071	FALSE	FALSE
PPP1R12A	chr12	79805769	79807225	-	1	alternative donor	0.327511354709188	0.136697750218421	1.99384754985141	0.048812220529976	0.125031994854078	-0.0201653483076708	0.823063273377401	0.0066802791600698	1	FALSE	FALSE
PPP1R12A	chr12	79806334	79807225	-	1	alternative donor	0.672488645290812	-0.136697750218421	-1.99384754985141	0.048812220529976	0.125031994854078	0.0201653483076708	0.823063273377401	-0.0066802791600698	1	FALSE	FALSE
IKBIP	chr12	98614341	98634295	-	1	alternative donor	0.514526540364638	-0.260887953840288	-4.08490770133627	8.73965623434968e-05	0.00081409154091957	0.0151612373097545	0.874742372435097	-0.0404371777609511	0.790958395735541	FALSE	FALSE
IKBIP	chr12	98626767	98634295	-	1	alternative donor	0.485473459635362	0.260887953840288	4.08490770133627	8.73965623434968e-05	0.00081409154091957	-0.0151612373097545	0.874742372435097	0.0404371777609511	0.790958395735541	FALSE	FALSE
WASHC3	chr12	102039976	102044104	-	1	alternative donor	0.116572744848012	-0.0126496810941465	-0.225245622649448	0.822234492975651	0.933695996864839	0.0313649690810686	0.576090040131699	0.0343993367716379	0.794371046265522	FALSE	FALSE
WASHC3	chr12	102039979	102044104	-	1	alternative donor	0.883427255151988	0.0126496810941465	0.225245622649447	0.822234492975652	0.933695996864839	-0.0313649690810686	0.576090040131699	-0.0343993367716379	0.794371046265522	FALSE	FALSE
TXNRD1	chr12	104287110	104288930	+	1	alternative donor		-0.0561030864976534	-0.419408940273434	0.675808012559553	0.828559138686028	0.027656296591987	0.885425137608643	0.0202690396369269	1	FALSE	FALSE
TXNRD1	chr12	104287110	104311289	+	1	alternative donor	0.0689256676181113	0.0652606621373359	0.724036376213512	0.470684720483535	0.660395517477105	0.0237154964594847	0.845858050455077	0.0427694929506302	0.882454942920744	FALSE	FALSE
TXNRD1	chr12	104287347	104288930	+	1	alternative donor		0.0561030864976535	0.419408940273434	0.675808012559553	0.828559138686028	-0.027656296591987	0.885425137608643	-0.0202690396369269	1	FALSE	FALSE
TXNRD1	chr12	104289041	104311289	+	1	alternative donor	0.931074332381889	-0.0652606621373358	-0.724036376213511	0.470684720483535	0.660395517477105	-0.0237154964594847	0.845858050455077	-0.0427694929506301	0.882454942920744	FALSE	FALSE
APPL2	chr12	105176083	105177225	-	1	alternative donor	0.0905444534320118	0.119118276826901	2.14303672340017	0.0344650332740613	0.0950653513098803	0.0119827583516363	0.882259826212136	0.0409050663036275	0.719163563139003	FALSE	FALSE
APPL2	chr12	105177017	105177225	-	1	alternative donor	0.909455546567988	-0.1191182768269	-2.14303672340017	0.0344650332740613	0.0950653513098803	-0.0119827583516364	0.882259826212136	-0.0409050663036275	0.719163563139003	FALSE	FALSE
KCTD10	chr12	109458079	109460635	-	1	alternative donor	0.72531185000601	0.00902089883550918	0.127892548793491	0.898483376087446	0.983910873542643	0.00732490027385379	0.977526261187499	0.010715765518298	1	FALSE	FALSE
KCTD10	chr12	109458082	109460635	-	1	alternative donor	0.27468814999399	-0.00902089883550914	-0.127892548793491	0.898483376087446	0.983910873542643	-0.0073249002738538	0.977526261187499	-0.010715765518298	1	FALSE	FALSE
RPLP0	chr12	120197463	120198853	-	1	alternative donor	0.568058254342248	0.177637936012749	1.32776920458642	0.187189463837256	0.355022888547221	0.0431727903852079	0.798373901371683	0.091037538451867	0.763742089132858	FALSE	FALSE
RPLP0	chr12	120198740	120198853	-	1	alternative donor	0.431941745657752	-0.177637936012749	-1.32776920458642	0.187189463837256	0.355022888547221	-0.0431727903852079	0.798373901371683	-0.091037538451867	0.763742089132858	FALSE	FALSE
PXN	chr12	120215274	120221622	-	1	alternative donor		-0.0605682191786329	-0.47244725449485	0.637626845384208	0.80384949881791	-0.0281523179277197	0.875349624249118	-0.0469227541159102	0.954354195671919	FALSE	FALSE
PXN	chr12	120215662	120221622	-	1	alternative donor		0.0605682191786329	0.47244725449485	0.637626845384209	0.80384949881791	0.0281523179277197	0.875349624249118	0.0469227541159102	0.954354195671919	FALSE	FALSE
ANAPC5	chr12	121328459	121330582	-	1	alternative donor	0.236249128628597	-0.04346496118616	-0.541254145708136	0.589501189003528	0.766982993037872	0.0141826632665642	0.918975275879358	0.00710046778849516	1	FALSE	FALSE
ANAPC5	chr12	121328498	121330582	-	1	alternative donor	0.763750871371403	0.04346496118616	0.541254145708136	0.589501189003528	0.766982993037872	-0.0141826632665641	0.918975275879358	-0.00710046778849516	1	FALSE	FALSE
ABCB9	chr12	122981267	122981594	+	1	alternative donor	0.465644953402837	0.0631661535455669	1.44910057268234	0.15034726392347	0.303188698219301	-0.0258941824269504	0.548359975491591	-0.0165902007632117	0.946517121398466	FALSE	FALSE
ABCB9	chr12	122981300	122981594	+	1	alternative donor	0.534355046597163	-0.0631661535455668	-1.44910057268234	0.15034726392347	0.303188698219301	0.0258941824269504	0.548359975491591	0.0165902007632117	0.946517121398466	FALSE	FALSE
NCOR2	chr12	124326371	124330844	-	1	alternative donor	0.181905263680983	0.0819532442126355	0.851413418432595	0.396514885587142	0.590687794996795	-0.0225394251451248	0.865357879812485	-0.00839983304235547	1	FALSE	FALSE
NCOR2	chr12	124327634	124330844	-	1	alternative donor	0.818094736319018	-0.0819532442126354	-0.851413418432594	0.396514885587143	0.590687794996795	0.0225394251451247	0.865357879812485	0.00839983304235548	1	FALSE	FALSE
UBC	chr12	124911823	124912962	-	0	alternative donor		0.113565813748272	1.3708664556069	0.173715924058943	0.337026730019661	-0.0359306868799054	0.691259694769542	-0.0185889925108372	1	FALSE	FALSE
UBC	chr12	124911823	124913418	-	0	alternative donor	0.126297169856592	0.242349667808454	2.89307097564935	0.00465597151177489	0.0209457131105111	-0.0981114898229058	0.123225933688777	-0.0621835209459951	0.713205121015177	FALSE	FALSE
UBC	chr12	124911900	124913495	-	0	alternative donor		0.0042688994194574	0.986668901891612	0.326139707622929	0.523153246835165	-0.00149808513424115	0.786997649565782	-0.000821467851577284	1	FALSE	FALSE
UBC	chr12	124911900	124913723	-	1	alternative donor		0.186022411385817	2.26150008302683	0.0260841852509171	0.0792562854002852	-0.10851482191678	0.0478524479429861	-0.0886437647316788	0.388844137308143	FALSE	FALSE
UBC	chr12	124911953	124913320	-	1	alternative donor	0.0133844587750109	0.159978545495421	3.11619659560025	0.00237405428287398	0.0121598774338169	-0.0731020652219219	0.0391342200676274	-0.050945203994775	0.482516833577077	FALSE	FALSE
UBC	chr12	124911972	124913111	+	0	alternative donor	0.0306952913158084	0.129788563678902	2.49838416799205	0.0140575793092986	0.0493393469875382	-0.0248318977622727	0.676010069228796	-0.000406826713639114	1	FALSE	FALSE
UBC	chr12	124911979	124912662	+	0	alternative donor		-0.0126839882037383	-0.234218649183838	0.815341389197191	0.928659097340805	0.00781535201829013	0.940973041140956	0.00656938665357896	1	FALSE	FALSE
UBC	chr12	124911979	124913118	+	1	alternative donor	0.0307581243571624	0.0829254375778073	1.08065340167843	0.282375129044426	0.47238456167245	-0.026522310612671	0.784618049349035	-0.0129100728184431	1	FALSE	FALSE
UBC	chr12	124912051	124913190	-	1	alternative donor	0.109219687815848	0.18131802699148	2.17760856857694	0.0317176155181345	0.0906484120816601	-0.0878132852231824	0.177884498896068	-0.063628865080956	0.686024928078753	FALSE	FALSE
UBC	chr12	124912181	124912636	-	1	alternative donor		0	0	1	1	0	1	0	1	FALSE	FALSE
UBC	chr12	124912181	124913092	-	0	alternative donor		-0.0373880750219055	-1.85871701865376	0.0659789809619151	0.159145045568421	0.0138557725850387	0.455741087970464	0.00808173450143477	0.926587402948521	FALSE	FALSE
UBC	chr12	124912181	124913320	-	1	alternative donor	0.423333979445173	0.302957543566456	3.02736625304012	0.00311703328260562	0.0151659945552814	-0.0897118297184159	0.299901888000654	-0.0386372700766449	0.944113575193574	FALSE	FALSE
UBC	chr12	124912181	124913548	-	0	alternative donor	0.209546758835111	-0.0162318876243118	-1.31607777825769	0.191069397710721	0.360614329419623	0.00626481383357557	0.637209752049209	0.00380113808082525	0.983234759464368	FALSE	FALSE
UBC	chr12	124912200	124912655	+	0	alternative donor		0	0	1	1	0	1	0	1	FALSE	FALSE
UBC	chr12	124912200	124913111	+	1	alternative donor	0.0862919635713207	0.281647244049584	4.03469317293257	0.000105182053307855	0.000951394051329822	-0.108490224918859	0.0262664236271228	-0.065701857274273	0.518529678745546	FALSE	FALSE
UBC	chr12	124912207	124912662	+	0	alternative donor		-0.00386555994362312	-0.300536703277615	0.764453337647064	0.892824794415407	0.00132656697596716	0.973039865376012	0.000776343571938276	1	FALSE	FALSE
UBC	chr12	124912207	124913118	+	0	alternative donor	0.0515835793079643	0.0928169933791975	1.22532052159018	0.223249037046696	0.399615776313585	-0.0249975640866581	0.792492422645402	-0.00888452876275052	1	FALSE	FALSE
UBC	chr12	124912279	124913190	-	0	alternative donor	0.171590828257415	-0.138734341978047	-2.00197495457123	0.0479164782995561	0.123533297619947	0.0115953963508163	0.928595471495225	-0.0173096445052041	1	FALSE	FALSE
UBC	chr12	124912409	124912636	-	1	alternative donor		0	0	1	1	0	1	0	1	FALSE	FALSE
UBC	chr12	124912409	124913092	-	0	alternative donor		-0.0373880750219055	-1.85871701865376	0.0659789809619151	0.159145045568421	0.0138557725850387	0.455741087970464	0.00808173450143477	0.926587402948521	FALSE	FALSE
UBC	chr12	124912409	124913320	-	0	alternative donor	0.425282275289004	0.304506008676469	3.03945815139956	0.00300457633732872	0.0146856258832647	-0.0890524637755253	0.301785183292697	-0.0375077197537155	0.947283790071782	FALSE	FALSE
UBC	chr12	124912409	124913548	-	0	alternative donor	0.209546758835111	-0.0162318876243118	-1.31607777825769	0.191069397710721	0.360614329419623	0.00626481383357557	0.637209752049209	0.00380113808082525	0.983234759464368	FALSE	FALSE
UBC	chr12	124912428	124912655	+	0	alternative donor		0	0	1	1	0	1	0	1	FALSE	FALSE
UBC	chr12	124912428	124913111	+	0	alternative donor	0.0862919635713207	0.281647244049584	4.03469317293257	0.000105182053307855	0.000951394051329822	-0.108490224918859	0.0262664236271228	-0.065701857274273	0.518529678745546	FALSE	FALSE
UBC	chr12	124912435	124912662	+	0	alternative donor		-0.00386555994362312	-0.300536703277615	0.764453337647064	0.892824794415407	0.00132656697596716	0.973039865376012	0.000776343571938276	1	FALSE	FALSE
UBC	chr12	124912435	124913118	+	0	alternative donor	0.0515835793079643	0.0928169933791975	1.22532052159018	0.223249037046696	0.399615776313585	-0.0249975640866581	0.792492422645402	-0.00888452876275052	1	FALSE	FALSE
UBC	chr12	124912507	124913190	-	0	alternative donor	0.171590828257415	-0.138734341978047	-2.00197495457123	0.0479164782995561	0.123533297619947	0.0115953963508163	0.928595471495225	-0.0173096445052041	1	FALSE	FALSE
UBC	chr12	124912584	124913267	-	0	alternative donor		-0.0766552035390536	-0.563799065616126	0.574128387328151	0.755361951761332	0.0935743378990632	0.446106167862908	0.0939415812319135	0.758999082625987	FALSE	FALSE
UBC	chr12	124912584	124913723	-	0	alternative donor		0.12474423086898	0.850900422411265	0.397033916604278	0.590687794996795	0.00803460617870094	1	0.0349647853737687	1	FALSE	FALSE
UBC	chr12	124912637	124913092	-	0	alternative donor		0.116419718877752	1.97924522207931	0.0505104868188748	0.128678775783515	-0.0395527762707512	0.471641351918054	-0.0209050538313347	0.96580989741943	FALSE	FALSE
UBC	chr12	124912637	124913548	-	1	alternative donor	0.2243435905218	-0.0442426469757597	-3.28301100715738	0.00140326390925598	0.00811649754316257	0.0150492304285344	0.158493346628285	0.00795496134290143	0.801020692772742	FALSE	FALSE
UBC	chr12	124912735	124912962	-	1	alternative donor		-0.113565813748272	-1.3708664556069	0.173715924058943	0.337026730019661	0.0359306868799054	0.691259694769542	0.0185889925108372	1	FALSE	FALSE
UBC	chr12	124912735	124913418	-	1	alternative donor	0.294947430902538	0.241650045846717	2.74569551464552	0.00712695881409691	0.0292385849538523	-0.0650901168661997	0.422134914284486	-0.0231412806014788	1	FALSE	FALSE
UBC	chr12	124912865	124913092	-	1	alternative donor		0.111526956780874	1.8902681748629	0.0615888733343573	0.15101929214863	-0.0341960065324286	0.560700140869362	-0.0156444325838376	1	FALSE	FALSE
UBC	chr12	124912865	124913548	-	1	alternative donor	0.178281445903989	0.0647031654674131	1.63958650036983	0.104141998539298	0.227334362665054	-0.0196230236363123	0.646533770003136	-0.00880158008472785	1	FALSE	FALSE
UBC	chr12	124912884	124913111	+	1	alternative donor	0.79672078154155	-0.334315599475246	-4.03127081290381	0.00010651276240337	0.000960875079400159	0.134074281823715	0.0186817406648059	0.0842752545274239	0.474131077937937	FALSE	FALSE
UBC	chr12	124912891	124913118	+	1	alternative donor	0.866074717026909	-0.12456404984368	-1.22801804923841	0.222239037796473	0.399489940563322	0.0386184136453678	0.742240191446001	0.0179427039955821	1	FALSE	FALSE
UBC	chr12	124912963	124913190	-	1	alternative donor	0.547598655669322	0.363915771510021	2.64838141972473	0.00936031910194357	0.0355768357928657	-0.06222240677918	0.693791402996196	0.00764849110588733	1	FALSE	FALSE
UBC	chr12	124913040	124913267	-	1	alternative donor		0.0766552035390536	0.563799065616126	0.574128387328152	0.755361951761332	-0.0935743378990632	0.446106167862908	-0.0939415812319134	0.758999082625987	FALSE	FALSE
UBC	chr12	124913093	124913320	-	1	alternative donor	0.137999286490813	-0.414981958872022	-2.31375460482121	0.0226674550385546	0.0699564560672632	0.139027738051756	0.388121237887745	0.07208741292002	0.926587402948521	FALSE	FALSE
UBC	chr12	124913191	124913418	-	1	alternative donor	0.57875539924087	-0.309842243871342	-3.16273322975538	0.00205402883124259	0.0108812337306169	0.094700480157726	0.253396100408203	0.0430171238637888	0.913440829058261	FALSE	FALSE
UBC	chr12	124913268	124913495	-	1	alternative donor		-0.00426889941945744	-0.986668901891621	0.326139707622925	0.523153246835165	0.00149808513424117	0.786997649565782	0.000821467851577299	1	FALSE	FALSE
UBC	chr12	124913268	124913723	-	0	alternative donor		0.212952696869987	2.72537816264727	0.00768862005439918	0.031204053466601	-0.132859349224246	0.0064959151430754	-0.111565449823192	0.140266180204508	FALSE	FALSE
UBC	chr12	124913321	124913548	-	1	alternative donor	0.178281445903989	0.0647031654674131	1.63958650036983	0.104141998539298	0.227334362665054	-0.0196230236363123	0.646533770003136	-0.00880158008472785	1	FALSE	FALSE
UBC	chr12	124913496	124913723	-	1	alternative donor		-0.129970817661096	-0.993467791509577	0.323087827024465	0.521510061561559	0.0491269761619189	0.736942848901488	0.0307494840745336	1	FALSE	FALSE
POSTN	chr13	37564561	37569743	-	1	alternative donor	0.82508227135839	-0.0405639000340133	-0.341610384139763	0.733340079680013	0.874505473699763	-0.0263830567401498	0.874107196681339	-0.0404044134371675	0.975637057719994	FALSE	FALSE
POSTN	chr13	37569384	37569743	-	1	alternative donor	0.17491772864161	0.0405639000340133	0.341610384139763	0.733340079680013	0.874505473699763	0.0263830567401498	0.874107196681339	0.0404044134371675	0.975637057719994	FALSE	FALSE
POSTN	chr13	37570670	37577752	-	1	alternative donor	0.457287117908222	0.0444487506414155	0.47505929069008	0.635750525848132	0.803190021697435	-0.0500628625440732	0.604330097981135	-0.0494727088965997	0.855196191594143	FALSE	FALSE
POSTN	chr13	37571459	37577752	-	1	alternative donor	0.542712882091778	-0.0444487506414155	-0.47505929069008	0.635750525848132	0.803190021697435	0.0500628625440731	0.604330097981135	0.0494727088965997	0.855196191594143	FALSE	FALSE
TPT1	chr13	45340185	45341041	-	1	alternative donor	0.00633356934512776	0.150300010102686	4.32268601397551	3.56621866181891e-05	0.000374254405863999	0.0248706934352907	0.472367357846902	0.0631882620572328	0.0612021645953839	FALSE	FALSE
TPT1	chr13	45340786	45341041	-	1	alternative donor	0.993666430654872	-0.150300010102685	-4.3226860139755	3.5662186618191e-05	0.000374254405863999	-0.0248706934352907	0.472367357846902	-0.0631882620572327	0.0612021645953839	FALSE	FALSE
LMO7	chr13	75636727	75727028	+	1	alternative donor	0.27164272332748	0.02039891048219	0.520124655418428	0.604092835011828	0.778428083252337	0.00113595883817893	1	0.00591750293876271	1	FALSE	FALSE
LMO7	chr13	75713253	75727028	+	1	alternative donor	0.72835727667252	-0.02039891048219	-0.520124655418428	0.604092835011828	0.778428083252337	-0.00113595883817893	1	-0.00591750293876273	1	FALSE	FALSE
LMO7	chr13	75821610	75823564	+	1	alternative donor	0.887705383849539	0.0928646750498252	2.39009552869129	0.0186614537875068	0.0604453374583909	0.000923994469645504	1	0.0218970624010245	0.83414611106599	FALSE	FALSE
LMO7	chr13	75823140	75823564	+	0	alternative donor	0.112294616150461	-0.0928646750498253	-2.39009552869129	0.0186614537875067	0.0604453374583909	-0.00092399446964554	1	-0.0218970624010245	0.83414611106599	FALSE	FALSE
LMO7	chr13	75836458	75840084	+	1	alternative donor	0.0975830427261286	-0.170667360891337	-1.9131274651788	0.0585086283098666	0.14482375901154	0.0298363263545669	0.792492422645402	-0.00280872616357993	1	FALSE	FALSE
LMO7	chr13	75838197	75840084	+	1	alternative donor	0.902416957273871	0.170667360891337	1.9131274651788	0.0585086283098663	0.14482375901154	-0.0298363263545669	0.792492422645402	0.00280872616357995	1	FALSE	FALSE
TMCO3	chr13	113539508	113548302	+	1	alternative donor	0.112524381993512	0.254552076868484	3.51393744297948	0.00065739903171662	0.00440988975713654	-0.0537730080898841	0.434467060743107	-0.00681714047326033	1	FALSE	FALSE
TMCO3	chr13	113547380	113548302	+	1	alternative donor	0.887475618006488	-0.254552076868484	-3.51393744297948	0.000657399031716613	0.00440988975713654	0.0537730080898842	0.434467060743107	0.00681714047326036	1	FALSE	FALSE
TFDP1	chr13	113623287	113633119	+	1	alternative donor	0.0868933311788848	0.0285129711242385	0.300548572903148	0.764364549705423	0.892824794415407	-0.0312636173453385	0.79207622013106	-0.0307258999161814	0.982438621677276	FALSE	FALSE
TFDP1	chr13	113631745	113633119	+	1	alternative donor	0.913106668821115	-0.0285129711242385	-0.300548572903149	0.764364549705422	0.892824794415407	0.0312636173453385	0.79207622013106	0.0307258999161813	0.982438621677276	FALSE	FALSE
TFDP1	chr13	113633286	113633889	+	1	alternative donor	0.769471887311418	-0.0187342464155753	-0.716557461069329	0.475268817991774	0.665128957121258	0.0219572287080774	0.309883870828501	0.0218687696113773	0.621637841725645	FALSE	FALSE
TFDP1	chr13	113633427	113633889	+	0	alternative donor	0.230528112688582	0.0187342464155753	0.716557461069329	0.475268817991775	0.665128957121258	-0.0219572287080774	0.309883870828501	-0.0218687696113773	0.621637841725645	FALSE	FALSE
TFDP1	chr13	113636701	113640119	+	1	alternative donor	0.100813806715795	-0.489087427874652	-6.7807002424622	7.69601152833683e-10	2.97433354634927e-08	0.14704731195971	0.00620693474380631	0.0650088270846875	0.561653851765132	FALSE	FALSE
TFDP1	chr13	113637885	113640119	+	1	alternative donor	0.249157138413799	0.0618566199757315	2.00455427885743	0.0476351500829785	0.123199350138563	-0.0125103820786081	0.72470310326619	-0.000995900827164425	1	FALSE	FALSE
TFDP1	chr13	113637897	113640119	+	1	alternative donor	0.650029054870406	0.150479247800497	4.7336346064866	7.05694624770558e-06	9.30258689474678e-05	-0.0368227894126094	0.164755185106963	-0.0100065662146612	0.983234759464368	FALSE	FALSE
APEX1	chr14	20455339	20455577	+	1	alternative donor	0.124819908019226	0.21195111010939	2.31414079872521	0.0226454148184874	0.0699519126227753	-0.0252938238666712	0.838155612483686	0.0174479334536949	1	FALSE	FALSE
APEX1	chr14	20455395	20455577	+	1	alternative donor	0.875180091980774	-0.21195111010939	-2.31414079872521	0.0226454148184874	0.0699519126227753	0.0252938238666712	0.838155612483686	-0.0174479334536948	1	FALSE	FALSE
HNRNPC	chr14	21211564	21211809	-	1	alternative donor	0.0346024870643745	0.00303521384023644	0.0551170532708688	0.956151980470285	1	0.0159077696510763	0.823063273377401	0.0195636025605165	0.96580989741943	TRUE	FALSE
HNRNPC	chr14	21211567	21211809	-	1	alternative donor	0.965397512935625	-0.00303521384023627	-0.0551170532708656	0.956151980470287	1	-0.0159077696510763	0.823063273377401	-0.0195636025605165	0.96580989741943	TRUE	FALSE
HNRNPC	chr14	21234230	21269297	-	1	alternative donor	0.312270222085478	0.209773094963307	2.18468597540411	0.0311792851757919	0.089941262835342	-0.101911278197408	0.172597094784143	-0.0739907997709219	0.685750082706529	TRUE	FALSE
HNRNPC	chr14	21263337	21269297	-	1	alternative donor	0.553266522499564	-0.0108692677410722	-0.21962766092622	0.826595818146311	0.935501972651795	0.0250606808822805	0.637209752049209	0.0273144393546001	0.846266210601829	TRUE	FALSE
HNRNPC	chr14	21263830	21269297	-	1	alternative donor	0.134463255414958	-0.133763483267443	-2.19938163947927	0.0300868408778084	0.0876073166313582	0.0714293265329333	0.110657206168379	0.054831289366754	0.561653851765132	TRUE	FALSE
ACIN1	chr14	23064486	23065965	-	1	alternative donor	0.172871982238983	0.0796804093848546	1.72883143248157	0.0868355245233413	0.198073520391606	0.00360671189718067	0.994147604074607	0.0221285915398951	0.878248097399591	TRUE	FALSE
ACIN1	chr14	23064489	23065965	-	1	alternative donor	0.827128017761017	-0.0796804093848545	-1.72883143248157	0.0868355245233416	0.198073520391606	-0.00360671189718065	0.994147604074607	-0.022128591539895	0.878248097399591	TRUE	FALSE
DHRS4	chr14	23960004	23967210	+	1	alternative donor	0.321148233143606	0.0597218178957873	0.762759343081131	0.447350287995318	0.63872306023177	0.00580989382160532	0.99640693852258	0.0202735334995037	1	FALSE	FALSE
DHRS4L2	chr14	23960004	24049284	+	0	alternative donor	0.316163809467593	0.0907015189567774	0.913370026836769	0.363181015163889	0.564001100674984	-0.00904573591194294	0.983878662274079	0.00957770252268221	1	FALSE	FALSE
DHRS4	chr14	23966418	23967210	+	1	alternative donor	0.678851766856394	-0.0597218178957873	-0.762759343081131	0.447350287995318	0.63872306023177	-0.00580989382160533	0.99640693852258	-0.0202735334995037	1	FALSE	FALSE
DHRS4L2	chr14	23967267	24005885	+	0	alternative donor	0.5	0	0	1	1	0	1	0	1	FALSE	FALSE
DHRS4L2	chr14	24004393	24005885	+	1	alternative donor	0.5	0	0	1	1	0	1	0	1	FALSE	FALSE
""	chr14	24048812	24049284	+	1	alternative donor	0.683836190532407	-0.0907015189567774	-0.913370026836769	0.363181015163888	0.564001100674984	0.00904573591194292	0.983878662274079	-0.0095777025226822	1	FALSE	FALSE
FRMD6	chr14	51651997	51689690	+	1	alternative donor	0.915957093945574	-0.148836722359689	-1.55123686071184	0.123912239036578	0.261106273211525	-0.077589927034957	0.343484295654107	-0.125442349938698	0.239676000764423	FALSE	FALSE
FRMD6	chr14	51652218	51689690	+	1	alternative donor	0.0840429060544256	0.148836722359689	1.55123686071184	0.123912239036578	0.261106273211525	0.0775899270349571	0.343484295654107	0.125442349938698	0.239676000764423	FALSE	FALSE
FRMD6	chr14	51701136	51702511	+	1	alternative donor	0.360933610282649	0.0230162930810878	0.713482017456479	0.47716105649572	0.666457804165071	-0.00920382835086302	0.828078373457571	-0.00577037865846245	1	FALSE	FALSE
FRMD6	chr14	51701160	51702511	+	1	alternative donor	0.639066389717351	-0.0230162930810877	-0.713482017456478	0.477161056495721	0.666457804165071	0.00920382835086303	0.828078373457571	0.00577037865846247	1	FALSE	FALSE
KTN1	chr14	55661613	55667240	+	1	alternative donor	0.662473449571565	-0.0922802057483817	-1.93907093764683	0.0552288431495506	0.138011238465556	-0.0180304002740837	0.751386392255483	-0.0420727881359699	0.575744292454288	FALSE	FALSE
KTN1	chr14	55664042	55667240	+	1	alternative donor	0.337526550428435	0.0922802057483816	1.93907093764683	0.0552288431495507	0.138011238465556	0.0180304002740837	0.751386392255483	0.04207278813597	0.575744292454288	FALSE	FALSE
KTN1	chr14	55673013	55675834	+	1	alternative donor	0.573300615808888	-0.0391145456685759	-1.12348316532419	0.263844099018275	0.450468765442346	0.024717619467501	0.431361196420165	0.0205807060802044	0.801020692772742	FALSE	FALSE
KTN1	chr14	55673256	55675834	+	1	alternative donor	0.426699384191113	0.0391145456685759	1.12348316532419	0.263844099018275	0.450468765442346	-0.024717619467501	0.431361196420165	-0.0205807060802045	0.801020692772742	FALSE	FALSE
HIF1A	chr14	61744814	61746933	+	1	alternative donor	0.052816618430396	-0.0128615534940051	-0.312496579842544	0.755294950712859	0.890705006365513	0.0447624385230595	0.144568822813685	0.0502557216163201	0.292458316033086	FALSE	FALSE
HIF1A	chr14	61745818	61746933	+	1	alternative donor	0.947183381569604	0.0128615534940052	0.312496579842548	0.755294950712856	0.890705006365513	-0.0447624385230596	0.144568822813685	-0.0502557216163201	0.292458316033086	FALSE	FALSE
ACTN1	chr14	68878524	68879961	-	1	alternative donor	0.0914713456345209	-0.427145752050041	-6.26476185855475	8.77364770352678e-09	2.98391758396947e-07	0.12510953654018	0.0131974965887407	0.0528409264211145	0.685750082706529	FALSE	FALSE
ACTN1	chr14	68879070	68879961	-	1	alternative donor	0.908528654365479	0.427145752050041	6.26476185855474	8.77364770352682e-09	2.98391758396947e-07	-0.12510953654018	0.0131974965887407	-0.0528409264211146	0.685750082706529	FALSE	FALSE
SRSF5	chr14	69767252	69768137	+	1	alternative donor	0.312765018662488	0.00664419834380789	0.12477129842166	0.900947799969099	0.984932005044972	-0.0028710975557988	1	-0.00192002200993129	1	FALSE	FALSE
SRSF5	chr14	69767256	69768137	+	1	alternative donor	0.603418953407223	0.0239294167665573	0.840127308734006	0.402782932848276	0.596480782740467	-0.00714527190827188	0.854012442237037	-0.00312218647634639	1	FALSE	FALSE
SRSF5	chr14	69767381	69768137	+	1	alternative donor	0.0838160279302896	0.0215151420437173	0.287636874811665	0.774202644328928	0.899435801664425	0.00180847146098846	1	0.00696584596163828	1	FALSE	FALSE
COX16	chr14	70329237	70359518	-	1	alternative donor	0.121024811387146	-0.0496866935399092	-0.68686945998231	0.493708543168201	0.684509888020813	-0.0663421886585906	0.262019563009037	-0.0898823793417384	0.283277700446563	FALSE	FALSE
COX16	chr14	70342730	70359518	-	1	alternative donor	0.878975188612854	0.0496866935399092	0.686869459982311	0.493708543168201	0.684509888020813	0.0663421886585906	0.262019563009037	0.0898823793417384	0.283277700446563	FALSE	FALSE
LTBP2	chr14	74501030	74508829	-	0	alternative donor	0.125999234874478	-0.0524349132937032	-1.53739356139908	0.127263342629558	0.267174461903165	0.03735896870395	0.146565359571566	0.0326034230237447	0.499584556565982	FALSE	FALSE
LTBP2	chr14	74501030	74511244	-	0	alternative donor	0.0799109738966052	-0.0924886095241643	-1.1014205897168	0.273280842909757	0.463790879566186	0.0743972490913736	0.284306495141247	0.0675993595383574	0.661864351585469	FALSE	FALSE
LTBP2	chr14	74507311	74508603	-	1	alternative donor	0.0860917574552674	-0.0194560778848479	-0.153133961157526	0.878592236775925	0.973231700552616	0.0344399575543168	0.837889846895872	0.0365250633287869	1	FALSE	FALSE
LTBP2	chr14	74508096	74508603	-	1	alternative donor	0.913908242544733	0.0194560778848479	0.153133961157525	0.878592236775925	0.973231700552616	-0.0344399575543168	0.837889846895872	-0.0365250633287869	1	FALSE	FALSE
LTBP2	chr14	74508730	74508829	-	1	alternative donor	0.874000765125522	0.0524349132937033	1.53739356139908	0.127263342629558	0.267174461903165	-0.03735896870395	0.146565359571566	-0.0326034230237447	0.499584556565982	FALSE	FALSE
LTBP2	chr14	74508730	74511244	-	0	alternative donor	0.0798084259350519	-0.0888649325383699	-1.05950542434549	0.291847934060745	0.486556286147349	0.0718497874715337	0.301785183292697	0.0653869699186443	0.685750082706529	FALSE	FALSE
LTBP2	chr14	74510214	74511244	-	1	alternative donor	0.840280600168343	0.112444923786555	1.09142047538223	0.277634380288403	0.46767435728621	-0.0931823091791655	0.270636960737268	-0.0854287939051472	0.632324922787646	FALSE	FALSE
PAPOLA	chr14	96556414	96564954	+	1	alternative donor	0.136425238003313	0.0353168258359553	0.724928038369529	0.470139845421686	0.660175728438959	-0.0144194456847687	0.816540274104291	-0.00920659959186428	1	TRUE	FALSE
PAPOLA	chr14	96562894	96564954	+	1	alternative donor	0.863574761996687	-0.0353168258359552	-0.724928038369527	0.470139845421687	0.660175728438959	0.0144194456847687	0.816540274104291	0.00920659959186426	1	TRUE	FALSE
PPP2R5C	chr14	101786184	101856685	+	1	alternative donor	0.249757826953108	-0.470657848375816	-9.22538857077527	3.89914444785486e-15	3.78885436204411e-13	0.148088167884048	0.00025414645910219	0.0703723366582162	0.189994392512747	FALSE	FALSE
PPP2R5C	chr14	101810037	101856685	+	1	alternative donor	0.750242173046892	0.470657848375816	9.22538857077527	3.89914444785486e-15	3.78885436204411e-13	-0.148088167884048	0.00025414645910219	-0.0703723366582162	0.189994392512747	FALSE	FALSE
CDC42BPB	chr14	102952604	102954601	-	1	alternative donor	0.397580851337757	0.025168499785399	0.348169634084878	0.728423373404719	0.870779575729156	-0.063083935615723	0.291216813246948	-0.0692482072185564	0.499584556565982	FALSE	FALSE
CDC42BPB	chr14	102954276	102954601	-	1	alternative donor	0.602419148662243	-0.025168499785399	-0.348169634084879	0.728423373404719	0.870779575729156	0.063083935615723	0.291216813246948	0.0692482072185564	0.499584556565982	FALSE	FALSE
KLC1	chr14	103679519	103700654	+	1	alternative donor	0.241873716366056	0.272694545139192	3.68352233253291	0.000368594103303326	0.00273709289374369	-0.0917730528719111	0.102941822235845	-0.0478625325800786	0.790958395735541	FALSE	FALSE
KLC1	chr14	103679546	103700654	+	1	alternative donor	0.408530999034643	0.110740641625032	2.34717003101249	0.0208289676937267	0.0657136541060896	0.0102889930666281	0.881572493957352	0.0370179779163451	0.685750082706529	FALSE	FALSE
KLC1	chr14	103687212	103700654	+	1	alternative donor	0.349595284599301	-0.287652733336556	-5.80871003742979	7.06015260370466e-08	1.80538188009019e-06	0.0583657145353675	0.183173176962928	0.00485502101203498	1	FALSE	FALSE
""	chr14	105479048	105488165	+	0	alternative donor		-0.0189748891593438	-0.132074870813023	0.895190449851494	0.981793847128323	0.063559751400918	0.686284115541639	0.0711987092254053	0.865330761437268	FALSE	FALSE
CRIP1	chr14	105487300	105488165	+	1	alternative donor		0.0189748891593439	0.132074870813024	0.895190449851493	0.981793847128323	-0.063559751400918	0.686284115541639	-0.0711987092254053	0.865330761437268	FALSE	FALSE
AVEN	chr15	33962587	34090316	-	0	alternative donor	0.0769859713288896	0.250605672722955	1.81025071933166	0.0731726240714722	0.173300901439469	-0.0481949651573038	0.784713954825261	-0.00107950027341749	1	FALSE	FALSE
EMC7	chr15	34088134	34090316	-	1	alternative donor	0.92301402867111	-0.250605672722955	-1.81025071933166	0.073172624071472	0.173300901439469	0.0481949651573038	0.784713954825261	0.00107950027341748	1	FALSE	FALSE
EMC4	chr15	34227847	34229752	+	1	alternative donor	0.206534027061279	0.0493107892884266	1.039534808252	0.300990167138352	0.497650733319173	-0.00631328903941432	0.95197078235111	0.00355046546653697	1	FALSE	FALSE
EMC4	chr15	34228590	34229752	+	1	alternative donor	0.793465972938721	-0.0493107892884265	-1.039534808252	0.300990167138353	0.497650733319173	0.0063132890394143	0.95197078235111	-0.00355046546653698	1	FALSE	FALSE
""	chr15	34400760	34551137	-	0	alternative donor	0.485981308411215	0.0239804647862251	0.266743338238979	0.790200085237765	0.911315866359322	0.0125333711344726	0.947284879303955	0.0202493311928082	1	FALSE	FALSE
""	chr15	34405056	34552894	-	0	alternative donor		-0.018935874262212	-0.356790974480342	0.721985337443063	0.864298533137577	0.0014197920943396	1	-0.00253367586055359	1	FALSE	FALSE
GOLGA8B	chr15	34546983	34551137	-	1	alternative donor	0.514018691588785	-0.0239804647862251	-0.266743338238979	0.790200085237765	0.911315866359322	-0.0125333711344726	0.947284879303955	-0.0202493311928082	1	FALSE	FALSE
GOLGA8B	chr15	34551277	34552894	-	1	alternative donor		0.018935874262212	0.356790974480342	0.721985337443063	0.864298533137577	-0.0014197920943396	1	0.00253367586055357	1	FALSE	FALSE
THBS1	chr15	39588219	39588958	+	1	alternative donor	0.00393373428069408	0.0238370850785495	1.02816442211375	0.306280937024471	0.503826869772896	-0.0090730177499162	0.731211994371504	-0.00543125193382652	1	FALSE	FALSE
THBS1	chr15	39588700	39588958	+	1	alternative donor	0.996066265719306	-0.0238370850785496	-1.02816442211375	0.306280937024471	0.503826869772896	0.00907301774991627	0.731211994371504	0.00543125193382659	1	FALSE	FALSE
GPR176	chr15	39802255	39807005	-	1	alternative donor	0.908121632408094	-0.185036803503218	-2.30572250430828	0.0231301566064857	0.0711906449037628	0.00792934191167354	0.983443966831359	-0.0320325512857386	0.929960400809207	FALSE	FALSE
GPR176	chr15	39805405	39807005	-	1	alternative donor	0.0918783675919062	0.185036803503218	2.30572250430828	0.0231301566064857	0.0711906449037628	-0.0079293419116735	0.983443966831359	0.0320325512857386	0.929960400809207	FALSE	FALSE
SRP14	chr15	40037019	40038281	-	1	alternative donor	0.891663448037048	0.150452588206895	2.11638411579984	0.0367217281882234	0.0998326119649463	-0.0294885908057617	0.722097216072126	-0.00130627191196412	1	FALSE	FALSE
SRP14	chr15	40037356	40038281	-	1	alternative donor	0.108336551962952	-0.150452588206895	-2.11638411579984	0.0367217281882233	0.0998326119649463	0.0294885908057617	0.722097216072126	0.00130627191196406	1	FALSE	FALSE
ENSG00000262560	chr15	43792384	43792974	+	1	alternative donor		-0.169775623611082	-2.2384259068134	0.0273663387258119	0.0818583271824863	0.0415635208267413	0.60308222081733	0.0113557101763864	1	FALSE	FALSE
ENSG00000262560	chr15	43792612	43792974	+	1	alternative donor		0.169775623611082	2.23842590681339	0.0273663387258121	0.0818583271824863	-0.0415635208267412	0.60308222081733	-0.0113557101763863	1	FALSE	FALSE
GOLM2	chr15	44380977	44413335	+	1	alternative donor	0.499994952693488	0.0602160387146053	1.79700532572054	0.0752654605493406	0.177269966293842	-0.00426429250886267	0.957884598802127	0.00842538639095541	1	FALSE	FALSE
GOLM2	chr15	44403055	44413335	+	1	alternative donor	0.500005047306512	-0.0602160387146053	-1.79700532572054	0.0752654605493406	0.177269966293842	0.00426429250886266	0.957884598802127	-0.00842538639095541	1	FALSE	FALSE
FBN1	chr15	48415645	48481654	-	0	alternative donor	0.0322056585424387	-0.124592409377331	-3.46276896520233	0.000779997733850404	0.00510148517851005	0.032823465388659	0.297142398214828	0.0110572964722101	0.983234759464368	FALSE	FALSE
FBN1	chr15	48432989	48498984	-	0	alternative donor	0.144497571830535	0.0318714388113539	1.46688864076075	0.1454530414332	0.295158588254363	-0.0175700933278625	0.343484295654107	-0.0137183758616994	0.790958395735541	FALSE	FALSE
FBN1	chr15	48441847	48460245	-	0	alternative donor	0.0478248918031302	-0.089580561064369	-1.88002657020972	0.0629301443066581	0.153423240707488	0.0221045495680037	0.680546396015288	0.00617520426597945	1	FALSE	FALSE
FBN1	chr15	48441847	48472550	-	0	alternative donor	0.0548763483737942	-0.012290624817723	-0.385968570665994	0.70031601858894	0.848771635136245	-0.0148867371058687	0.674039906707569	-0.0204246220387587	0.790958395735541	FALSE	FALSE
FBN1	chr15	48445505	48515386	-	0	alternative donor	0.0573536179113102	-0.0527409709701308	-1.51900225768554	0.131825587374376	0.274349942153578	0.0295642058547966	0.306569736437153	0.0232818796811054	0.77737470890332	FALSE	FALSE
FBN1	chr15	48456763	48460245	-	1	alternative donor	0.95217510819687	0.0895805610643688	1.88002657020972	0.0629301443066585	0.153423240707488	-0.0221045495680037	0.680546396015288	-0.00617520426597947	1	FALSE	FALSE
FBN1	chr15	48456763	48465789	-	0	alternative donor	0.0795509339582138	-0.00945444281833582	-0.28656413956319	0.77502169962739	0.899435801664425	0.02316009799505	0.434467060743107	0.0253751975307191	0.685750082706529	FALSE	FALSE
FBN1	chr15	48456763	48472550	-	0	alternative donor	0.0717405984495207	-0.0079423317447372	-0.305369639450362	0.760700903895474	0.892426276008454	-0.02322159882986	0.274684375283861	-0.0293448043835897	0.376498861396169	FALSE	FALSE
FBN1	chr15	48464022	48470633	-	0	alternative donor	0.0713638536963277	-0.126016129508926	-2.57883721548152	0.0113257533115462	0.0406746430966932	0.0931507165782696	0.00234910077695566	0.0823515569798875	0.0768892500279554	FALSE	FALSE
FBN1	chr15	48465694	48465789	-	1	alternative donor	0.920449066041786	0.00945444281833588	0.286564139563192	0.775021699627389	0.899435801664425	-0.02316009799505	0.434467060743107	-0.0253751975307191	0.685750082706529	FALSE	FALSE
FBN1	chr15	48465694	48472550	-	0	alternative donor	0.0717498259542295	-0.00821167603988656	-0.315218040513561	0.753233845494369	0.889974178052583	-0.0233585940409412	0.273225584125208	-0.029567757215762	0.376498861396169	FALSE	FALSE
FBN1	chr15	48468535	48470633	-	1	alternative donor	0.928636146303672	0.126016129508926	2.57883721548152	0.0113257533115461	0.0406746430966932	-0.0931507165782697	0.00234910077695566	-0.0823515569798875	0.0768892500279554	FALSE	FALSE
FBN1	chr15	48470757	48472550	-	1	alternative donor	0.801633227222456	0.0127283867654738	0.407183738861649	0.68471801638895	0.83504076662381	0.0238401382206416	0.382362194612322	0.0311510590072064	0.479294981995654	FALSE	FALSE
FBN1	chr15	48474651	48481654	-	1	alternative donor	0.967794341457561	0.124592409377331	3.46276896520233	0.000779997733850394	0.00510148517851005	-0.032823465388659	0.297142398214828	-0.0110572964722101	0.983234759464368	FALSE	FALSE
FBN1	chr15	48474651	48487311	-	0	alternative donor	0.0379105618702509	-0.162925133808687	-3.23096702634563	0.00165673702111139	0.00931332662611546	0.111270857700745	0.000392011449314977	0.0955945479860961	0.0410245036847029	FALSE	FALSE
FBN1	chr15	48485497	48496099	-	0	alternative donor	0.0755496519359832	-0.0457894448974489	-1.17814933332856	0.241451881939829	0.419610552109025	0.0317665422682985	0.334038183987725	0.0274532559105225	0.745349701160936	FALSE	FALSE
FBN1	chr15	48487201	48487311	-	1	alternative donor	0.962089438129749	0.162925133808687	3.23096702634563	0.00165673702111139	0.00931332662611546	-0.111270857700745	0.000392011449314977	-0.0955945479860961	0.0410245036847029	FALSE	FALSE
FBN1	chr15	48495589	48496099	-	1	alternative donor	0.924450348064017	0.0457894448974488	1.17814933332856	0.24145188193983	0.419610552109025	-0.0317665422682985	0.334038183987725	-0.0274532559105224	0.745349701160936	FALSE	FALSE
FBN1	chr15	48497392	48498984	-	1	alternative donor	0.855502428169466	-0.0318714388113539	-1.46688864076075	0.1454530414332	0.295158588254363	0.0175700933278625	0.343484295654107	0.0137183758616994	0.790958395735541	FALSE	FALSE
FBN1	chr15	48513669	48515386	-	1	alternative donor	0.94264638208869	0.0527409709701307	1.51900225768553	0.131825587374376	0.274349942153578	-0.0295642058547966	0.306569736437153	-0.0232818796811054	0.77737470890332	FALSE	FALSE
SPPL2A	chr15	50725324	50726320	-	1	alternative donor	0.802911706018122	-0.0517961280860641	-0.666286560992898	0.506717572362314	0.696583049152882	0.0521572132740433	0.464747290467522	0.0503131709329517	0.790958395735541	FALSE	FALSE
SPPL2A	chr15	50726127	50726320	-	1	alternative donor	0.197088293981878	0.0517961280860641	0.666286560992899	0.506717572362313	0.696583049152882	-0.0521572132740433	0.464747290467522	-0.0503131709329517	0.790958395735541	FALSE	FALSE
ANXA2	chr15	60364524	60386027	-	1	alternative donor		-0.425292579650024	-2.61269143084393	0.0103973279772146	0.0380730198619683	0.136629253819113	0.33191838012724	0.0675668831443905	0.918734422990594	FALSE	FALSE
ANXA2	chr15	60382442	60386027	-	1	alternative donor		0.425292579650024	2.61269143084393	0.0103973279772146	0.0380730198619683	-0.136629253819113	0.33191838012724	-0.0675668831443905	0.918734422990594	FALSE	FALSE
TPM1	chr15	63043832	63056984	+	1	alternative donor	0.0493771452571564	-0.140823095974676	-1.93741533150411	0.0554333996048115	0.138319143107824	0.0571613245284174	0.368164133152241	0.0363128175802449	0.865330761437268	FALSE	FALSE
TPM1	chr15	63044153	63056984	+	1	alternative donor	0.950622854742844	0.140823095974676	1.93741533150411	0.0554333996048117	0.138319143107824	-0.0571613245284174	0.368164133152241	-0.0363128175802449	0.865330761437268	FALSE	FALSE
TPM1	chr15	63060940	63061712	+	1	alternative donor	0.960546950607028	-0.0697130880726131	-1.50892097248386	0.134380425054391	0.278061656402468	0.0120978533163589	0.849838221698759	-0.00125352676857705	1	FALSE	FALSE
TPM1	chr15	63061274	63061712	+	1	alternative donor	0.0394530493929717	0.0697130880726132	1.50892097248386	0.134380425054391	0.278061656402468	-0.0120978533163589	0.849838221698759	0.00125352676857706	1	FALSE	FALSE
TPM1	chr15	63061274	63062214	+	1	alternative donor	0.484149864187799	0.333268822924833	10.0131146153421	6.91722044762099e-17	9.04825643936884e-15	-0.0649803578321059	0.0353763991457753	-0.0024898404645773	1	FALSE	FALSE
TPM1	chr15	63061789	63062214	+	1	alternative donor	0.515850135812201	-0.333268822924833	-10.0131146153421	6.91722044762099e-17	9.04825643936884e-15	0.0649803578321059	0.0353763991457753	0.00248984046457729	1	FALSE	FALSE
ENSG00000259316	chr15	64366076	64380957	-	1	alternative donor		-0.0918372749362697	-0.895252491265517	0.372780752921531	0.573324618395283	0.0589485192279784	0.52807380302532	0.0504887406623195	0.859518375996927	FALSE	FALSE
ENSG00000259316	chr15	64376906	64380957	-	1	alternative donor		0.0918372749362698	0.895252491265518	0.37278075292153	0.573324618395283	-0.0589485192279785	0.52807380302532	-0.0504887406623195	0.859518375996927	FALSE	FALSE
RPLP1	chr15	69453021	69455169	+	1	alternative donor	0.0153428905118239	0.377213061638114	8.11820661631348	1.07168528128048e-12	8.2836400946249e-11	-0.0892781952624616	0.0188317997396905	-0.0214904581752452	0.893463027732842	FALSE	FALSE
RPLP1	chr15	69453722	69455169	+	1	alternative donor	0.984657109488176	-0.377213061638114	-8.11820661631348	1.07168528128049e-12	8.2836400946249e-11	0.0892781952624614	0.0188317997396905	0.0214904581752451	0.893463027732842	FALSE	FALSE
PKM	chr15	72202621	72206727	-	1	alternative donor	0.899395101400502	0.27689777239492	10.2578940109366	1.97441420109602e-17	2.91955769475118e-15	-0.0860318686905474	0.000185475343525021	-0.0401058432954874	0.139087714927161	FALSE	FALSE
PKM	chr15	72203189	72206727	-	1	alternative donor	0.100604898599498	-0.27689777239492	-10.2578940109366	1.97441420109607e-17	2.91955769475118e-15	0.0860318686905474	0.000185475343525021	0.0401058432954874	0.139087714927161	FALSE	FALSE
ADPGK	chr15	72752893	72755555	-	1	alternative donor	0.50928352110822	-0.051599084120934	-1.03686530545605	0.302226734522187	0.499209870864477	0.0155936938675207	0.800312332292369	0.00695355708436966	1	FALSE	FALSE
ADPGK	chr15	72752896	72755555	-	1	alternative donor	0.49071647889178	0.051599084120934	1.03686530545605	0.302226734522187	0.499209870864477	-0.0155936938675207	0.800312332292369	-0.00695355708436964	1	FALSE	FALSE
CD276	chr15	73702594	73704175	+	1	alternative donor		0	0	1	1	0	1	0	1	FALSE	FALSE
CD276	chr15	73703998	73704175	+	1	alternative donor		0	0	1	1	0	1	0	1	FALSE	FALSE
LOXL1	chr15	73942963	73947066	+	0	alternative donor	0.0214571645674638	0.0589776012966687	0.801674602514574	0.42458683632953	0.615524224363484	-0.0186809492886621	0.852710618761227	-0.00896569960639708	1	FALSE	FALSE
LOXL1	chr15	73946555	73947066	+	1	alternative donor	0.978542835432536	-0.0589776012966687	-0.801674602514573	0.42458683632953	0.615524224363484	0.018680949288662	0.852710618761227	0.00896569960639705	1	FALSE	FALSE
UBE2Q2	chr15	75854488	75868950	+	1	alternative donor	0.118606017395593	0.0440329981844174	0.499603507858983	0.618419854139257	0.791007615358949	0.0385342334046212	0.694106923497671	0.0556058303824419	0.790958395735541	FALSE	FALSE
UBE2Q2	chr15	75859983	75868950	+	1	alternative donor	0.881393982604407	-0.0440329981844174	-0.499603507858982	0.618419854139257	0.791007615358949	-0.0385342334046213	0.694106923497671	-0.0556058303824419	0.790958395735541	FALSE	FALSE
ETFA	chr15	76292701	76311349	-	1	alternative donor		0.161193478995625	1.83846280154501	0.0691187378884244	0.165079232836047	-0.0316507089958707	0.763428603625631	-0.00215893954746265	1	FALSE	FALSE
ETFA	chr15	76295738	76311349	-	1	alternative donor		-0.161193478995625	-1.83846280154501	0.0691187378884244	0.165079232836047	0.0316507089958707	0.763428603625631	0.00215893954746266	1	FALSE	FALSE
MORF4L1	chr15	78880580	78886140	+	1	alternative donor	0.948814988752576	0.0332195124269535	0.7992009647958	0.426013034968343	0.617065729100228	0.000317444711264504	1	0.00781747359393225	1	FALSE	FALSE
MORF4L1	chr15	78885084	78886140	+	1	alternative donor	0.0511850112474238	-0.0332195124269536	-0.799200964795803	0.426013034968342	0.617065729100228	-0.000317444711264475	1	-0.00781747359393225	1	FALSE	FALSE
MFGE8	chr15	88899533	88901550	-	1	alternative donor	0.213759256695816	0.00702236042816876	0.0989002386425848	0.921409702155048	0.996932342607957	-0.0155359357459032	0.875349624249118	-0.0168694701898236	1	FALSE	FALSE
MFGE8	chr15	88899812	88901550	-	1	alternative donor	0.786240743304184	-0.00702236042816878	-0.0989002386425851	0.921409702155048	0.996932342607957	0.0155359357459032	0.875349624249118	0.0168694701898236	1	FALSE	FALSE
METTL26	chr16	634798	635280	-	1	alternative donor		-0.0514541530004868	-0.477235596779892	0.634215340740133	0.802442847417111	0.0573837124660524	0.607467752842146	0.0566113302452848	0.855196191594143	FALSE	FALSE
METTL26	chr16	634957	635280	-	1	alternative donor		0.0514541530004869	0.477235596779892	0.634215340740133	0.802442847417111	-0.0573837124660524	0.607467752842146	-0.0566113302452847	0.855196191594143	FALSE	FALSE
""	chr16	2614069	2697905	+	0	alternative donor	0.490654205607477	0.00141984075379349	0.0200160662216369	0.984069279506843	1	-0.00119570456910954	1	-0.00110137283138018	1	FALSE	FALSE
KCTD5	chr16	2696044	2697905	+	1	alternative donor	0.509345794392523	-0.00141984075379345	-0.0200160662216363	0.984069279506843	1	0.00119570456910952	1	0.00110137283138017	1	FALSE	FALSE
ELOB	chr16	2772103	2776992	-	1	alternative donor	0.0198518955605092	0.0484903130906402	0.827999523373468	0.409585171000742	0.603029942239621	-0.0266201867620498	0.681838806271626	-0.0207391791590632	0.965921227016228	FALSE	FALSE
ELOB	chr16	2775557	2776992	-	1	alternative donor	0.980148104439491	-0.0484903130906402	-0.827999523373469	0.409585171000741	0.603029942239621	0.0266201867620498	0.681838806271626	0.0207391791590632	0.965921227016228	FALSE	FALSE
""	chr16	14708047	14866554	+	0	alternative donor	0.0669772225258903	0.0389781769238327	0.619307846289091	0.537081041723268	0.724558755613183	0.0161188824634403	0.850396197271918	0.0278648614923071	0.909584769224396	FALSE	FALSE
""	chr16	14716197	14758946	+	0	alternative donor	0.5	0	0	1	1	0	1	0	1	FALSE	FALSE
""	chr16	14716197	14945573	+	0	alternative donor	0.333333333333333	6.65777103397391e-18	1.82270657767495e-15	0.999999999999999	1	-2.38296018727407e-18	1	-1.33752482465705e-18	1	FALSE	FALSE
""	chr16	14720235	14762311	+	0	alternative donor	0.5	0	0	1	1	0	1	0	1	FALSE	FALSE
NOMO1	chr16	14720235	14948929	+	0	alternative donor	0.333333333333333	6.65777103397391e-18	1.82270657767495e-15	0.999999999999999	1	-2.38296018727407e-18	1	-1.33752482465705e-18	1	FALSE	FALSE
NOMO1	chr16	14724524	14951614	+	0	alternative donor	0.304467083076027	-0.0276905189231039	-3.42251253181322	0.000891262938817597	0.0057084468077564	0.0115735228189849	0.0407911927821504	0.00753643858744758	0.527999013694237	FALSE	FALSE
""	chr16	14747169	14866554	+	0	alternative donor	0.0669772225258903	0.0389781769238327	0.619307846289091	0.537081041723268	0.724558755613183	0.0161188824634403	0.850396197271918	0.0278648614923071	0.909584769224396	FALSE	FALSE
NPIPA2	chr16	14755321	14758946	+	1	alternative donor	0.5	0	0	1	1	0	1	0	1	FALSE	FALSE
NOMO1	chr16	14755321	14945573	+	0	alternative donor	0.333333333333333	6.65777103397391e-18	1.82270657767495e-15	0.999999999999999	1	-2.38296018727407e-18	1	-1.33752482465705e-18	1	FALSE	FALSE
NPIPA2	chr16	14759355	14762311	+	1	alternative donor	0.5	0	0	1	1	0	1	0	1	FALSE	FALSE
NOMO1	chr16	14759355	14948929	+	0	alternative donor	0.333333333333333	6.65777103397391e-18	1.82270657767495e-15	0.999999999999999	1	-2.38296018727407e-18	1	-1.33752482465705e-18	1	FALSE	FALSE
NOMO1	chr16	14763644	14951614	+	0	alternative donor	0.304467083076027	-0.0276905189231039	-3.42251253181322	0.000891262938817597	0.0057084468077564	0.0115735228189849	0.0407911927821504	0.00753643858744758	0.527999013694237	FALSE	FALSE
NOMO1	chr16	14865156	14866554	+	1	alternative donor	0.866045554948219	-0.0380319493583552	-0.505407658600616	0.614352356145572	0.788831988852593	-0.0292584283041753	0.731211994371504	-0.0432505870437681	0.823808781693801	FALSE	FALSE
NPIPA1	chr16	14929714	14930165	+	1	alternative donor		0.0790534790325828	0.6346804294249	0.52708626866814	0.717101805735655	-0.0590747160805256	0.664166203999123	-0.052499423135852	0.91701834432199	FALSE	FALSE
NPIPA1	chr16	14929871	14930165	+	1	alternative donor		-0.0790534790325827	-0.6346804294249	0.52708626866814	0.717101805735655	0.0590747160805255	0.664166203999123	0.052499423135852	0.91701834432199	FALSE	FALSE
NPIPA1	chr16	14935398	14941811	+	1	alternative donor	0.463797293270224	0.112123103417721	1.81246027689796	0.0728282484241001	0.172725852782681	-0.0607045859188012	0.220984483349373	-0.0469472865983727	0.687935454745823	FALSE	FALSE
NPIPA1	chr16	14937651	14941811	+	1	alternative donor	0.536202706729776	-0.112123103417721	-1.81246027689796	0.0728282484241001	0.172725852782681	0.0607045859188012	0.220984483349373	0.0469472865983727	0.687935454745823	FALSE	FALSE
NPIPA1	chr16	14941941	14945573	+	1	alternative donor	0.333333333333333	6.65777103397391e-18	1.82270657767495e-15	0.999999999999999	1	-2.38296018727407e-18	1	-1.33752482465705e-18	1	FALSE	FALSE
NPIPA1	chr16	14945982	14948929	+	1	alternative donor	0.333333333333333	6.65777103397391e-18	1.82270657767495e-15	0.999999999999999	1	-2.38296018727407e-18	1	-1.33752482465705e-18	1	FALSE	FALSE
NPIPA1	chr16	14950256	14951614	+	1	alternative donor	0.304467083076027	-0.0276905189231039	-3.42251253181322	0.000891262938817597	0.0057084468077564	0.0115735228189849	0.0407911927821504	0.00753643858744758	0.527999013694237	FALSE	FALSE
NPIPA1	chr16	14950822	14951614	+	1	alternative donor	0.0865987507719188	0.218343083189773	3.38708496063141	0.00100136882035949	0.00614739234303723	-0.094278076111846	0.0353763991457753	-0.063010052760899	0.48353713966026	FALSE	FALSE
""	chr16	15104759	15365428	-	0	alternative donor	0.138193126379879	-0.0470750802230252	-0.321183160887179	0.748722401893056	0.887794498829799	0.073551998453314	0.638443625267076	0.0767678887577474	0.856793885294988	FALSE	FALSE
""	chr16	15106321	15366652	-	0	alternative donor	0.471812508353639	0.0941961837152344	0.969758626368721	0.334438546792171	0.530884918919877	-0.017992903947038	0.90690023983548	-0.000260534311468115	1	FALSE	FALSE
""	chr16	15119055	15378086	-	0	alternative donor	0.499816485838078	0.000422741675659234	0.114151032049981	0.909340285032555	0.98712617599608	-0.000112119694776851	1	-3.8407414374734e-05	1	FALSE	FALSE
NPIPA5	chr16	15364070	15365428	-	1	alternative donor	0.589035682317029	-0.188733183399769	-3.91638994969136	0.000161796159213457	0.00137567184371242	0.0721339805624866	0.0345566287030458	0.043355430866641	0.563425713612506	FALSE	FALSE
NPIPA5	chr16	15364933	15365428	-	1	alternative donor	0.272771191303093	0.202101440048657	4.42760976620692	2.37779272580274e-05	0.000265589135570054	-0.0821378756188216	0.00774627482741475	-0.0522365576650562	0.367773004099206	FALSE	FALSE
NPIPA5	chr16	15365635	15366652	-	1	alternative donor	0.528187491646361	-0.0941961837152344	-0.969758626368722	0.334438546792171	0.530884918919877	0.017992903947038	0.90690023983548	0.000260534311468043	1	FALSE	FALSE
NPIPA5	chr16	15373844	15378086	-	1	alternative donor	0.500183514161922	-0.000422741675659236	-0.114151032049982	0.909340285032555	0.98712617599608	0.00011211969477685	1	3.84074143747326e-05	1	FALSE	FALSE
ENSG00000183889	chr16	16328199	16328650	+	1	alternative donor		0.0787331763017293	0.632025539161607	0.528812504788304	0.717101805735655	-0.058947356205558	0.664166203999123	-0.0524195197354543	0.91701834432199	FALSE	FALSE
ENSG00000183889	chr16	16328356	16328650	+	1	alternative donor		-0.0787331763017295	-0.632025539161608	0.528812504788303	0.717101805735655	0.058947356205558	0.664166203999123	0.0524195197354543	0.91701834432199	FALSE	FALSE
""	chr16	16329561	16374350	+	0	alternative donor		-0.00106690811078048	-0.260861865728427	0.79472497440018	0.913921829260072	8.10352123535495e-05	1	-0.000142475354848419	1	FALSE	FALSE
ENSG00000183889	chr16	16333764	16340305	+	1	alternative donor	0.150772473873681	-0.00553074524836505	-0.0558454465671236	0.955573115853365	1	0.0394684072012528	0.724659214924882	0.0456132779869391	0.894056176820071	FALSE	FALSE
""	chr16	16333764	16383663	+	0	alternative donor	0.110175482396675	-0.025930249281311	-0.298380912502038	0.766013558799183	0.893295693252114	0.0403581950074276	0.676010069228796	0.0421003613258173	0.875851163913888	FALSE	FALSE
ENSG00000183889	chr16	16333885	16340305	+	1	alternative donor	0.333137248916722	0.0428352434847679	0.85540873072968	0.394310373416258	0.589214149707794	-0.034118056285753	0.454738786718127	-0.0309063804966395	0.790958395735541	FALSE	FALSE
""	chr16	16333885	16383663	+	0	alternative donor	0.260141430348279	0.0152568135220145	0.30085461334486	0.764131821999555	0.892824794415407	-0.0267700120455038	0.612453637029935	-0.0283608083192086	0.841495171097215	FALSE	FALSE
ENSG00000183889	chr16	16336138	16340305	+	1	alternative donor	0.516090277209596	-0.030679572190296	-0.571758004234481	0.568731601809035	0.751229067483846	0.0166898642407268	0.800312332292369	0.0129404344498262	1	FALSE	FALSE
""	chr16	16336138	16383663	+	0	alternative donor	0.405944084189158	-0.0586252386533231	-1.03125339775323	0.304837452169702	0.502545891822179	0.0190503552376809	0.78944915403528	0.00948313689507155	1	FALSE	FALSE
""	chr16	16347511	16391890	+	0	alternative donor	0.499896157840083	-0.00042789933981239	-0.116266739642507	0.907667533164585	0.985939725420874	2.36276303623357e-06	1	-9.30378565169156e-05	1	FALSE	FALSE
ENSG00000183889	chr16	16348733	16350091	+	1	alternative donor	0.786655141422787	-0.218343083189773	-3.38708496063141	0.00100136882035949	0.00614739234303723	0.0942780761118461	0.0353763991457753	0.063010052760899	0.48353713966026	FALSE	FALSE
""	chr16	16348733	16393455	+	0	alternative donor	0.438485846093842	-0.0478119147620185	-3.66446638343306	0.000393707880659519	0.00287339163545713	0.0200813591578431	0.0262664236271228	0.0131290313569585	0.474131077937937	FALSE	FALSE
ENSG00000183889	chr16	16349299	16350091	+	1	alternative donor	0.213344858577214	0.218343083189773	3.3870849606314	0.00100136882035949	0.00614739234303723	-0.0942780761118461	0.0353763991457753	-0.063010052760899	0.48353713966026	FALSE	FALSE
""	chr16	16372860	16374350	+	1	alternative donor		0.00106690811078049	0.260861865728431	0.794724974400177	0.913921829260072	-8.1035212353548e-05	1	0.000142475354848425	1	FALSE	FALSE
NPIPA7	chr16	16377057	16383663	+	1	alternative donor	0.223739003065888	0.141137889330155	1.86400449003908	0.0651690215355601	0.157863135500313	-0.0304932221078502	0.726933980894644	-0.00458519187284511	1	FALSE	FALSE
NPIPA7	chr16	16390875	16391890	+	1	alternative donor	0.500103842159917	0.000427899339812388	0.116266739642507	0.907667533164586	0.985939725420874	-2.36276303623353e-06	1	9.30378565169151e-05	1	FALSE	FALSE
NPIPA7	chr16	16392097	16393455	+	1	alternative donor	0.438485846093842	-0.0478119147620185	-3.66446638343306	0.000393707880659519	0.00287339163545713	0.0200813591578431	0.0262664236271228	0.0131290313569585	0.474131077937937	FALSE	FALSE
NPIPA7	chr16	16392663	16393455	+	1	alternative donor	0.123028307812316	0.218343083189773	3.3870849606314	0.00100136882035949	0.00614739234303723	-0.094278076111846	0.0353763991457753	-0.063010052760899	0.48353713966026	FALSE	FALSE
NPIPA8	chr16	18318436	18319794	-	1	alternative donor	0.681370843257615	-0.225475801807031	-4.8357944685035	4.65603265933293e-06	6.51652966024339e-05	0.0909946873977823	0.00378091067385408	0.0575147989105138	0.283277700446563	FALSE	FALSE
""	chr16	18318436	18359947	-	1	alternative donor	0.402715126642149	-0.0756018807565361	-4.8837224284023	3.82423087664876e-06	5.70447772433441e-05	0.0326729375749752	0.00147677948473481	0.0218517067609301	0.181411588405581	FALSE	FALSE
NPIPA8	chr16	18319299	18319794	-	1	alternative donor	0.318629156742385	0.225475801807031	4.8357944685035	4.6560326593329e-06	6.51652966024339e-05	-0.0909946873977823	0.00378091067385408	-0.0575147989105138	0.283277700446563	FALSE	FALSE
""	chr16	18320001	18361169	-	0	alternative donor	0.499896157840083	-0.00042789933981239	-0.116266739642507	0.907667533164585	0.985939725420874	2.36276303623357e-06	1	-9.30378565169156e-05	1	FALSE	FALSE
""	chr16	18328243	18372577	-	0	alternative donor	0.4999518258021	0.000255265362629865	0.0697707818877488	0.944511382465391	1	8.55654028903495e-05	1	0.000158748182868183	1	FALSE	FALSE
""	chr16	18328243	18374831	-	0	alternative donor	0.208795938362861	0.010377091385758	0.264491243019394	0.791929937033243	0.911764968127982	0.0149733491857405	0.737594343865282	0.0200988363034909	0.86095732319391	FALSE	FALSE
""	chr16	18332541	18374831	-	0	alternative donor	0.125206034810173	-0.0939518846464899	-1.37627406261704	0.171721569470817	0.333728604440142	0.0361525083832459	0.617603714263349	0.0218721198669585	0.983234759464368	FALSE	FALSE
""	chr16	18332732	18374831	-	0	alternative donor	0.170056581728627	0.0422228859555344	0.764999342173904	0.446021190955203	0.637628444909057	-0.0394996105817934	0.422156605171469	-0.0374318634089502	0.765187920610598	FALSE	FALSE
NPIPA9	chr16	18337557	18379154	-	0	alternative donor		-0.000264668362578518	-0.0719456045220856	0.942786080323872	1	0.000149835854186932	1	0.000118641085105401	1	FALSE	FALSE
NPIPA9	chr16	18358589	18359947	-	1	alternative donor	0.402715126642149	-0.0756018807565361	-4.8837224284023	3.82423087664876e-06	5.70447772433441e-05	0.0326729375749752	0.00147677948473481	0.0218517067609301	0.181411588405581	FALSE	FALSE
NPIPA9	chr16	18359452	18359947	-	1	alternative donor	0.194569746715703	0.225475801807031	4.83579446850349	4.65603265933297e-06	6.51652966024339e-05	-0.0909946873977823	0.00378091067385408	-0.0575147989105138	0.283277700446563	FALSE	FALSE
NPIPA9	chr16	18360154	18361169	-	1	alternative donor	0.500103842159917	0.000427899339812388	0.116266739642507	0.907667533164586	0.985939725420874	-2.36276303623353e-06	1	9.30378565169151e-05	1	FALSE	FALSE
NPIPA9	chr16	18368387	18372577	-	1	alternative donor	0.5000481741979	-0.000255265362629865	-0.0697707818877489	0.944511382465391	1	-8.55654028903495e-05	1	-0.000158748182868183	1	FALSE	FALSE
NPIPA9	chr16	18368387	18374831	-	1	alternative donor	0.208795938362861	0.010377091385758	0.264491243019394	0.791929937033243	0.911764968127982	0.0149733491857405	0.737594343865282	0.0200988363034909	0.86095732319391	FALSE	FALSE
NPIPA9	chr16	18372664	18374831	-	1	alternative donor	0.116896837533171	-0.0512107931235448	-0.846904437342906	0.399011873192836	0.592334954486615	0.0210794388494063	0.779517397761986	0.0135525351287381	1	FALSE	FALSE
NPIPA9	chr16	18372855	18374831	-	1	alternative donor	0.170248669202307	0.0426222867014715	0.772274572753394	0.441720227918789	0.632011146466892	-0.0407387461264684	0.405684784666432	-0.0388133545124232	0.748927830086642	FALSE	FALSE
NPIPA9	chr16	18377659	18379154	-	1	alternative donor		0.00026466836257852	0.0719456045220862	0.942786080323872	1	-0.000149835854186936	1	-0.000118641085105405	1	FALSE	FALSE
NOMO2	chr16	18418485	18506872	-	0	alternative donor	0.499975930733074	4.60990200979991e-05	0.0126192835543238	0.989955946216557	1	-1.21316383337095e-05	1	-4.07575400020978e-06	1	FALSE	FALSE
NOMO2	chr16	18424394	18509165	-	0	alternative donor	0.499987055686437	9.93144582011643e-05	0.0271863748774994	0.978363686986221	1	-1.60851428250098e-05	1	3.15053890531211e-06	1	FALSE	FALSE
NOMO2	chr16	18426732	18511545	-	0	alternative donor	0.499894821672479	-0.000305555905036352	-0.0832932346605623	0.933780042672873	1	0.000165504695346117	1	0.000128027319885991	1	FALSE	FALSE
NOMO2	chr16	18429121	18513349	-	0	alternative donor	0.499837628622675	0.00015499997237847	0.0418422119796778	0.966705487162768	1	-3.63952724428622e-05	1	-8.48649989514068e-06	1	FALSE	FALSE
NOMO2	chr16	18431949	18515882	-	0	alternative donor	0.499965045805024	0.00030769019844381	0.0841972231093967	0.933063055821527	1	-9.79570384709712e-05	1	-4.73649364281277e-05	1	FALSE	FALSE
NOMO2	chr16	18433476	18517188	-	0	alternative donor	0.499984221126479	4.66097739442044e-05	0.0127596886019189	0.98984419985679	1	4.72479954993811e-06	1	1.60485528720585e-05	1	FALSE	FALSE
NOMO2	chr16	18434768	18519228	-	1	alternative donor	0.49938318988904	0.000645628086008521	0.173542403563226	0.862565703424534	0.963792180251737	0.000525253789385812	0.947620238317333	0.00076812761808191	1	FALSE	FALSE
NOMO2	chr16	18501084	18506872	-	1	alternative donor	0.500024069266926	-4.60990200980004e-05	-0.0126192835543241	0.989955946216557	1	1.21316383337096e-05	1	4.07575400020957e-06	1	FALSE	FALSE
NOMO2	chr16	18506993	18509165	-	1	alternative donor	0.500012944313563	-9.93144582011642e-05	-0.0271863748774994	0.978363686986221	1	1.60851428250098e-05	1	-3.15053890531211e-06	1	FALSE	FALSE
NOMO2	chr16	18509268	18511545	-	1	alternative donor	0.500105178327521	0.000305555905036352	0.0832932346605623	0.933780042672873	1	-0.000165504695346117	1	-0.000128027319885991	1	FALSE	FALSE
NOMO2	chr16	18511657	18513349	-	1	alternative donor	0.500162371377325	-0.000154999972378471	-0.0418422119796779	0.966705487162768	1	3.63952724428624e-05	1	8.48649989514075e-06	1	FALSE	FALSE
NOMO2	chr16	18514484	18515882	-	1	alternative donor	0.500034954194977	-0.000307690198443808	-0.0841972231093962	0.933063055821527	1	9.79570384709704e-05	1	4.73649364281272e-05	1	FALSE	FALSE
NOMO2	chr16	18516011	18517188	-	1	alternative donor	0.500015778873521	-4.66097739442015e-05	-0.0127596886019181	0.98984419985679	1	-4.7247995499375e-06	1	-1.60485528720572e-05	1	FALSE	FALSE
NOMO2	chr16	18517303	18519228	-	1	alternative donor	0.50061681011096	-0.000645628086008533	-0.173542403563229	0.862565703424531	0.963792180251737	-0.000525253789385807	0.947620238317333	-0.000768127618081907	1	FALSE	FALSE
""	chr16	29384290	29487193	-	0	alternative donor	0.5	0	0	1	1	0	1	0	1	FALSE	FALSE
NPIPB12	chr16	29444500	29548537	-	0	alternative donor	0.499859186432049	-0.000156407894677398	-0.0426126011406027	0.966092847430629	1	-2.99754088114866e-05	1	-7.06160261613156e-05	1	FALSE	FALSE
BOLA2-SMG1P6	chr16	29446923	29454015	-	1	alternative donor	0.129779735192708	-0.061722786260522	-0.494772280228227	0.621814613984503	0.792782541863324	0.0309917621679615	0.857399120772402	0.0229647166925385	1	FALSE	FALSE
BOLA2-SMG1P6	chr16	29447027	29454015	-	1	alternative donor	0.230670433697512	0.0686816537382829	0.624598965822782	0.533615442175349	0.722462626926099	0.000170748850144541	1	0.0155862893074368	1	FALSE	FALSE
BOLA2-SMG1P6	chr16	29453733	29454015	-	1	alternative donor	0.639549831109781	0.0811633721194326	0.875179609962175	0.383512454392609	0.580480473186527	-0.018048305472456	0.897740546257431	-0.00324544257286005	1	FALSE	FALSE
NPIPB12	chr16	29485834	29487193	-	1	alternative donor	0.5	0	0	1	1	0	1	0	1	FALSE	FALSE
""	chr16	29546268	29548537	-	1	alternative donor	0.500140813567951	0.0001564078946774	0.0426126011406032	0.966092847430628	1	2.99754088114868e-05	1	7.06160261613163e-05	1	FALSE	FALSE
ENSG00000285043	chr16	30064506	30067233	+	1	alternative donor	0.217094799875828	-0.113797357200649	-2.50875892796375	0.0136749307204731	0.0481453823812929	0.0305095279253994	0.475628551183765	0.0107283921184137	1	FALSE	FALSE
ENSG00000285043	chr16	30065928	30067233	+	1	alternative donor	0.782905200124173	0.113797357200649	2.50875892796375	0.013674930720473	0.0481453823812929	-0.0305095279253994	0.475628551183765	-0.0107283921184137	1	FALSE	FALSE
MAPK3	chr16	30114709	30116635	-	1	alternative donor	0.846088268414009	0.428008554579843	3.53594130130727	0.000610477770906815	0.00415499096233084	-0.137420647587378	0.152973851514803	-0.0672619211557698	0.844122950101577	FALSE	FALSE
MAPK3	chr16	30115646	30116635	-	1	alternative donor	0.153911731585991	-0.428008554579843	-3.53594130130727	0.000610477770906815	0.00415499096233084	0.137420647587378	0.152973851514803	0.0672619211557698	0.844122950101577	FALSE	FALSE
ENSG00000255439	chr16	31091343	31093311	-	1	alternative donor	0.952031660175075	0.022821619191994	0.309718930355669	0.757400434698342	0.890705006365513	-0.0490116997632499	0.467803958187632	-0.0530690298786124	0.728221025506894	FALSE	FALSE
ENSG00000255439	chr16	31091343	31094556	-	1	alternative donor		0.409642964847606	4.14042511082699	7.2488524569686e-05	0.000684815200170841	-0.0354748729699924	0.790938480134269	0.0496170242966183	0.865330761437268	FALSE	FALSE
ENSG00000255439	chr16	31092867	31093311	-	1	alternative donor	0.0479683398249251	-0.022821619191994	-0.309718930355668	0.757400434698343	0.890705006365513	0.0490116997632499	0.467803958187632	0.0530690298786124	0.728221025506894	FALSE	FALSE
ENSG00000255439	chr16	31093422	31094556	-	1	alternative donor		-0.409642964847606	-4.14042511082699	7.24885245696862e-05	0.000684815200170841	0.0354748729699923	0.790938480134269	-0.0496170242966183	0.865330761437268	FALSE	FALSE
BRD7	chr16	50320775	50321981	-	1	alternative donor	0.627892658631909	0.0280994780261504	0.491172400622996	0.624349466455756	0.794690320140728	-0.037319719976107	0.475628551183765	-0.0380075818325328	0.78017861755723	FALSE	FALSE
BRD7	chr16	50320778	50321981	-	1	alternative donor	0.372107341368091	-0.0280994780261504	-0.491172400622996	0.624349466455756	0.794690320140728	0.037319719976107	0.475628551183765	0.0380075818325328	0.78017861755723	FALSE	FALSE
""	chr16	56609058	56618588	+	0	alternative donor	0.934182985871671	0.0268945530699241	0.272169819058256	0.786036284821064	0.908109450595556	0.000216707665792052	1	0.00628120065578241	1	FALSE	FALSE
""	chr16	56618245	56618588	+	1	alternative donor	0.0658170141283288	-0.0268945530699242	-0.272169819058256	0.786036284821064	0.908109450595556	-0.000216707665792083	1	-0.00628120065578243	1	FALSE	FALSE
""	chr16	56618245	56626879	+	0	alternative donor	0.288112646535938	0.0933533292429571	1.11181602131971	0.268805653176272	0.458249637319549	-0.0260212197141489	0.801481525860693	-0.00997955711602271	1	FALSE	FALSE
MT1E	chr16	56626532	56626879	+	1	alternative donor	0.711887353464062	-0.0933533292429571	-1.11181602131971	0.268805653176272	0.458249637319549	0.0260212197141489	0.801481525860693	0.00997955711602273	1	FALSE	FALSE
CBFB	chr16	67082309	67098709	+	1	alternative donor	0.450470822516414	0.0708894816432237	0.811296933127618	0.419065984664051	0.610644136179279	-0.0296603734504778	0.788331039393711	-0.0193310606274433	1	FALSE	FALSE
CBFB	chr16	67082340	67098709	+	1	alternative donor	0.549529177483586	-0.0708894816432236	-0.811296933127618	0.419065984664051	0.610644136179279	0.0296603734504778	0.788331039393711	0.0193310606274433	1	FALSE	FALSE
NQO1	chr16	69711282	69714963	-	1	alternative donor	0.072754828651105	0.255750006944412	2.51140065918646	0.0135789997239105	0.0479068237147506	-0.131378780613863	0.0699454990993598	-0.0986729264681849	0.491589251289279	FALSE	FALSE
NQO1	chr16	69713130	69714963	-	1	alternative donor	0.927245171348895	-0.255750006944412	-2.51140065918646	0.0135789997239105	0.0479068237147506	0.131378780613863	0.0699454990993598	0.0986729264681849	0.491589251289279	FALSE	FALSE
NQO1	chr16	69713130	69718122	-	1	alternative donor	0.110436179250536	0.104003985570074	1.50516512047433	0.135342119667571	0.279307371959592	-0.0187824403107043	0.838155612483686	0.00099901594820775	1	FALSE	FALSE
NQO1	chr16	69715078	69718122	-	1	alternative donor	0.889563820749465	-0.104003985570074	-1.50516512047433	0.135342119667571	0.279307371959592	0.0187824403107043	0.838155612483686	-0.000999015948207754	1	FALSE	FALSE
ENSG00000260537	chr16	70325689	70366084	+	1	alternative donor	0.361264169717718	-0.00889178193992428	-0.147748343309415	0.882830219891667	0.975472897287707	0.0488756675093872	0.334038183987725	0.0560276107844694	0.527999013694237	FALSE	FALSE
ENSG00000260537	chr16	70330069	70370222	+	0	alternative donor		0	0	1	1	0	1	0	1	FALSE	FALSE
ENSG00000260537	chr16	70331885	70371371	+	0	alternative donor		0	0	1	1	0	1	0	1	FALSE	FALSE
ENSG00000260537	chr16	70365132	70366084	+	1	alternative donor	0.638735830282282	0.00889178193992427	0.147748343309415	0.882830219891668	0.975472897287707	-0.0488756675093872	0.334038183987725	-0.0560276107844694	0.527999013694237	FALSE	FALSE
ENSG00000260537	chr16	70366862	70370222	+	1	alternative donor		0	0	1	1	0	1	0	1	FALSE	FALSE
ENSG00000260537	chr16	70370386	70371371	+	1	alternative donor		0	0	1	1	0	1	0	1	FALSE	FALSE
ENSG00000286221	chr16	80976180	80981805	-	1	alternative donor	0.842958124350716	-0.0190955275917205	-0.173106879650287	0.862907141683781	0.963792180251737	-0.0959629316199001	0.292718211649474	-0.118192576703453	0.425255625789379	FALSE	FALSE
ENSG00000286221	chr16	80980880	80981805	-	1	alternative donor	0.157041875649284	0.0190955275917207	0.173106879650289	0.86290714168378	0.963792180251737	0.0959629316199001	0.292718211649474	0.118192576703453	0.425255625789379	FALSE	FALSE
ZDHHC7	chr16	84981995	84990303	-	1	alternative donor	0.616948031606979	0.106889594657734	2.0070506831613	0.0473642087903705	0.122685204947487	-0.0183577852149546	0.788331039393711	0.00214944515937707	1	FALSE	FALSE
ZDHHC7	chr16	84988874	84990303	-	1	alternative donor	0.383051968393021	-0.106889594657734	-2.0070506831613	0.0473642087903706	0.122685204947487	0.0183577852149546	0.788331039393711	-0.00214944515937704	1	FALSE	FALSE
APRT	chr16	88809707	88810069	-	1	alternative donor	0.346411617831949	0.127798279449894	3.12498849336968	0.00231025173723764	0.0118867869263921	-0.053115346258745	0.0736566059401999	-0.0344272774529219	0.618142836076918	FALSE	FALSE
APRT	chr16	88809841	88810069	-	1	alternative donor	0.653588382168051	-0.127798279449894	-3.12498849336968	0.00231025173723763	0.0118867869263921	0.053115346258745	0.0736566059401999	0.034427277452922	0.618142836076918	FALSE	FALSE
YWHAE	chr17	1365059	1400046	-	1	alternative donor	0.968163451021761	0.05433088689545	0.96185032328267	0.338377429003083	0.535021655127369	-0.0251243134880951	0.689289910634612	-0.0176552653854273	0.983234759464368	FALSE	FALSE
YWHAE	chr17	1369742	1400046	-	1	alternative donor	0.0318365489782388	-0.0543308868954501	-0.961850323282672	0.338377429003082	0.535021655127369	0.0251243134880951	0.689289910634612	0.0176552653854273	0.983234759464368	FALSE	FALSE
RNASEK	chr17	7012758	7013665	+	1	alternative donor	0.152423543867988	0.0950698897362075	1.18945694756873	0.2369946315096	0.415687850316736	-0.0384194626509413	0.661241366787301	-0.0243127560046826	0.983234759464368	FALSE	FALSE
RNASEK	chr17	7012762	7013665	+	1	alternative donor	0.847576456132012	-0.0950698897362076	-1.18945694756873	0.2369946315096	0.415687850316736	0.0384194626509413	0.661241366787301	0.0243127560046826	0.983234759464368	FALSE	FALSE
RNASEK-C17orf49	chr17	7016526	7016909	+	1	alternative donor	0.0727416867875411	0.0657931708762297	0.914452371040272	0.362614957949407	0.564001100674984	-0.000488782612439212	1	0.0141563998547359	1	FALSE	FALSE
RNASEK-C17orf49	chr17	7016686	7016909	+	1	alternative donor	0.927258313212459	-0.0657931708762296	-0.914452371040271	0.362614957949407	0.564001100674984	0.00048878261243923	1	-0.0141563998547359	1	FALSE	FALSE
EIF5A	chr17	7307753	7309614	+	1	alternative donor		-0.049463012535905	-0.703666234488356	0.483275879055697	0.67278807395351	0.0283408050185222	0.722097216072126	0.0226704197343756	0.982438621677276	FALSE	FALSE
EIF5A	chr17	7308114	7309614	+	1	alternative donor		0.0494630125359051	0.703666234488357	0.483275879055697	0.67278807395351	-0.0283408050185222	0.722097216072126	-0.0226704197343756	0.982438621677276	FALSE	FALSE
PLSCR3	chr17	7392953	7393466	-	1	alternative donor	0.200099656138768	0.24003529379863	2.19776865570569	0.0302050934417152	0.0878013015344216	-0.0568527941571391	0.634399996855173	-0.0137246149980331	1	FALSE	FALSE
PLSCR3	chr17	7393365	7393466	-	1	alternative donor	0.799900343861232	-0.24003529379863	-2.19776865570569	0.0302050934417152	0.0878013015344216	0.0568527941571391	0.634399996855173	0.0137246149980331	1	FALSE	FALSE
""	chr17	16439415	16440184	+	1	alternative donor	0.697903805911605	0.0724051873975212	1.62453029238902	0.107319018296635	0.232627139086587	-0.0125892992192365	0.831339297884748	0.00127312955538438	1	FALSE	FALSE
""	chr17	16439704	16440184	+	1	alternative donor	0.302096194088396	-0.0724051873975212	-1.62453029238902	0.107319018296635	0.232627139086587	0.0125892992192365	0.831339297884748	-0.0012731295553844	1	FALSE	FALSE
""	chr17	16440254	16441367	+	1	alternative donor	0.108721348610613	0.023500487967942	0.782887882700279	0.435489272668015	0.626257512196161	-0.00772944901611005	0.849993191454597	-0.00391172347716668	1	FALSE	FALSE
""	chr17	16441131	16441367	+	1	alternative donor	0.891278651389387	-0.0235004879679422	-0.782887882700283	0.435489272668013	0.626257512196161	0.00772944901611005	0.849993191454597	0.00391172347716668	1	FALSE	FALSE
MPRIP	chr17	17161357	17171717	+	1	alternative donor		0.113508572544284	0.871154388581527	0.3857989451521	0.581725546066663	-0.0298870313562023	0.865357879812485	-0.0104394936621663	1	FALSE	FALSE
MPRIP	chr17	17167916	17171717	+	1	alternative donor		-0.113508572544284	-0.871154388581527	0.385798945152101	0.581725546066663	0.0298870313562023	0.865357879812485	0.0104394936621662	1	FALSE	FALSE
FLII	chr17	18251814	18251998	-	1	alternative donor		0.0285887111647547	0.468293334491298	0.640604236766472	0.805134888855422	-0.0150235312445662	0.85740388599001	-0.011476688732156	1	FALSE	FALSE
FLII	chr17	18251817	18251998	-	1	alternative donor		-0.0285887111647547	-0.468293334491299	0.640604236766472	0.805134888855422	0.0150235312445662	0.85740388599001	0.011476688732156	1	FALSE	FALSE
RAB34	chr17	28715902	28716902	-	1	alternative donor		-0.0108298265838717	-0.0851359315104499	0.932321857989394	1	0.0535503878472358	0.703371167201205	0.0610963984594546	0.875851163913888	FALSE	FALSE
RAB34	chr17	28716059	28716902	-	1	alternative donor		0.0205313369383759	0.158516166874881	0.874366600298699	0.972439767042471	-0.0154574271161116	0.962364619341728	-0.0137693303372532	1	FALSE	FALSE
RAB34	chr17	28716062	28716902	-	1	alternative donor		0.0930271289113007	0.745192007155576	0.457886262212992	0.647467817162108	-0.0557644068563145	0.685774411613939	-0.0454632278701098	0.954354195671919	FALSE	FALSE
ZNF207	chr17	32365488	32367771	+	1	alternative donor	0.385702615031459	0.273460974916962	4.3821504620658	2.83631867366356e-05	0.000305263285099044	-0.097523292918631	0.0273892856421935	-0.05451684781842	0.588488240788081	FALSE	FALSE
ZNF207	chr17	32366758	32367771	+	1	alternative donor	0.614297384968541	-0.273460974916962	-4.3821504620658	2.83631867366357e-05	0.000305263285099044	0.097523292918631	0.0273892856421935	0.05451684781842	0.588488240788081	FALSE	FALSE
GGNBP2	chr17	36578187	36579244	+	1	alternative donor	0.638528029047126	-0.132085931147915	-3.18428609843096	0.00191984662227155	0.0102987355872958	0.0287802084034015	0.468292433198249	0.00457920557072616	1	FALSE	FALSE
GGNBP2	chr17	36578193	36579244	+	1	alternative donor	0.361471970952874	0.132085931147915	3.18428609843097	0.00191984662227154	0.0102987355872958	-0.0287802084034015	0.468292433198249	-0.00457920557072615	1	FALSE	FALSE
ARHGAP23	chr17	38497827	38500596	+	1	alternative donor	0.214804064141203	0.103846220864296	1.57272340270527	0.118849725516701	0.252157153139301	-0.0443715987622199	0.467803958187632	-0.0294126472199148	0.908552550007806	FALSE	FALSE
ARHGAP23	chr17	38498511	38500596	+	1	alternative donor	0.785195935858797	-0.103846220864296	-1.57272340270527	0.118849725516701	0.252157153139301	0.0443715987622199	0.467803958187632	0.0294126472199148	0.908552550007806	FALSE	FALSE
ACLY	chr17	41893175	41897748	-	1	alternative donor		-0.0291842905762164	-0.369122977387311	0.712801196391258	0.857529843978305	0.0505910580712421	0.484876974073463	0.0535818363358534	0.763742089132858	FALSE	FALSE
ACLY	chr17	41896650	41897748	-	1	alternative donor		0.0291842905762164	0.369122977387311	0.712801196391258	0.857529843978305	-0.0505910580712421	0.484876974073463	-0.0535818363358534	0.763742089132858	FALSE	FALSE
ACLY	chr17	41913897	41918879	-	1	alternative donor		-0.143361293691442	-1.44883963091535	0.150480012524016	0.303188698219301	0.0355490000533439	0.767928378608926	0.0102014518493313	1	FALSE	FALSE
ACLY	chr17	41913901	41918879	-	1	alternative donor		0.143361293691442	1.44883963091535	0.150480012524016	0.303188698219301	-0.0355490000533439	0.767928378608926	-0.0102014518493313	1	FALSE	FALSE
G6PC3	chr17	44074771	44075309	+	1	alternative donor		-0.152574151775804	-2.05298635581758	0.0426335356221256	0.113455911307394	-0.00982346729774334	0.95336784998345	-0.0454734383392844	0.792304263098106	FALSE	FALSE
G6PC3	chr17	44075088	44075309	+	1	alternative donor		0.152574151775804	2.05298635581758	0.0426335356221256	0.113455911307394	0.00982346729774338	0.95336784998345	0.0454734383392844	0.792304263098106	FALSE	FALSE
UBTF	chr17	44212007	44212818	-	1	alternative donor	0.613487935206648	-0.0676514779526199	-1.62692090796054	0.106809432508639	0.231966079158289	-0.0124658807834527	0.816324284430447	-0.0299508266430077	0.728221025506894	FALSE	FALSE
UBTF	chr17	44212455	44212818	-	1	alternative donor	0.386512064793352	0.0676514779526199	1.62692090796054	0.106809432508638	0.231966079158289	0.0124658807834527	0.816324284430447	0.0299508266430077	0.728221025506894	FALSE	FALSE
SLC25A39	chr17	44322529	44322807	-	1	alternative donor	0.831047683825468	-0.202745281069813	-2.02177429246187	0.0457928227623208	0.119893879470045	0.0277876278786538	0.837889846895872	-0.0124256344790231	1	FALSE	FALSE
SLC25A39	chr17	44322553	44322807	-	1	alternative donor	0.168952316174532	0.202745281069813	2.02177429246187	0.0457928227623207	0.119893879470045	-0.0277876278786538	0.837889846895872	0.0124256344790231	1	FALSE	FALSE
LRRC37A2	chr17	46409134	46630410	+	0	alternative donor	0.495327102803738	0.0538456694969504	0.986872008357441	0.326017984710876	0.523153246835165	-0.016973832709511	0.800312332292369	-0.00808869014424138	1	FALSE	FALSE
LRRC37A2	chr17	46412871	46637375	+	0	alternative donor	0.485981308411215	0.0420412245963024	0.480930938906016	0.631585615520171	0.800127179664518	0.0377206235722109	0.694106923497671	0.0541938864933944	0.790958395735541	FALSE	FALSE
LRRC37A2	chr17	46423142	46643103	+	0	alternative donor	0.5	0	0	1	1	0	1	0	1	FALSE	FALSE
LRRC37A2	chr17	46425683	46674413	+	0	alternative donor	0.5	0	0	1	1	0	1	0	1	FALSE	FALSE
NSF	chr17	46476960	46704758	+	0	alternative donor	0.49517301443741	0.0426222270222136	0.790131692087165	0.431266211388161	0.622553643858717	-0.00737514938191095	0.950249406032034	0.000791822968111103	1	FALSE	FALSE
NSF	chr17	46487141	46710962	+	0	alternative donor	0.409808889578285	-0.0390862163532213	-2.21208557433226	0.0291695070000854	0.0853747790940539	0.00691207770549364	0.737594343865282	-0.000549515055003754	1	FALSE	FALSE
NSF	chr17	46626713	46630410	+	1	alternative donor	0.504672897196262	-0.0538456694969504	-0.986872008357441	0.326017984710876	0.523153246835165	0.016973832709511	0.800312332292369	0.00808869014424137	1	FALSE	FALSE
NSF	chr17	46630451	46637375	+	1	alternative donor	0.514018691588785	-0.0420412245963024	-0.480930938906016	0.631585615520171	0.800127179664518	-0.0377206235722109	0.694106923497671	-0.0541938864933945	0.790958395735541	FALSE	FALSE
NSF	chr17	46640719	46643103	+	1	alternative donor	0.5	0	0	1	1	0	1	0	1	FALSE	FALSE
NSF	chr17	46643260	46674413	+	1	alternative donor	0.5	0	0	1	1	0	1	0	1	FALSE	FALSE
NSF	chr17	46694663	46704758	+	1	alternative donor	0.50482698556259	-0.0426222270222136	-0.790131692087165	0.431266211388161	0.622553643858717	0.00737514938191094	0.950249406032034	-0.000791822968111099	1	FALSE	FALSE
NSF	chr17	46704855	46710962	+	1	alternative donor	0.590191110421715	0.0390862163532213	2.21208557433226	0.0291695070000854	0.0853747790940539	-0.00691207770549363	0.737594343865282	0.000549515055003755	1	FALSE	FALSE
CDC27	chr17	47142023	47142228	-	1	alternative donor	0.333058096660911	-0.13712318882841	-2.37155709392776	0.0195717131456306	0.0628549541154765	0.0801528661518233	0.0407911927821504	0.0644342905453905	0.388844137308143	FALSE	FALSE
CDC27	chr17	47142026	47142228	-	1	alternative donor	0.666941903339089	0.13712318882841	2.37155709392776	0.0195717131456306	0.0628549541154765	-0.0801528661518233	0.0407911927821504	-0.0644342905453905	0.388844137308143	FALSE	FALSE
COPZ2	chr17	48029177	48032685	-	1	alternative donor	0.0697333373899819	-0.133089477825889	-2.4843606844893	0.0145900342002614	0.0506850932738397	0.000631449997847039	1	-0.0290603440244765	0.851244501807246	FALSE	FALSE
COPZ2	chr17	48029177	48033862	-	1	alternative donor	0.170495522411166	-0.19622122430949	-4.4871081882277	1.88464760925043e-05	0.0002195098122966	0.0217547587332807	0.680546396015288	-0.0181258357057351	0.920556389031575	FALSE	FALSE
COPZ2	chr17	48032234	48032685	-	1	alternative donor	0.930266662610018	0.133089477825889	2.4843606844893	0.0145900342002614	0.0506850932738397	-0.000631449997847032	1	0.0290603440244766	0.851244501807246	FALSE	FALSE
COPZ2	chr17	48032234	48033862	-	0	alternative donor	0.0576399974987463	0.0338135280564216	0.403827988884664	0.687176406891939	0.836167069710012	0.00506709865780859	1	0.0135887332256694	1	FALSE	FALSE
COPZ2	chr17	48033303	48033862	-	1	alternative donor	0.771864480090087	0.140617810991658	3.27001688073029	0.00146291120951748	0.00844704745603842	-0.0115405004504179	0.850396197271918	0.0177966772959536	0.921145199119008	FALSE	FALSE
NFE2L1	chr17	48048463	48050606	+	1	alternative donor		0.537188288650132	5.43612680961198	3.98906980855466e-07	8.42660026018286e-06	-0.0888986116964365	0.343484295654107	0.012897921390087	1	FALSE	FALSE
NFE2L1	chr17	48048865	48050606	+	1	alternative donor		-0.537188288650132	-5.43612680961198	3.98906980855466e-07	8.42660026018286e-06	0.0888986116964365	0.343484295654107	-0.012897921390087	1	FALSE	FALSE
NFE2L1	chr17	48056599	48057343	+	1	alternative donor	0.487675907903903	0.0567666874840054	1.60659054172315	0.111205687150746	0.239222354206	0.0173599193978292	0.651982018806467	0.0333224122965778	0.517869765463628	FALSE	FALSE
NFE2L1	chr17	48057122	48057343	+	1	alternative donor	0.512324092096097	-0.0567666874840054	-1.60659054172315	0.111205687150746	0.239222354206	-0.0173599193978292	0.651982018806467	-0.0333224122965778	0.517869765463628	FALSE	FALSE
COL1A1	chr17	50186923	50187483	-	0	alternative donor	0.00152332973573329	-0.00792343466872962	-0.871819324625008	0.385334614199178	0.581725546066663	0.00136702404373127	0.941093161477804	-0.000151959101253321	1	FALSE	FALSE
COL1A1	chr17	50187123	50187483	-	1	alternative donor	0.998476670264267	0.00792343466872971	0.871819324625017	0.385334614199173	0.581725546066663	-0.0013670240437313	0.941093161477804	0.000151959101253309	1	FALSE	FALSE
COL1A1	chr17	50188150	50192993	-	0	alternative donor	0.0055724401361813	0.0188061429584322	0.52364713120489	0.601648869059382	0.778321720681231	0.0287045048716264	0.343484295654107	0.0382867621554709	0.425255625789379	FALSE	FALSE
COL1A1	chr17	50189011	50189678	-	1	alternative donor	0.0510253543292612	-0.391591254126234	-6.07921852700511	2.06615769170691e-08	6.28352711061915e-07	0.125921478545646	0.00688677801662945	0.0617684064426167	0.499584556565982	FALSE	FALSE
COL1A1	chr17	50189011	50195231	-	0	alternative donor	0.00749906394629514	-0.0684823940274303	-1.99144075340291	0.0490802017440305	0.125410793487194	0.0282112934472401	0.340488045815906	0.0181500389802218	0.855196191594143	FALSE	FALSE
COL1A1	chr17	50189276	50195433	-	0	alternative donor	0.0622715477025631	0.0743403185881289	1.80018468023408	0.0747586372793585	0.176320475303119	-0.0146657987512082	0.778255254591663	-0.000758398721473525	1	FALSE	FALSE
COL1A1	chr17	50189539	50189678	-	1	alternative donor	0.948974645670739	0.391591254126234	6.0792185270051	2.06615769170693e-08	6.28352711061915e-07	-0.125921478545646	0.00688677801662945	-0.0617684064426168	0.499584556565982	FALSE	FALSE
COL1A1	chr17	50190925	50191787	-	1	alternative donor	0.0703922857849792	0.0512875374533085	1.31365548119782	0.191880722046354	0.361744088514219	-0.0258912464684493	0.472367357846902	-0.0192473364629589	0.869621028064469	FALSE	FALSE
COL1A1	chr17	50191491	50191787	-	1	alternative donor	0.929607714215021	-0.0512875374533085	-1.31365548119782	0.191880722046354	0.361744088514219	0.0258912464684493	0.472367357846902	0.0192473364629589	0.869621028064469	FALSE	FALSE
COL1A1	chr17	50192694	50194572	-	0	alternative donor	0.0304515439850556	0.0795507978120212	1.2255090504346	0.223178340590856	0.399615776313585	0.0160629014108841	0.85740388599001	0.0368860288295672	0.830175254249904	FALSE	FALSE
COL1A1	chr17	50192694	50196313	-	1	alternative donor	0.00833207558371119	-0.0793378028601412	-2.05038861543628	0.0428661233632723	0.11389662934257	0.0682548231143101	0.00489407330768415	0.0632533922983417	0.0997597076755252	FALSE	FALSE
COL1A1	chr17	50192851	50192993	-	1	alternative donor	0.994427559863819	-0.0188061429584322	-0.523647131204893	0.60164886905938	0.778321720681231	-0.0287045048716264	0.343484295654107	-0.0382867621554709	0.425255625789379	FALSE	FALSE
COL1A1	chr17	50194448	50194572	-	1	alternative donor	0.969548456014944	-0.0795507978120211	-1.2255090504346	0.223178340590856	0.399615776313585	-0.016062901410884	0.85740388599001	-0.0368860288295671	0.830175254249904	FALSE	FALSE
COL1A1	chr17	50195101	50195231	-	1	alternative donor	0.992500936053705	0.0684823940274296	1.99144075340289	0.0490802017440327	0.125410793487194	-0.0282112934472398	0.340488045815906	-0.0181500389802216	0.855196191594143	FALSE	FALSE
COL1A1	chr17	50195331	50195433	-	1	alternative donor	0.937728452297437	-0.0743403185881289	-1.80018468023408	0.0747586372793582	0.176320475303119	0.0146657987512082	0.778255254591663	0.00075839872147355	1	FALSE	FALSE
COL1A1	chr17	50196200	50196313	-	1	alternative donor	0.991667924416289	0.0793378028601415	2.05038861543629	0.0428661233632716	0.11389662934257	-0.0682548231143101	0.00489407330768415	-0.0632533922983416	0.0997597076755252	FALSE	FALSE
NME1-NME2	chr17	51160082	51169936	+	0	alternative donor	0.017317561126443	0.138220937739563	3.0509957430618	0.00290078646565727	0.0142979344488412	-0.0472314037617565	0.198209236350452	-0.0251080693704078	0.846209634779681	FALSE	FALSE
NME1-NME2	chr17	51161273	51166826	+	1	alternative donor		-0.319406270837187	-2.15613296921599	0.0334239168458288	0.0939058558479313	0.0349476376436127	0.865357879812485	-0.0294098046050868	1	FALSE	FALSE
NME1-NME2	chr17	51166498	51166826	+	1	alternative donor		0.319406270837187	2.15613296921599	0.0334239168458288	0.0939058558479313	-0.0349476376436127	0.865357879812485	0.0294098046050868	1	FALSE	FALSE
NME1-NME2	chr17	51168344	51169936	+	1	alternative donor	0.982682438873557	-0.138220937739563	-3.0509957430618	0.00290078646565729	0.0142979344488412	0.0472314037617563	0.198209236350452	0.0251080693704076	0.846209634779681	FALSE	FALSE
CLTC	chr17	59685809	59690635	+	1	alternative donor	0.934490437907675	0.0639190070572908	0.860233526827468	0.391658225507508	0.586797191608386	-0.0126043740891361	0.927791299690649	-0.000645534797094052	1	FALSE	FALSE
CLTC	chr17	59687022	59690635	+	1	alternative donor	0.0655095620923254	-0.0639190070572908	-0.860233526827467	0.391658225507508	0.586797191608386	0.012604374089136	0.927791299690649	0.000645534797094028	1	FALSE	FALSE
DDX5	chr17	64500327	64502009	-	1	alternative donor	0.073349274236144	-0.0508181246482813	-0.752540566523614	0.453442479399885	0.644246169115146	0.0563276573514208	0.314759931581634	0.0554828704427899	0.64777709135746	FALSE	FALSE
DDX5	chr17	64500774	64502009	-	1	alternative donor	0.926650725763856	0.0508181246482813	0.752540566523615	0.453442479399885	0.644246169115146	-0.0563276573514208	0.314759931581634	-0.0554828704427899	0.64777709135746	FALSE	FALSE
KCTD2	chr17	75040164	75042180	-	1	alternative donor	0.732639421197589	0.0584273527971758	3.21141349216531	0.00176256238630473	0.00978296493276409	-0.0276242458582203	0.0262664236271228	-0.0197053368887174	0.413255410606574	FALSE	FALSE
KCTD2	chr17	75040203	75042180	-	1	alternative donor	0.267360578802411	-0.0584273527971758	-3.21141349216531	0.00176256238630473	0.00978296493276409	0.0276242458582203	0.0262664236271228	0.0197053368887174	0.413255410606574	FALSE	FALSE
MXRA7	chr17	76677703	76685071	-	1	alternative donor	0.517600367116395	-0.181155896902446	-3.13506519715123	0.00223908654634643	0.0116617662237737	0.0185644925663517	0.801972247284422	-0.0185385368881693	0.983234759464368	FALSE	FALSE
MXRA7	chr17	76680880	76685071	-	1	alternative donor	0.228454355587096	0.072352847997814	0.721067813399535	0.47250129008454	0.662659608762977	0.0521088374516262	0.624365915862068	0.0780631394004177	0.685750082706529	FALSE	FALSE
MXRA7	chr17	76683928	76685071	-	1	alternative donor	0.253945277296509	0.267484301685336	4.63865493876382	1.0340607961923e-05	0.000126961760572203	-0.0603587474922513	0.229566343614231	-0.01173831417049	1	FALSE	FALSE
BIRC5	chr17	78214790	78223464	+	1	alternative donor		0.386656432918065	3.7869212792179	0.000257969791070227	0.00206436531630552	-0.0601936857585131	0.549957157665855	0.0101858083864392	1	FALSE	FALSE
BIRC5	chr17	78216782	78223464	+	1	alternative donor		-0.386656432918064	-3.78692127921789	0.000257969791070228	0.00206436531630552	0.060193685758513	0.549957157665855	-0.0101858083864393	1	FALSE	FALSE
ANAPC11	chr17	81891834	81894466	+	1	alternative donor	0.126237350481879	-0.0146437800912087	-0.201164581352955	0.840966605904406	0.948003787431516	0.0263888550871964	0.761858153714712	0.0280456550188969	0.944113575193574	FALSE	FALSE
ANAPC11	chr17	81891842	81894466	+	1	alternative donor	0.134966254039313	0.0215128886147846	0.309790630256922	0.757346062462665	0.890705006365513	0.00428672648491535	1	0.00990722318368828	1	FALSE	FALSE
ANAPC11	chr17	81891864	81894466	+	1	alternative donor	0.0458490920461662	0.240747731901243	3.45807863597998	0.000792253549387994	0.00517169735406635	-0.0863888418015083	0.098569461022964	-0.0486266318185413	0.75012242790003	FALSE	FALSE
ANAPC11	chr17	81893615	81894466	+	1	alternative donor	0.692947303432641	-0.0484149226039212	-0.596729851140453	0.551997125756593	0.738529592721547	0.00753904295437696	0.983784690777205	-0.00189474011563625	1	FALSE	FALSE
MYL12A	chr18	3247910	3253232	+	1	alternative donor	0.98626168573582	-0.184723148896091	-3.13099230391258	0.00226760176028714	0.0117742192163917	0.0736962180036498	0.0907134195738417	0.0461081124179957	0.685750082706529	FALSE	FALSE
MYL12A	chr18	3249444	3253232	+	1	alternative donor	0.0137383142641803	0.184723148896091	3.13099230391258	0.00226760176028713	0.0117742192163917	-0.07369621800365	0.0907134195738417	-0.0461081124179959	0.685750082706529	FALSE	FALSE
TUBB6	chr18	12308350	12310942	+	1	alternative donor	0.0230181493465462	-0.140273617756786	-2.11880267768533	0.0365118061099227	0.0994208587508791	0.00894378136942674	0.95197078235111	-0.0208020915176614	0.983234759464368	FALSE	FALSE
TUBB6	chr18	12308796	12310942	+	1	alternative donor	0.976981850653454	0.140273617756786	2.11880267768533	0.036511806109923	0.0994208587508791	-0.00894378136942682	0.95197078235111	0.0208020915176612	0.983234759464368	FALSE	FALSE
TUBB6	chr18	12308796	12325066	+	1	alternative donor	0.0141944716479894	0.146884439418625	2.71189222082265	0.00784085657626382	0.0316707282848851	-0.0593801469882978	0.159445594989652	-0.037589088409675	0.757064859105487	FALSE	FALSE
TUBB6	chr18	12311054	12325066	+	1	alternative donor	0.985805528352011	-0.146884439418625	-2.71189222082266	0.00784085657626373	0.0316707282848851	0.0593801469882978	0.159445594989652	0.037589088409675	0.757064859105487	FALSE	FALSE
TPGS2	chr18	36787080	36798448	-	1	alternative donor	0.111058761762965	-0.113555878138601	-2.37663676404385	0.0193184608712312	0.0621590212138671	0.0317064626900223	0.4812369829157	0.012203334480332	1	FALSE	FALSE
TPGS2	chr18	36797051	36798448	-	1	alternative donor	0.888941238237035	0.113555878138601	2.37663676404385	0.0193184608712313	0.0621590212138671	-0.0317064626900224	0.4812369829157	-0.0122033344803321	1	FALSE	FALSE
NARS1	chr18	57620649	57621707	-	1	alternative donor		-0.0472107215230582	-0.420874995991188	0.674731829063877	0.827836562282195	0.032576030567316	0.823063273377401	0.0281270088018128	1	FALSE	FALSE
NARS1	chr18	57620652	57621707	-	1	alternative donor		0.0472107215230583	0.420874995991189	0.674731829063876	0.827836562282195	-0.032576030567316	0.823063273377401	-0.0281270088018128	1	FALSE	FALSE
TXNL4A	chr18	79977702	79988239	-	1	alternative donor	0.812495189411387	-0.00203838374925297	-0.0221376924499149	0.982380949412822	1	-0.0152450429666901	0.928595471495225	-0.0185536202382781	1	TRUE	FALSE
TXNL4A	chr18	79986751	79988239	-	1	alternative donor	0.187504810588613	0.00203838374925307	0.022137692449916	0.982380949412821	1	0.0152450429666901	0.928595471495225	0.0185536202382781	1	TRUE	FALSE
PTBP1	chr19	805188	806407	+	1	alternative donor	0.0774787724922248	0.459914839461821	5.3266374928415	5.90730549019569e-07	1.14151965750884e-05	-0.0272898289482948	0.831339297884748	0.0706184478754884	0.647905945847166	TRUE	FALSE
PTBP1	chr19	805570	806407	+	1	alternative donor	0.922521227507775	-0.459914839461821	-5.3266374928415	5.90730549019566e-07	1.14151965750884e-05	0.0272898289482948	0.831339297884748	-0.0706184478754885	0.647905945847166	TRUE	FALSE
TMEM259	chr19	1011613	1011740	-	1	alternative donor	0.190952159831439	0.0194727967534449	0.222538629477343	0.824335293937554	0.935144874810414	0.00340211404754875	1	0.00840017114212689	1	FALSE	FALSE
TMEM259	chr19	1011664	1011740	-	1	alternative donor	0.809047840168561	-0.019472796753445	-0.222538629477344	0.824335293937553	0.935144874810414	-0.00340211404754872	1	-0.00840017114212688	1	FALSE	FALSE
CNN2	chr19	1032697	1036415	+	1	alternative donor	0.120187414539977	-0.273792548332641	-2.48794760667887	0.0144521530565281	0.0504120744053869	0.0338738688925391	0.814935297270372	-0.0211142487035752	1	FALSE	FALSE
CNN2	chr19	1036247	1036415	+	1	alternative donor	0.879812585460023	0.273792548332641	2.48794760667887	0.0144521530565281	0.0504120744053869	-0.0338738688925391	0.814935297270372	0.0211142487035752	1	FALSE	FALSE
DOT1L	chr19	2108365	2271384	+	0	alternative donor	0.0338956044219654	0.0420180550336928	0.802987438707886	0.423831059973695	0.615477982481018	0.00727045867907972	0.947620238317333	0.0180419768136881	0.970467838347115	FALSE	FALSE
OAZ1	chr19	2269745	2271384	+	1	alternative donor	0.966104395578034	-0.0420180550336926	-0.802987438707883	0.423831059973697	0.615477982481018	-0.00727045867907972	0.947620238317333	-0.0180419768136881	0.970467838347115	FALSE	FALSE
ENSG00000273734	chr19	2324193	2328386	-	1	alternative donor		-0.0165485495147951	-0.145308326356945	0.884759923971136	0.97585810218516	0.064635136488739	0.560596984934392	0.073020063314213	0.790958395735541	FALSE	FALSE
ENSG00000273734	chr19	2324197	2328386	-	1	alternative donor		0.0165485495147952	0.145308326356945	0.884759923971136	0.97585810218516	-0.064635136488739	0.560596984934392	-0.073020063314213	0.790958395735541	FALSE	FALSE
TLE5	chr19	3054038	3054119	-	1	alternative donor	0.0351470413340256	-0.0415189380200243	-0.83936001820214	0.403211245019978	0.596480782740467	0.0133146517691661	0.838177608542139	0.00650594866913633	1	FALSE	FALSE
TLE5	chr19	3054041	3054119	-	1	alternative donor	0.964852958665974	0.041518938020024	0.839360018202135	0.403211245019981	0.596480782740467	-0.013314651769166	0.838177608542139	-0.00650594866913622	1	FALSE	FALSE
TRIP10	chr19	6744995	6746451	+	1	alternative donor		0.457584788347387	3.31345422535071	0.00128387842768073	0.00759386179572553	-0.104286807192377	0.418553547379619	-0.0216152271722528	1	FALSE	FALSE
TRIP10	chr19	6746197	6746451	+	1	alternative donor		-0.457584788347387	-3.31345422535071	0.00128387842768073	0.00759386179572553	0.104286807192377	0.418553547379619	0.0216152271722527	1	FALSE	FALSE
HNRNPM	chr19	8474245	8485602	+	1	alternative donor	0.330726416483801	0.00977504893290915	0.174023086209287	0.862188892255861	0.963792180251737	-0.0166224445648644	0.816324284430447	-0.0175426824724037	0.983234759464368	TRUE	TRUE
HNRNPM	chr19	8483212	8485602	+	1	alternative donor	0.669273583516199	-0.00977504893290915	-0.174023086209287	0.862188892255861	0.963792180251737	0.0166224445648643	0.816324284430447	0.0175426824724037	0.983234759464368	TRUE	TRUE
UBL5	chr19	9827985	9828326	+	1	alternative donor		-0.199488122100467	-2.66477943736941	0.00896973833689505	0.0347311182660732	0.0647618452501746	0.306569736437153	0.0325882006946731	0.915151176959858	FALSE	FALSE
UBL5	chr19	9828065	9828326	+	1	alternative donor		0.199488122100467	2.6647794373694	0.00896973833689509	0.0347311182660732	-0.0647618452501746	0.306569736437153	-0.032588200694673	0.915151176959858	FALSE	FALSE
NFIX	chr19	13075672	13081679	+	1	alternative donor		0.0689228162951944	0.787797771399236	0.432659975686406	0.623771334171034	0.0226495573831205	0.849838221698759	0.0422941407868994	0.875851163913888	FALSE	FALSE
NFIX	chr19	13078736	13081679	+	1	alternative donor		-0.0689228162951944	-0.787797771399236	0.432659975686406	0.623771334171034	-0.0226495573831206	0.849838221698759	-0.0422941407868995	0.875851163913888	FALSE	FALSE
TPM4	chr19	16076173	16081912	+	1	alternative donor	0.378129082752118	-0.637685071072175	-5.17087247996886	1.15053305329835e-06	2.06729206360343e-05	0.122351219061691	0.28065590107885	0.00240913256672444	1	FALSE	FALSE
TPM4	chr19	16076698	16081912	+	1	alternative donor	0.621870917247882	0.637685071072174	5.17087247996886	1.15053305329836e-06	2.06729206360343e-05	-0.12235121906169	0.28065590107885	-0.00240913256672452	1	FALSE	FALSE
ENSG00000268790	chr19	16647262	16659394	-	1	alternative donor	0.085210595727894	-0.119611862789576	-1.49528649524453	0.137897323635382	0.282864172306354	0.0513123112037588	0.493613798746261	0.0341205612658062	0.91701834432199	FALSE	FALSE
ENSG00000268790	chr19	16654126	16659394	-	1	alternative donor	0.914789404272106	0.119611862789576	1.49528649524453	0.137897323635382	0.282864172306354	-0.0513123112037588	0.493613798746261	-0.0341205612658062	0.91701834432199	FALSE	FALSE
FKBP8	chr19	18538434	18539370	-	1	alternative donor	0.28384988324352	-0.0183831407348908	-0.551616261033077	0.582406065775163	0.762711986792965	0.0113204594153766	0.788078192463113	0.00932073714677528	1	FALSE	FALSE
FKBP8	chr19	18538437	18539370	-	1	alternative donor	0.71615011675648	0.0183831407348909	0.551616261033078	0.582406065775163	0.762711986792965	-0.0113204594153766	0.788078192463113	-0.00932073714677529	1	FALSE	FALSE
LSM14A	chr19	34221739	34227364	+	1	alternative donor	0.579458288367798	-0.100628634829492	-1.851638230442	0.0669422867593853	0.160784404850755	0.0418629881016645	0.386009838227096	0.0271554188097155	0.865330761437268	FALSE	TRUE
LSM14A	chr19	34226465	34227364	+	1	alternative donor	0.420541711632202	0.100628634829492	1.851638230442	0.0669422867593853	0.160784404850755	-0.0418629881016645	0.386009838227096	-0.0271554188097155	0.865330761437268	FALSE	TRUE
FXYD5	chr19	35154810	35155550	+	1	alternative donor		-0.119367440151234	-1.35380355802392	0.178881634180215	0.343521421709153	0.0164899138719709	0.90438525416237	-0.00679016535831654	1	FALSE	FALSE
FXYD5	chr19	35154870	35155550	+	1	alternative donor		0.119367440151234	1.35380355802392	0.178881634180215	0.343521421709153	-0.0164899138719709	0.90438525416237	0.00679016535831655	1	FALSE	FALSE
EIF3K	chr19	38619318	38620336	+	1	alternative donor	0.0475487151995996	-0.174743215175655	-2.15225080523421	0.0337133343105921	0.0939058558479313	0.0160940556516501	0.897740546257431	-0.0200347995125253	1	FALSE	FALSE
EIF3K	chr19	38619328	38620336	+	1	alternative donor	0.9524512848004	0.174743215175655	2.15225080523421	0.0337133343105922	0.0939058558479313	-0.01609405565165	0.897740546257431	0.0200347995125254	1	FALSE	FALSE
AXL	chr19	41239315	41242882	+	1	alternative donor	0.3972842503476	-0.0458941039851454	-1.15108046006721	0.25236427052178	0.434546756856667	0.00752160541453517	0.90438525416237	-0.00135081659290062	1	FALSE	FALSE
AXL	chr19	41239721	41242882	+	1	alternative donor	0.6027157496524	0.0458941039851454	1.15108046006721	0.25236427052178	0.434546756856667	-0.00752160541453521	0.90438525416237	0.00135081659290058	1	FALSE	FALSE
TGFB1	chr19	41342031	41342169	-	1	alternative donor	0.946881996709273	0.0171779515149884	0.286742971402066	0.774885140191203	0.899435801664425	-0.0350592569002508	0.549633883024578	-0.0377704839838309	0.790958395735541	FALSE	FALSE
TGFB1	chr19	41342034	41342169	-	1	alternative donor	0.0531180032907272	-0.0171779515149885	-0.286742971402067	0.774885140191203	0.899435801664425	0.0350592569002508	0.549633883024578	0.0377704839838309	0.790958395735541	FALSE	FALSE
""	chr19	42935770	43186341	-	0	alternative donor	0.141972568214767	0.0195043419484212	0.431656388864096	0.666893367239731	0.823268363695944	-0.0100811072083051	0.873469324050032	-0.00759839821537278	1	FALSE	FALSE
""	chr19	42944979	43170054	-	0	alternative donor	0.00684268260449643	-0.105174389451419	-2.33264835711118	0.0216110914632619	0.0673687644972995	0.0385459352010145	0.314368781566111	0.022199641698508	0.869621028064469	FALSE	FALSE
""	chr19	43008043	43170054	-	0	alternative donor	0.011362929672583	-0.154033075089971	-3.21213827084603	0.00175852982119377	0.00978296493276409	0.0607636093425435	0.0842536324072403	0.0376301855063206	0.685750082706529	FALSE	FALSE
""	chr19	43034245	43170054	-	0	alternative donor	0.00749312529386278	-0.120298077878159	-2.88452172587493	0.00477439868479626	0.0212814284757432	0.0379644453331791	0.28852974020726	0.0181219024272651	0.91701834432199	FALSE	FALSE
""	chr19	43063312	43170054	-	0	alternative donor	0.00831740700452333	-0.186976826267576	-3.76597552246372	0.000276419397415196	0.00218628458281182	0.0667131757569784	0.0675557469026853	0.0373139089161283	0.696098708077979	FALSE	FALSE
""	chr19	43064666	43170054	-	0	alternative donor	0.0214886603655153	0.0115088280506836	0.27090302315655	0.787007761155303	0.908867027398705	-0.0108501757897352	0.850396197271918	-0.0103022104234697	1	FALSE	FALSE
""	chr19	43064670	43170054	-	0	alternative donor	0.398097642407246	0.0449198074651421	3.62895449898244	0.000444895919371026	0.00317916092185743	-0.0150637990558995	0.111818822474284	-0.00782058226952305	0.790958395735541	FALSE	FALSE
""	chr19	43064670	43175214	-	0	alternative donor	0.0154265518848273	0.054906915436403	0.897804822218669	0.371383458365029	0.572823193605199	0.0274848094869242	0.685774411613939	0.0449248869829015	0.719163563139003	FALSE	FALSE
""	chr19	43077065	43184781	-	0	alternative donor	0.0275194213829719	0.24263202855564	3.87765073993608	0.000185967062524848	0.00157724184450625	-0.0711059329258269	0.158493346628285	-0.0300625748500796	0.878248097399591	FALSE	FALSE
""	chr19	43081247	43186341	-	0	alternative donor	0.262380722174841	-0.043379359685376	-1.67275700492456	0.0974100053363728	0.216388914532334	-0.0118132585316244	0.685374189563761	-0.0237395450331498	0.545473876873912	FALSE	FALSE
""	chr19	43081247	43205472	-	1	alternative donor	0.164320095223629	-0.11396104476872	-1.42969124145687	0.155831872034448	0.310962936514315	-0.0040088447830819	1	-0.0302842712511948	0.947209588825768	FALSE	FALSE
PSG5	chr19	43166843	43170054	-	1	alternative donor	0.0231353906281789	-0.128202194742773	-2.34281094124511	0.0210610727924988	0.0663656167587756	0.0401976283375294	0.421773183872124	0.0190024684312408	0.970467838347115	FALSE	FALSE
PSG5	chr19	43168133	43170054	-	1	alternative donor	0.0122788564672756	-0.125400597388253	-2.61430864066186	0.010281055875885	0.0379651151290823	0.0645804334020809	0.0536392649406918	0.048574272490846	0.474131077937937	FALSE	FALSE
PSG5	chr19	43168136	43170054	-	1	alternative donor	0.0909911860034822	-0.111369140539965	-2.45049758119787	0.0159508516524292	0.0539734255275069	0.0531263365155174	0.116654546478918	0.0381201893284102	0.621342817831993	FALSE	FALSE
PSG5	chr19	43168200	43170054	-	1	alternative donor	0.0216569992783086	0.0169716139828498	0.423252781569499	0.67299329050197	0.826757759696648	-0.0197312023242222	0.646533770003136	-0.0196211043262489	0.872042484965006	FALSE	FALSE
PSG5	chr19	43168204	43170054	-	1	alternative donor	0.398335120274528	0.0445783218187121	3.58418477712937	0.000518434321718288	0.00362797351474053	-0.0149286205155788	0.120664597229636	-0.00773660215043499	0.790958395735541	FALSE	FALSE
PSG5	chr19	43168204	43175214	-	1	alternative donor	0.0172935969738223	0.0724986884895005	1.4492142635387	0.150315583304229	0.303188698219301	0.000432922650376783	1	0.0167524650728817	0.979332796962311	FALSE	FALSE
PSG5	chr19	43170139	43175214	-	1	alternative donor	0.96727985114135	-0.0855863781135378	-1.30046167145695	0.196345033451563	0.367512085178188	-0.0229690860739977	0.78113727450073	-0.0464360824398067	0.745349701160936	FALSE	FALSE
PSG5	chr19	43170139	43184781	-	1	alternative donor	0.0204290005535579	0.150934146152815	2.38267623400255	0.019021140845086	0.0614348528149453	-0.0401252850527546	0.511894312387036	-0.0138249960606891	1	FALSE	FALSE
PSG5	chr19	43176149	43184781	-	1	alternative donor	0.897707906200282	-0.175563467169798	-3.74127053895625	0.00030144310591143	0.00231947512037279	0.0548116557651048	0.141604252558916	0.0257422874209131	0.846802145998523	FALSE	FALSE
PSG5	chr19	43179158	43184781	-	1	alternative donor	0.00960126402178136	-0.0776529639352445	-1.47650353190945	0.142859619158523	0.291461046645553	0.0424587291917508	0.343484295654107	0.0330087944716297	0.790958395735541	FALSE	FALSE
PSG5	chr19	43180597	43184781	-	1	alternative donor	0.0279480651482598	0.24786393067925	4.08425272609088	8.76087927011358e-05	0.00081409154091957	-0.0723179681070383	0.13588638673555	-0.0303294923279797	0.865330761437268	FALSE	FALSE
PSG5	chr19	43183472	43184781	-	1	alternative donor	0.0167943426931471	0.157225112439451	2.5841686082506	0.0111628611495535	0.0403024318148953	-0.0736747892793721	0.0988075252476182	-0.0522417972820801	0.602821051510107	FALSE	FALSE
PSG5	chr19	43185148	43186341	-	1	alternative donor	0.595646709610392	0.0644770992711834	1.9102092499214	0.0588876175511891	0.145655845302977	0.00586678544053301	0.925011500473249	0.0214061756170122	0.790958395735541	FALSE	FALSE
PSG4	chr19	43185148	43205472	-	0	alternative donor	0.589262486846082	-0.00258611093145989	-0.0237150801025707	0.981125760437911	1	-0.0506896045070721	0.676010069228796	-0.0607517607306428	0.843379749877313	FALSE	FALSE
PSG4	chr19	43204252	43205472	-	1	alternative donor	0.246417417930288	0.0716727479696036	0.495834469473293	0.621067541281161	0.792782541863324	0.052923141109936	0.757505468172986	0.0788774497578586	0.846802145998523	FALSE	FALSE
PLAUR	chr19	43646549	43652224	-	1	alternative donor	0.367495527517757	0.216876314438152	2.66344082651826	0.00897769129008275	0.0347311182660732	-0.102594418355555	0.0817007279998681	-0.0732107323185243	0.563425713612506	FALSE	FALSE
PLAUR	chr19	43649144	43652224	-	1	alternative donor	0.632504472482244	-0.216876314438152	-2.66344082651825	0.00897769129008281	0.0347311182660732	0.102594418355555	0.0817007279998681	0.0732107323185243	0.563425713612506	FALSE	FALSE
ERCC1	chr19	45413746	45414860	-	1	alternative donor	0.218523589871935	-0.0981438518557624	-1.58891562772292	0.115144424686836	0.245703498442298	0.0244769212581097	0.72977551125966	0.00707335362677989	1	FALSE	FALSE
ERCC1	chr19	45414035	45414860	-	1	alternative donor	0.781476410128065	0.0981438518557624	1.58891562772292	0.115144424686836	0.245703498442298	-0.0244769212581097	0.72977551125966	-0.0070733536267799	1	FALSE	FALSE
SAE1	chr19	47169924	47203670	+	1	alternative donor	0.0514916619298842	0.30708581836461	3.57681302264711	0.000531594500469869	0.00370482150839759	-0.0322591132228446	0.771885204182921	0.0304882520918131	0.96580989741943	FALSE	FALSE
SAE1	chr19	47197378	47203670	+	1	alternative donor	0.948508338070116	-0.30708581836461	-3.57681302264711	0.000531594500469864	0.00370482150839759	0.0322591132228446	0.771885204182921	-0.0304882520918131	0.96580989741943	FALSE	FALSE
SAE1	chr19	47203741	47209158	+	1	alternative donor	0.913442813433569	0.0523419360519636	0.645577616948497	0.519988523633523	0.709663310143505	-0.047342129471974	0.549633883024578	-0.0444750387100731	0.846802145998523	FALSE	FALSE
SAE1	chr19	47205130	47209158	+	1	alternative donor	0.0865571865664307	-0.0523419360519636	-0.645577616948496	0.519988523633524	0.709663310143505	0.047342129471974	0.549633883024578	0.044475038710073	0.846802145998523	FALSE	FALSE
EMP3	chr19	48325611	48326829	+	1	alternative donor		-0.0460536542537848	-0.482401505052888	0.630564591905794	0.800127179664518	0.00386694376348576	1	-0.00563163662492964	1	FALSE	FALSE
EMP3	chr19	48326054	48326829	+	1	alternative donor		0.0460536542537848	0.482401505052888	0.630564591905794	0.800127179664518	-0.0038669437634858	1	0.00563163662492962	1	FALSE	FALSE
EMP3	chr19	48326923	48329351	+	1	alternative donor	0.0170080167874369	0.0202553276733419	0.375559785743502	0.708016514916305	0.854494026696364	0.000148181349546952	1	0.00471277377471963	1	FALSE	FALSE
EMP3	chr19	48327624	48329351	+	1	alternative donor	0.982991983212563	-0.020255327673342	-0.375559785743504	0.708016514916304	0.854494026696364	-0.000148181349546777	1	-0.00471277377471944	1	FALSE	FALSE
RPL13A	chr19	49489913	49490231	+	1	alternative donor	0.00599556939939492	-0.157895439474439	-4.38422950999724	2.81360431660275e-05	0.000305263285099044	0.0345279964333732	0.28433422698193	0.00562135913469096	1	FALSE	FALSE
RPL13A	chr19	49489923	49490231	+	1	alternative donor	0.994004430600605	0.157895439474438	4.38422950999723	2.81360431660284e-05	0.000305263285099044	-0.0345279964333731	0.28433422698193	-0.00562135913469096	1	FALSE	FALSE
""	chr19	49832416	49856974	+	0	alternative donor	0.22419540619633	-0.0033972074624623	-0.0443696252965214	0.964695678459323	1	0.0331100763488679	0.694106923497671	0.0385433219777676	0.865330761437268	FALSE	FALSE
PTOV1	chr19	49855078	49856974	+	1	alternative donor	0.77580459380367	0.0033972074624623	0.0443696252965214	0.964695678459323	1	-0.0331100763488679	0.694106923497671	-0.0385433219777676	0.865330761437268	FALSE	FALSE
JOSD2	chr19	50506573	50510285	-	1	alternative donor		0.236308891609269	3.04868643701077	0.00292779303150249	0.0143886231364897	-0.0282341106220199	0.77814665829788	0.0189397658261674	1	FALSE	FALSE
JOSD2	chr19	50507700	50510285	-	1	alternative donor		-0.236308891609269	-3.04868643701077	0.00292779303150247	0.0143886231364897	0.0282341106220199	0.77814665829788	-0.0189397658261674	1	FALSE	FALSE
RPS9	chr19	54201610	54207397	+	1	alternative donor	0.0220247555526102	0.0741932773426403	1.66003163313998	0.0999496925952026	0.221163893634537	-0.0252948588867762	0.576090040131699	-0.0134088567970051	0.985187378373503	FALSE	FALSE
RPS9	chr19	54206463	54207397	+	1	alternative donor	0.970656348048815	0.0067833597973313	0.182773964252778	0.855334652469504	0.959344489066894	0.0171382460013758	0.678742961484799	0.0218637989626046	0.801020692772742	FALSE	FALSE
RPS9	chr19	54206725	54207397	+	1	alternative donor	0.00731889639857496	-0.180236676050467	-4.42633667536227	2.38959939677849e-05	0.000265589135570054	0.0174307446510105	0.72977551125966	-0.0196784932292247	0.875851163913888	FALSE	FALSE
ISOC2	chr19	55455331	55456348	-	1	alternative donor	0.278435482677524	0.316995141014116	3.07636129152897	0.00268417082501671	0.0134248014351204	-0.0955814678953358	0.277879681420355	-0.0424607899084853	0.921382924544024	FALSE	FALSE
ISOC2	chr19	55455846	55456348	-	1	alternative donor	0.721564517322476	-0.316995141014116	-3.07636129152897	0.00268417082501672	0.0134248014351204	0.0955814678953358	0.277879681420355	0.0424607899084853	0.921382924544024	FALSE	FALSE
RPS5	chr19	58388246	58394496	+	1	alternative donor	0.0531792702343971	-0.36101416111959	-3.40245818358816	0.000952106840767781	0.00600763518636591	0.107684010926111	0.223153971207964	0.0469678924026522	0.909584769224396	FALSE	FALSE
RPS5	chr19	58393488	58394496	+	1	alternative donor	0.946820729765603	0.361014161119591	3.40245818358816	0.000952106840767781	0.00600763518636591	-0.107684010926112	0.223153971207964	-0.0469678924026524	0.909584769224396	FALSE	FALSE
ACP1	chr2	272151	275139	+	1	alternative donor	0.487428699501054	0.288730418576934	5.76745380639112	8.49658244482632e-08	2.14050939961885e-06	-0.0579925372816893	0.192301648075535	-0.00417064617518993	1	FALSE	FALSE
ACP1	chr2	272306	275139	+	1	alternative donor	0.512571300498946	-0.288730418576934	-5.76745380639112	8.49658244482636e-08	2.14050939961885e-06	0.0579925372816893	0.192301648075535	0.00417064617518992	1	FALSE	FALSE
PXDN	chr2	1684152	1691927	-	1	alternative donor	0.294135802205324	0.12659778904494	2.66075008716731	0.00904499992695056	0.034798693157872	-0.0673019999270249	0.0383463237997526	-0.0515368322956707	0.413255410606574	FALSE	FALSE
PXDN	chr2	1687704	1691927	-	1	alternative donor	0.705864197794676	-0.12659778904494	-2.66075008716731	0.00904499992695056	0.034798693157872	0.0673019999270249	0.0383463237997526	0.0515368322956707	0.413255410606574	FALSE	FALSE
ITGB1BP1	chr2	9406906	9408112	-	1	alternative donor	0.0725230839758923	0.50034058598925	7.34726108105754	4.93749645830777e-11	2.54430688707647e-09	-0.102367732144407	0.0818332676104078	-0.00945015369215627	1	FALSE	FALSE
ITGB1BP1	chr2	9407599	9408112	-	1	alternative donor	0.927476916024108	-0.50034058598925	-7.34726108105754	4.93749645830768e-11	2.54430688707647e-09	0.102367732144407	0.0818332676104078	0.00945015369215629	1	FALSE	FALSE
LAPTM4A	chr2	20041008	20051409	-	1	alternative donor	0.01306011294828	0.067885539411492	1.26177695370464	0.2098789512005	0.386013696086633	-0.0210732309026439	0.731211994371504	-0.00981028808522734	1	FALSE	FALSE
LAPTM4A	chr2	20041012	20051409	-	1	alternative donor	0.98693988705172	-0.067885539411492	-1.26177695370464	0.209878951200501	0.386013696086633	0.021073230902644	0.731211994371504	0.00981028808522749	1	FALSE	FALSE
EMILIN1	chr2	27085009	27085677	+	1	alternative donor	0.0923690106834967	0.208448403721766	2.32601582391524	0.0219768628929799	0.0681964513677235	-0.0293843520350544	0.798373901371683	0.011807607088704	1	FALSE	FALSE
EMILIN1	chr2	27085298	27085677	+	1	alternative donor	0.907630989316503	-0.208448403721766	-2.32601582391524	0.02197686289298	0.0681964513677235	0.0293843520350544	0.798373901371683	-0.011807607088704	1	FALSE	FALSE
SLC5A6	chr2	27212468	27213176	+	1	alternative donor		-0.254992985596714	-3.52879913462473	0.00062765433473063	0.00422703444043341	0.0338434046214546	0.689289910634612	-0.0164353574394094	1	FALSE	FALSE
SLC5A6	chr2	27212608	27213176	+	1	alternative donor		0.254992985596714	3.52879913462473	0.000627654334730628	0.00422703444043341	-0.0338434046214545	0.689289910634612	0.0164353574394094	1	FALSE	FALSE
MRPL33	chr2	27772693	27779432	+	1	alternative donor	0.282945746227572	-0.0735611504281749	-1.06547807250073	0.289150911738022	0.482532998440144	0.030797221791002	0.689289910634612	0.0200821769748176	0.997350345140798	FALSE	FALSE
MRPL33	chr2	27774531	27779432	+	1	alternative donor	0.717054253772428	0.0735611504281751	1.06547807250073	0.289150911738021	0.482532998440144	-0.030797221791002	0.689289910634612	-0.0200821769748176	0.997350345140798	FALSE	FALSE
CRIM1	chr2	36356624	36441257	+	1	alternative donor	0.0921097463143385	0.114053665272974	1.72267751711996	0.0879480459775183	0.199673767936943	-0.0210345189246461	0.800312332292369	0.000576591303272619	1	FALSE	FALSE
CRIM1	chr2	36396788	36441257	+	1	alternative donor	0.907890253685662	-0.114053665272974	-1.72267751711996	0.0879480459775186	0.199673767936943	0.021034518924646	0.800312332292369	-0.000576591303272682	1	FALSE	FALSE
CRIM1	chr2	36522314	36544375	+	1	alternative donor	0.0681727186457242	0.0434342655998299	0.855888650119169	0.394046073174743	0.589214149707794	0.00556578607545435	0.971905873218505	0.0163356061345296	0.983234759464368	FALSE	FALSE
CRIM1	chr2	36537547	36544375	+	1	alternative donor	0.931827281354276	-0.0434342655998299	-0.855888650119169	0.394046073174743	0.589214149707794	-0.00556578607545432	0.971905873218505	-0.0163356061345296	0.983234759464368	FALSE	FALSE
FEZ2	chr2	36555749	36578596	-	1	alternative donor	0.0964980899635301	0.12608260033194	1.73497784235142	0.0857358924939456	0.196326182103777	-0.0360744753352304	0.648089822822384	-0.0145827197230884	1	FALSE	FALSE
FEZ2	chr2	36558514	36578596	-	1	alternative donor	0.90350191003647	-0.12608260033194	-1.73497784235142	0.0857358924939455	0.196326182103777	0.0360744753352304	0.648089822822384	0.0145827197230884	1	FALSE	FALSE
SRSF7	chr2	38745188	38746693	-	1	alternative donor	0.0959327543979741	-0.0488969494988535	-0.811890577227945	0.418726787830491	0.610644136179279	0.0209719264242573	0.779517397761986	0.0139431736351814	1	TRUE	TRUE
SRSF7	chr2	38746180	38746693	-	1	alternative donor	0.904067245602026	0.0488969494988535	0.811890577227946	0.418726787830491	0.610644136179279	-0.0209719264242573	0.779517397761986	-0.0139431736351814	1	TRUE	TRUE
ASB3	chr2	53801843	53809213	+	1	alternative donor	0.207814985467963	0.0629563205227156	1.09829953656224	0.274634476081853	0.464461388938033	0.000755456099792485	1	0.0149979989051779	1	FALSE	FALSE
ASB3	chr2	53808461	53809213	+	1	alternative donor	0.792185014532037	-0.0629563205227155	-1.09829953656224	0.274634476081854	0.464461388938033	-0.000755456099792494	1	-0.0149979989051779	1	FALSE	FALSE
RTN4	chr2	54973622	54982514	-	1	alternative donor	0.00867697928170348	0.0601296731778178	1.39341687634355	0.166493368973714	0.326177389331574	-0.0472268040200942	0.146049130383861	-0.0425938092614348	0.482705558022424	FALSE	FALSE
RTN4	chr2	54974765	54982514	-	1	alternative donor	0.991323020718296	-0.0601296731778173	-1.39341687634354	0.166493368973717	0.326177389331574	0.0472268040200941	0.146049130383861	0.0425938092614348	0.482705558022424	FALSE	FALSE
XPO1	chr2	61492199	61492324	-	1	alternative donor	0.825912035142029	0.142159202329386	2.03316320860234	0.0446080985237043	0.117424259349163	-0.0938453898712878	0.0498708625236969	-0.0795603970120228	0.376461707415409	FALSE	FALSE
XPO1	chr2	61492251	61492324	-	1	alternative donor	0.174087964857971	-0.142159202329386	-2.03316320860234	0.0446080985237043	0.117424259349163	0.0938453898712878	0.0498708625236969	0.0795603970120228	0.376461707415409	FALSE	FALSE
UGP2	chr2	63841233	63856305	+	1	alternative donor	0.409948178987708	0.169864629070757	3.70485837113618	0.000342280238735582	0.00256974633982277	-0.0177818177674048	0.75927318889578	0.0169385686523198	0.952895267562741	FALSE	FALSE
UGP2	chr2	63842205	63856305	+	1	alternative donor	0.590051821012292	-0.169864629070757	-3.70485837113618	0.000342280238735582	0.00256974633982277	0.0177818177674048	0.75927318889578	-0.0169385686523198	0.952895267562741	FALSE	FALSE
RAB11FIP5	chr2	73076183	73088049	-	1	alternative donor	0.596186730238865	-0.0365688182338061	-0.547850589620063	0.584979806109363	0.765000074182841	-0.00433349296341965	1	-0.0133350272026809	1	FALSE	FALSE
RAB11FIP5	chr2	73081346	73088049	-	1	alternative donor	0.403813269761135	0.0365688182338061	0.547850589620062	0.584979806109364	0.765000074182841	0.00433349296341962	1	0.0133350272026809	1	FALSE	FALSE
DGUOK	chr2	73927053	73946718	+	1	alternative donor		0.446525117849111	3.33880852604909	0.00117564674123145	0.00707676914500559	-0.113023764038177	0.340244473451681	-0.0349288136679366	1	FALSE	FALSE
DGUOK	chr2	73939023	73946718	+	1	alternative donor		-0.446525117849111	-3.33880852604909	0.00117564674123145	0.00707676914500559	0.113023764038176	0.340244473451681	0.0349288136679366	1	FALSE	FALSE
VAMP5	chr2	85591863	85592947	+	1	alternative donor	0.87455252803325	-0.114116344041878	-2.15133453565894	0.0337874426046585	0.0939583747329878	-0.00911144703762171	0.927791299690649	-0.0363762425655357	0.763386789569299	FALSE	FALSE
VAMP5	chr2	85591865	85592947	+	1	alternative donor	0.12544747196675	0.114116344041878	2.15133453565894	0.0337874426046586	0.0939583747329878	0.00911144703762171	0.927791299690649	0.0363762425655357	0.763386789569299	FALSE	FALSE
RNF181	chr2	85596650	85597103	+	1	alternative donor	0.0533929164246521	0.0865189720940135	0.939188572890869	0.349831185640027	0.549392450370393	0.0026610026417793	1	0.0225376900976433	1	FALSE	FALSE
RNF181	chr2	85596932	85597103	+	1	alternative donor	0.946607083575348	-0.0865189720940136	-0.93918857289087	0.349831185640027	0.549392450370393	-0.00266100264177937	1	-0.0225376900976434	1	FALSE	FALSE
IMMT	chr2	86171313	86173649	-	1	alternative donor	0.634510950455369	-0.125795953457731	-2.28242867105185	0.0245194182608596	0.0747897233230346	0.0447822052231454	0.345828646836278	0.024983678418245	0.902506498809721	FALSE	FALSE
IMMT	chr2	86171346	86173649	-	1	alternative donor	0.365489049544632	0.125795953457731	2.28242867105185	0.0245194182608596	0.0747897233230346	-0.0447822052231454	0.345828646836278	-0.024983678418245	0.902506498809721	FALSE	FALSE
""	chr2	87455646	87521206	+	1	alternative donor	0.850599820392011	-0.521882850648249	-4.72786232517953	7.2236365781081e-06	9.44907230851761e-05	0.0493796369161959	0.722173012477202	-0.0582759714241474	0.855196191594143	FALSE	FALSE
""	chr2	87480424	87521206	+	1	alternative donor	0.149400179607989	0.521882850648249	4.72786232517952	7.22363657810814e-06	9.44907230851761e-05	-0.0493796369161959	0.722173012477202	0.0582759714241474	0.855196191594143	FALSE	FALSE
""	chr2	87583347	87606592	+	1	alternative donor	0.578033290287422	0.0432248089158172	0.440295406382469	0.660645775292748	0.818825175572389	-0.042666813095744	0.694106923497671	-0.0409671649605507	0.918734422990594	FALSE	FALSE
""	chr2	87585273	87606592	+	1	alternative donor	0.421966709712578	-0.0432248089158172	-0.440295406382469	0.660645775292748	0.818825175572389	0.042666813095744	0.694106923497671	0.0409671649605507	0.918734422990594	FALSE	FALSE
""	chr2	89543837	89580557	-	1	alternative donor	0.381554296900461	-0.0847100899490667	-1.18122453897047	0.240233807509824	0.41834878614486	-0.0195587016665612	0.837889846895872	-0.042191415625548	0.801020692772742	FALSE	FALSE
""	chr2	89543837	89581005	-	1	alternative donor	0.437094151348101	0.0319778090605128	0.607855566702055	0.544621210928664	0.731828027802603	-0.0234355073942233	0.689012331016079	-0.0206572544690555	0.939812382304857	FALSE	FALSE
""	chr2	89562685	89580557	-	1	alternative donor	0.618445703099539	0.0847100899490667	1.18122453897047	0.240233807509824	0.41834878614486	0.0195587016665612	0.837889846895872	0.042191415625548	0.801020692772742	FALSE	FALSE
""	chr2	89562685	89581005	-	1	alternative donor	0.312717271303511	0.0137961488938063	0.342082199235462	0.732986041277768	0.874505473699763	0.0107644844125647	0.840134577256915	0.0158684000878599	0.939034619659595	FALSE	FALSE
""	chr2	89580636	89581005	-	1	alternative donor	0.250188577348388	-0.0580520307459285	-1.00237057648984	0.318513698178176	0.516824946328234	0.0337838876039276	0.552000054280841	0.0271013781010635	0.885421783784103	FALSE	FALSE
""	chr2	91618155	91654919	-	1	alternative donor	0.381554296900461	-0.0847100899490667	-1.18122453897047	0.240233807509824	0.41834878614486	-0.0195587016665612	0.837889846895872	-0.042191415625548	0.801020692772742	FALSE	FALSE
""	chr2	91637034	91654919	-	1	alternative donor	0.618445703099539	0.0847100899490667	1.18122453897047	0.240233807509824	0.41834878614486	0.0195587016665612	0.837889846895872	0.042191415625548	0.801020692772742	FALSE	FALSE
SNRNP200	chr2	96293510	96295487	-	1	alternative donor	0.849077331226702	-0.239580845942409	-3.19657348594171	0.0018470502882367	0.0101977565426835	0.092144953507663	0.0988075252476182	0.0557209491234153	0.711243064230179	TRUE	FALSE
SNRNP200	chr2	96295352	96295487	-	0	alternative donor	0.150922668773298	0.239580845942409	3.19657348594171	0.00184705028823671	0.0101977565426835	-0.092144953507663	0.0988075252476182	-0.0557209491234153	0.711243064230179	TRUE	FALSE
RPL31	chr2	101004284	101005958	+	1	alternative donor	0.99447155303317	0.0357734315201584	1.45448224762722	0.148853285387135	0.30116003783562	-0.0029644386576606	0.962836242440104	0.00449365935315441	1	FALSE	FALSE
RPL31	chr2	101004309	101005958	+	1	alternative donor	0.00552844696683023	-0.0357734315201577	-1.45448224762719	0.148853285387144	0.30116003783562	0.00296443865766063	0.962836242440104	-0.00449365935315421	1	FALSE	FALSE
MAP4K4	chr2	101859865	101864929	+	1	alternative donor	0.747130365142862	0.0830574922540589	0.74920305113918	0.455442471028146	0.645321513052946	-0.024355848194503	0.875349624249118	-0.0103087348537836	1	FALSE	FALSE
MAP4K4	chr2	101860987	101864929	+	1	alternative donor	0.252869634857138	-0.083057492254059	-0.74920305113918	0.455442471028146	0.645321513052946	0.024355848194503	0.875349624249118	0.0103087348537836	1	FALSE	FALSE
MAP4K4	chr2	101867310	101869621	+	1	alternative donor	0.886198541744288	-0.198293402057829	-3.09150942027644	0.00256206382997192	0.0128899098901398	0.0734898073751801	0.141604252558916	0.0428235662210643	0.779717338012822	FALSE	FALSE
MAP4K4	chr2	101867319	101869621	+	1	alternative donor	0.113801458255711	0.19829340205783	3.09150942027644	0.00256206382997189	0.0128899098901398	-0.0734898073751801	0.141604252558916	-0.0428235662210642	0.779717338012822	FALSE	FALSE
MAP4K4	chr2	101870416	101873646	+	1	alternative donor	0.500362839732903	-0.00319768235250698	-0.0892230803547399	0.929077882495525	1	0.0443245026885599	0.075520243346205	0.0519004109314302	0.166058136380086	FALSE	FALSE
MAP4K4	chr2	101871686	101873646	+	1	alternative donor	0.499637160267097	0.00319768235250696	0.0892230803547392	0.929077882495525	1	-0.0443245026885599	0.075520243346205	-0.0519004109314302	0.166058136380086	FALSE	FALSE
MAP4K4	chr2	101887238	101887777	+	1	alternative donor	0.705134927563931	-0.0230536632426634	-0.86909101533869	0.38681801819455	0.582367454572672	-0.00633690046984981	0.863205297776067	-0.0126860485546008	0.879197121967282	FALSE	FALSE
MAP4K4	chr2	101887262	101887777	+	1	alternative donor	0.294865072436069	0.0230536632426633	0.869091015338688	0.386818018194551	0.582367454572672	0.00633690046984983	0.863205297776067	0.0126860485546008	0.879197121967282	FALSE	FALSE
FHL2	chr2	105386541	105398841	-	1	alternative donor	0.41275236999385	0.324331402357722	2.78126780017322	0.00644007479315192	0.0272125464712437	-0.0962101427797703	0.343484295654107	-0.0415638702604284	0.96580989741943	FALSE	FALSE
FHL2	chr2	105396698	105398841	-	1	alternative donor	0.58724763000615	-0.324331402357722	-2.78126780017322	0.00644007479315192	0.0272125464712437	0.0962101427797702	0.343484295654107	0.0415638702604283	0.96580989741943	FALSE	FALSE
""	chr2	111367576	111494884	-	1	alternative donor	0.126452414724638	-0.0141667933982365	-0.138287128580159	0.890283493175815	0.979188290350915	-0.0278994992564714	0.837889846895872	-0.0362920172716872	0.965921227016228	FALSE	FALSE
""	chr2	111429621	111494884	-	1	alternative donor	0.873547585275362	0.0141667933982367	0.13828712858016	0.890283493175814	0.979188290350915	0.0278994992564713	0.837889846895872	0.0362920172716872	0.965921227016228	FALSE	FALSE
CBWD2	chr2	113438023	113441350	+	1	alternative donor	0.885219192112553	0.0195850164080735	0.250874262906581	0.802411104446113	0.917310980242432	-0.0448119581224578	0.555757628872907	-0.0488085565787478	0.790958395735541	FALSE	FALSE
CBWD2	chr2	113439118	113441350	+	1	alternative donor	0.114780807887448	-0.0195850164080734	-0.25087426290658	0.802411104446114	0.917310980242432	0.0448119581224578	0.555757628872907	0.0488085565787478	0.790958395735541	FALSE	FALSE
CBWD2	chr2	113465174	113482176	+	1	alternative donor	0.102044954615171	-0.0671128026832183	-0.884793791660538	0.378328672615195	0.576735013699811	0.0505468983818979	0.467803958187632	0.0449709103056034	0.801020692772742	FALSE	FALSE
CBWD2	chr2	113471090	113482176	+	1	alternative donor	0.897955045384829	0.0671128026832183	0.884793791660538	0.378328672615195	0.576735013699811	-0.0505468983818979	0.467803958187632	-0.0449709103056035	0.801020692772742	FALSE	FALSE
MZT2B	chr2	130182453	130190468	+	1	alternative donor		0.0391952729364267	0.43025333094881	0.66793719243207	0.8237367987446	0.051943292452114	0.555667810583822	0.0702953778838171	0.685750082706529	FALSE	FALSE
MZT2B	chr2	130182776	130190468	+	1	alternative donor		-0.0391952729364269	-0.430253330948812	0.667937192432068	0.8237367987446	-0.051943292452114	0.555667810583822	-0.0702953778838172	0.685750082706529	FALSE	FALSE
RND3	chr2	150474985	150487267	-	0	alternative donor	0.0279408321059215	-0.0855986258518501	-1.2158462469922	0.22682275781717	0.403568577419474	0.00807045858035367	0.968342231526704	-0.00959246593850713	1	FALSE	FALSE
RND3	chr2	150486782	150487267	-	1	alternative donor	0.972059167894079	0.0855986258518499	1.2158462469922	0.226822757817171	0.403568577419474	-0.00807045858035356	0.968342231526704	0.00959246593850722	1	FALSE	FALSE
RBMS1	chr2	160281365	160284774	-	1	alternative donor	0.578713169403608	-0.0113221212385241	-0.244815650689776	0.807086240777144	0.920803070188003	0.0289437738431291	0.50222836969388	0.0318225415070649	0.7609036773948	FALSE	FALSE
RBMS1	chr2	160282305	160284774	-	1	alternative donor	0.421286830596392	0.0113221212385241	0.244815650689776	0.807086240777144	0.920803070188003	-0.0289437738431291	0.50222836969388	-0.0318225415070649	0.7609036773948	FALSE	FALSE
CYBRD1	chr2	171522739	171553345	+	1	alternative donor	0.0638206427170107	0.0226057886025894	0.253034476030726	0.80074589747541	0.917310980242432	0.00122076407450571	1	0.00651247893506431	1	FALSE	FALSE
CYBRD1	chr2	171541794	171553345	+	1	alternative donor	0.936179357282989	-0.0226057886025893	-0.253034476030725	0.800745897475411	0.917310980242432	-0.0012207640745057	1	-0.00651247893506427	1	FALSE	FALSE
DYNC1I2	chr2	171687628	171690146	+	1	alternative donor	0.791459957289296	-0.125491883930309	-1.42712166984355	0.156569374115059	0.311946362838499	0.0694038830964627	0.35663884922269	0.0542796366522206	0.790958395735541	FALSE	FALSE
DYNC1I2	chr2	171687874	171690146	+	1	alternative donor	0.208540042710704	0.125491883930309	1.42712166984354	0.156569374115059	0.311946362838499	-0.0694038830964627	0.35663884922269	-0.0542796366522206	0.790958395735541	FALSE	FALSE
COL5A2	chr2	189072094	189085718	-	0	alternative donor	0.0288234836107127	-0.0360020506015013	-0.344018103094407	0.731533990865681	0.873270306400204	0.0345049433660827	0.79207622013106	0.0328961720580016	0.983234759464368	FALSE	FALSE
COL5A2	chr2	189085214	189085718	-	1	alternative donor	0.971176516389287	0.0360020506015014	0.344018103094408	0.73153399086568	0.873270306400204	-0.0345049433660828	0.79207622013106	-0.0328961720580016	0.983234759464368	FALSE	FALSE
MYO1B	chr2	191400469	191402631	+	1	alternative donor	0.770266950454296	-0.443903962341815	-5.69456978784266	1.1767545560658e-07	2.83564502265332e-06	0.136900521800382	0.0156183049730639	0.0630841729870704	0.658468004394034	FALSE	FALSE
MYO1B	chr2	191400469	191408114	+	1	alternative donor	0.648087403547947	-0.0884808630531615	-2.00042476822807	0.0480862385355804	0.123707486580566	-0.00946843879280065	0.882353636133277	-0.0310580799596896	0.748927830086642	FALSE	FALSE
MYO1B	chr2	191400836	191402631	+	1	alternative donor	0.229733049545704	0.443903962341815	5.69456978784265	1.17675455606581e-07	2.83564502265332e-06	-0.136900521800382	0.0156183049730639	-0.0630841729870703	0.658468004394034	FALSE	FALSE
MYO1B	chr2	191402719	191408114	+	1	alternative donor	0.351912596452054	0.0884808630531615	2.00042476822807	0.0480862385355803	0.123707486580566	0.00946843879280065	0.882353636133277	0.0310580799596896	0.748927830086642	FALSE	FALSE
SPATS2L	chr2	200419497	200440648	+	1	alternative donor	0.591439047101387	-0.0546576076608883	-0.573732250073794	0.567399683637772	0.751158553543038	0.0138798115317223	0.941406122136108	0.00423398452760483	1	FALSE	FALSE
SPATS2L	chr2	200439329	200440648	+	1	alternative donor	0.408560952898613	0.0546576076608883	0.573732250073793	0.567399683637772	0.751158553543038	-0.0138798115317223	0.941406122136108	-0.00423398452760484	1	FALSE	FALSE
FN1	chr2	215372016	215373321	-	1	alternative donor	0.218611714164787	-0.130460945282689	-5.09803667488321	1.56576905032631e-06	2.74493842276277e-05	0.0357222136077022	0.0714662971628595	0.0131838780140629	0.86095732319391	FALSE	FALSE
FN1	chr2	215372301	215373321	-	1	alternative donor	0.0554934000232861	-0.049035630591569	-2.75291506200722	0.00698237849492846	0.028959840562502	0.0199508840353891	0.147852166061878	0.0127000543471261	0.735940228989576	FALSE	FALSE
FN1	chr2	215372376	215373321	-	1	alternative donor	0.725894885811927	0.128080073879243	5.59542787166159	1.82694119818412e-07	4.19826149663798e-06	-0.0362171447022013	0.0354988066905027	-0.0143046771090396	0.790958395735541	FALSE	FALSE
FN1	chr2	215379318	215382211	-	1	alternative donor	0.453398153783815	-0.395466251523481	-10.4946959168872	5.87541109616421e-18	1.17542783165026e-15	0.118146375678406	0.00025414645910219	0.0516708153472419	0.193943839656224	FALSE	FALSE
FN1	chr2	215381081	215382211	-	1	alternative donor	0.546601846216185	0.395466251523481	10.4946959168872	5.87541109616421e-18	1.17542783165026e-15	-0.118146375678406	0.00025414645910219	-0.0516708153472418	0.193943839656224	FALSE	FALSE
FN1	chr2	215391815	215394527	-	1	alternative donor	0.861012466815512	-0.342584727384705	-11.039427451655	3.63734143143391e-19	1.03088318402556e-16	0.0650840838047264	0.0301691255045431	0.000526356981022235	1	FALSE	FALSE
FN1	chr2	215393204	215394527	-	1	alternative donor	0.138987533184488	0.342584727384705	11.039427451655	3.63734143143391e-19	1.03088318402556e-16	-0.0650840838047265	0.0301691255045431	-0.000526356981022253	1	FALSE	FALSE
FN1	chr2	215406505	215407126	-	1	alternative donor	0.0138465721871998	0.127499649406515	4.27291688747267	4.31329864276164e-05	0.000434009724379655	-0.0444967241011916	0.0373348280038065	-0.0242631892944774	0.653466689288776	FALSE	FALSE
FN1	chr2	215406511	215407126	-	1	alternative donor	0.9861534278128	-0.127499649406515	-4.27291688747267	4.31329864276164e-05	0.000434009724379655	0.0444967241011916	0.0373348280038065	0.0242631892944775	0.653466689288776	FALSE	FALSE
AAMP	chr2	218269535	218269965	-	1	alternative donor	0.850606043702421	-0.0743127690402668	-0.908454712233727	0.365758739132032	0.565863456030206	-0.0205774677033457	0.854012442237037	-0.041071935978293	0.865330761437268	FALSE	FALSE
AAMP	chr2	218269538	218269965	-	1	alternative donor	0.149393956297579	0.0743127690402669	0.908454712233728	0.365758739132031	0.565863456030206	0.0205774677033457	0.854012442237037	0.041071935978293	0.865330761437268	FALSE	FALSE
SERPINE2	chr2	223980398	223982680	-	1	alternative donor	0.766793941072863	-0.0274215800505443	-1.29093474554549	0.199616285764228	0.371486935018776	-0.00587145076298081	0.837889846895872	-0.0131118672923043	0.790958395735541	FALSE	FALSE
SERPINE2	chr2	223980401	223982680	-	1	alternative donor	0.233206058927138	0.0274215800505443	1.29093474554549	0.199616285764228	0.371486935018776	0.00587145076298082	0.837889846895872	0.0131118672923043	0.790958395735541	FALSE	FALSE
MFF	chr2	227340381	227355676	+	1	alternative donor	0.229665654651402	0.0817389754292451	1.24520542033851	0.215881695404026	0.393747470442382	-0.00653052926623625	0.981644904845569	0.0105559818560013	1	FALSE	FALSE
MFF	chr2	227352574	227355676	+	1	alternative donor	0.770334345348597	-0.0817389754292451	-1.24520542033851	0.215881695404026	0.393747470442382	0.00653052926623627	0.981644904845569	-0.0105559818560013	1	FALSE	FALSE
TRIP12	chr2	229793131	229795178	-	1	alternative donor	0.114195864560691	-0.0311941738363962	-0.304511968471917	0.761352273586978	0.892574657866017	-0.0477560716442255	0.675188633993372	-0.0636771791663277	0.790958395735541	FALSE	FALSE
TRIP12	chr2	229793146	229795178	-	1	alternative donor	0.885804135439309	0.0311941738363962	0.304511968471916	0.761352273586979	0.892574657866017	0.0477560716442255	0.675188633993372	0.0636771791663277	0.790958395735541	FALSE	FALSE
COL6A3	chr2	237368677	237371731	-	1	alternative donor	0.0403363859950542	0.116171945615757	1.37573487572153	0.171888009982118	0.333861291804218	-0.0656186419520402	0.371712455176155	-0.0518737780815363	0.792304263098106	FALSE	FALSE
COL6A3	chr2	237368749	237371731	-	0	alternative donor	0.0228871604287211	0.124116067244514	1.46708596521246	0.145399451958659	0.295158588254363	-0.0639722111534606	0.394143460905014	-0.0481399795598944	0.829640025388377	FALSE	FALSE
COL6A3	chr2	237369175	237371731	-	1	alternative donor	0.0267718217388531	0.0547032283694179	1.17665732714759	0.242044445181728	0.420425514843236	0.0094516253065405	0.891141691116207	0.0234724685705391	0.865330761437268	FALSE	FALSE
COL6A3	chr2	237369178	237371731	-	1	alternative donor	0.910004631837372	-0.0995324717727768	-1.6602426676795	0.0999071423049789	0.221163893634537	0.0651659211530532	0.152973851514803	0.0550633404528953	0.541882831779042	FALSE	FALSE
COL6A3	chr2	237377345	237380914	-	1	alternative donor	0.193479620292749	-0.359751836755135	-7.71689606964356	7.95877757963377e-12	5.52404133639478e-10	0.0925421464491035	0.011893704755384	0.0292760591511015	0.790958395735541	FALSE	FALSE
COL6A3	chr2	237377345	237396726	-	1	alternative donor	0.0209378699436119	0.310840018886667	5.81723845496036	6.7944622067165e-08	1.75060348220021e-06	-0.0358618978511194	0.549957157665855	0.0270523469670805	0.863932451492619	FALSE	FALSE
COL6A3	chr2	237379236	237380914	-	1	alternative donor	0.806520379707251	0.359751836755135	7.71689606964356	7.95877757963368e-12	5.52404133639478e-10	-0.0925421464491035	0.011893704755384	-0.0292760591511015	0.790958395735541	FALSE	FALSE
COL6A3	chr2	237381500	237396726	-	1	alternative donor	0.45643365865328	-0.122853526101805	-2.43142301372425	0.0167662550236515	0.0559588158345817	0.0727719185819973	0.0336451356823564	0.0588687075487617	0.347403424194094	FALSE	FALSE
COL6A3	chr2	237388185	237396726	-	1	alternative donor	0.43708087377397	0.292659894228244	5.36338301932792	5.04026321079772e-07	1.00253682350638e-05	-0.1138246012857	0.00239614216572009	-0.0695675196354851	0.270940558545608	FALSE	FALSE
COL6A3	chr2	237395205	237396726	-	1	alternative donor	0.085547597629139	-0.535483732908136	-10.1467797868807	3.48799113148232e-17	4.94277409923807e-15	0.166712088803888	0.000185475343525021	0.0779604167968925	0.140714054326512	FALSE	FALSE
LRRFIP1	chr2	237749325	237753308	+	1	alternative donor	0.870154516566037	0.046720360661896	0.450880844987237	0.653023191611435	0.815404772364578	-0.00158227005533742	1	0.00858633912394226	1	FALSE	FALSE
LRRFIP1	chr2	237751272	237753308	+	1	alternative donor	0.129845483433963	-0.046720360661896	-0.450880844987236	0.653023191611435	0.815404772364578	0.00158227005533745	1	-0.00858633912394222	1	FALSE	FALSE
SEPTIN2	chr2	241315611	241324215	+	1	alternative donor	0.303139908668606	-0.13377626384381	-2.07788848378911	0.0402060783821576	0.107416239259794	0.0114774152046772	0.921043884018982	-0.0163391667497572	1	FALSE	FALSE
SEPTIN2	chr2	241315983	241324215	+	1	alternative donor	0.537863678533808	0.298134453488905	2.6821925252378	0.00852108278345088	0.0333873301227148	-0.0820808198274838	0.422134914284486	-0.030658961711022	1	FALSE	FALSE
SEPTIN2	chr2	241317600	241324215	+	1	alternative donor	0.158996412797586	-0.0968022344138489	-1.27409218992981	0.205498032516058	0.379218018766747	0.0688889418233946	0.270539373358204	0.060094385995821	0.6795514575508	FALSE	FALSE
BOK	chr2	241572833	241573074	-	0	alternative donor		-9.69140738139848e-05	-0.0241806626383481	0.980760310778476	1	-0.000304114012022483	0.994147604074607	-0.000376861019610566	1	FALSE	FALSE
BOK	chr2	241572923	241573165	-	0	alternative donor		0	0	1	1	0	1	0	1	FALSE	FALSE
BOK	chr2	241572995	241573074	-	0	alternative donor		9.69140738139844e-05	0.024180662638348	0.980760310778476	1	0.000304114012022482	0.994147604074607	0.000376861019610565	1	FALSE	FALSE
BOK	chr2	241573085	241573165	-	0	alternative donor		0	0	1	1	0	1	0	1	FALSE	FALSE
SNRPB	chr20	2461794	2462635	-	1	alternative donor	0.20343630355773	0.154601561260694	2.89525052256565	0.00462621442209056	0.0208394109265298	-0.079893604188677	0.0268901346430348	-0.0602116491890832	0.376498861396169	TRUE	FALSE
SNRPB	chr20	2461940	2462635	-	1	alternative donor	0.79656369644227	-0.154601561260694	-2.89525052256565	0.00462621442209056	0.0208394109265298	0.079893604188677	0.0268901346430348	0.0602116491890832	0.376498861396169	TRUE	FALSE
NOP56	chr20	2656035	2656400	+	1	alternative donor		-0.687767084466367	-8.40872990986317	2.79895215834737e-13	2.44082981808703e-11	0.219553862562616	0.000538588656533901	0.106512479016891	0.239676000764423	FALSE	FALSE
NOP56	chr20	2656215	2656400	+	1	alternative donor		0.687767084466367	8.40872990986317	2.79895215834737e-13	2.44082981808703e-11	-0.219553862562616	0.000538588656533901	-0.106512479016891	0.239676000764423	FALSE	FALSE
DSTN	chr20	17570212	17600737	+	1	alternative donor	0.928205365311126	0.350732906888914	2.98107297748577	0.00358451601977471	0.0169318596989637	-0.0523125937995118	0.699206127042508	0.0164594600062953	1	FALSE	FALSE
DSTN	chr20	17592064	17600737	+	1	alternative donor	0.0717946346888736	-0.350732906888913	-2.98107297748577	0.00358451601977473	0.0169318596989637	0.0523125937995117	0.699206127042508	-0.0164594600062954	1	FALSE	FALSE
RRBP1	chr20	17660529	17682027	-	1	alternative donor		-0.205345364353858	-2.05654688528432	0.0422825895031176	0.11278673482361	-0.0163450753154716	0.92969158355466	-0.0649035552678538	0.789223352043803	FALSE	FALSE
RRBP1	chr20	17680076	17682027	-	1	alternative donor		0.205345364353858	2.05654688528432	0.0422825895031176	0.11278673482361	0.0163450753154716	0.92969158355466	0.0649035552678538	0.789223352043803	FALSE	FALSE
""	chr20	28583111	28586298	-	1	alternative donor	0.796904442657112	0.0129508207576384	0.154076525433473	0.877850885084597	0.973231700552616	0.0241578744491544	0.824306932608005	0.0315780583591592	0.947283790071782	FALSE	FALSE
""	chr20	28583947	28586298	-	1	alternative donor	0.203095557342888	-0.0129508207576384	-0.154076525433472	0.877850885084597	0.973231700552616	-0.0241578744491544	0.824306932608005	-0.0315780583591592	0.947283790071782	FALSE	FALSE
RALY	chr20	34073636	34075873	+	1	alternative donor	0.361978238409358	-0.143231930851152	-2.18811345457855	0.0309214513748963	0.0894250477262093	0.0564326927990722	0.306569736437153	0.0349083342361865	0.854848765519266	FALSE	FALSE
RALY	chr20	34073867	34075873	+	1	alternative donor	0.638021761590642	0.143231930851152	2.18811345457855	0.0309214513748962	0.0894250477262093	-0.0564326927990722	0.306569736437153	-0.0349083342361865	0.854848765519266	FALSE	FALSE
EIF6	chr20	35280119	35284175	-	1	alternative donor	0.0894939237344515	0.0549084825906616	0.541831884632331	0.589104538356813	0.766982993037872	0.0512440489896305	0.637209752049209	0.0731293079065894	0.728221025506894	FALSE	FALSE
EIF6	chr20	35280830	35284175	-	1	alternative donor	0.910506076265549	-0.0549084825906616	-0.541831884632332	0.589104538356813	0.766982993037872	-0.0512440489896304	0.637209752049209	-0.0731293079065893	0.728221025506894	FALSE	FALSE
RBM39	chr20	35709257	35713018	-	1	alternative donor	0.462477768837944	-0.0106221496801457	-0.21880754081504	0.827232949911326	0.935501972651795	0.0211571341732917	0.694106923497671	0.0227359755454991	0.885309445713496	TRUE	FALSE
RBM39	chr20	35709275	35713018	-	1	alternative donor	0.537522231162056	0.0106221496801457	0.218807540815041	0.827232949911325	0.935501972651795	-0.0211571341732917	0.694106923497671	-0.0227359755454991	0.885309445713496	TRUE	FALSE
RBM39	chr20	35713097	35714184	-	1	alternative donor	0.909883895226666	0.190990625999548	2.46104423100252	0.015515354944848	0.0528205427101386	0.0118148714856537	0.941406122136108	0.0568040335963216	0.720821275119824	TRUE	FALSE
RBM39	chr20	35713858	35714184	-	1	alternative donor	0.0901161047733343	-0.190990625999548	-2.46104423100252	0.0155153549448481	0.0528205427101386	-0.0118148714856537	0.941406122136108	-0.0568040335963216	0.720821275119824	TRUE	FALSE
RBM39	chr20	35739018	35740823	-	1	alternative donor	0.577541682907566	0.334620397926121	4.69748225312141	8.1658669989539e-06	0.000103627289788963	-0.0464443205701562	0.543984323883355	0.019816612389646	1	TRUE	FALSE
RBM39	chr20	35740598	35740823	-	1	alternative donor	0.422458317092434	-0.334620397926121	-4.69748225312141	8.1658669989539e-06	0.000103627289788963	0.0464443205701562	0.543984323883355	-0.019816612389646	1	TRUE	FALSE
MYL9	chr20	36545069	36549076	+	1	alternative donor	0.091345199852699	0.115677646945523	3.17655473371794	0.00196701172737296	0.0104365162009289	-0.0510843068775605	0.0436546869529747	-0.0347311040731651	0.501962193080131	FALSE	FALSE
MYL9	chr20	36548194	36549076	+	1	alternative donor	0.908654800147301	-0.115677646945523	-3.17655473371794	0.00196701172737296	0.0104365162009289	0.0510843068775605	0.0436546869529747	0.0347311040731651	0.501962193080131	FALSE	FALSE
YWHAB	chr20	44885887	44901530	+	1	alternative donor	0.807906578633331	0.0807876332193602	1.59250666273815	0.114335300089784	0.244612594973142	-0.00786322327629044	0.938841245504339	0.00876088463903796	1	FALSE	FALSE
YWHAB	chr20	44887743	44901530	+	1	alternative donor	0.192093421366669	-0.0807876332193603	-1.59250666273815	0.114335300089784	0.244612594973142	0.00786322327629044	0.938841245504339	-0.00876088463903796	1	FALSE	FALSE
""	chr20	49278717	49279103	+	1	alternative donor		-0.31296259134416	-3.00585139270382	0.00333385526503049	0.0159696362765756	0.0256523517933202	0.864201202457099	-0.0397146941397354	0.945406621275832	FALSE	FALSE
""	chr20	49278739	49279103	+	1	alternative donor		0.31296259134416	3.00585139270382	0.00333385526503049	0.0159696362765756	-0.0256523517933202	0.864201202457099	0.0397146941397354	0.945406621275832	FALSE	FALSE
""	chr20	49279209	49289044	+	1	alternative donor	0.173394546944439	0.0709238031399663	2.72985152746674	0.00745385763820233	0.0304694348888535	-0.0220759365167928	0.329705966159735	-0.0103200551250738	0.932248765525071	FALSE	FALSE
""	chr20	49280571	49289044	+	1	alternative donor	0.393495321417301	-0.00379260309278566	-0.150536747297471	0.880635571033641	0.974034882315504	-0.00276293144678367	0.971905873218505	-0.00412929778482533	1	FALSE	FALSE
""	chr20	49280965	49289044	+	1	alternative donor	0.43311013163826	-0.0380392302332788	-1.53377062353535	0.128152071480916	0.268542942148241	0.0139874914519457	0.577478820772129	0.00808406098845542	0.982438621677276	FALSE	FALSE
GNAS	chr20	58895685	58903530	+	1	alternative donor	0.31032726908503	-0.0383189082477155	-1.8331483574782	0.0696686967856751	0.166159353273549	0.00200907147180244	0.983784690777205	-0.00619790096316095	0.989489116931456	FALSE	FALSE
GNAS	chr20	58898986	58903530	+	1	alternative donor	0.68967273091497	0.0383189082477155	1.83314835747821	0.069668696785675	0.166159353273549	-0.00200907147180244	0.983784690777205	0.00619790096316095	0.989489116931456	FALSE	FALSE
ADRM1	chr20	62303782	62306196	+	1	alternative donor	0.128090084733399	0.130713673796127	1.87797687128866	0.0632129150231957	0.153891999995625	-0.0323059244764789	0.680546396015288	-0.0090718692677644	1	FALSE	FALSE
ADRM1	chr20	62304578	62306196	+	1	alternative donor	0.871909915266601	-0.130713673796127	-1.87797687128866	0.0632129150231956	0.153891999995625	0.0323059244764789	0.680546396015288	0.00907186926776437	1	FALSE	FALSE
TPD52L2	chr20	63873817	63882718	+	1	alternative donor	0.150175824940307	0.0955172586111921	2.70920128006558	0.00790039067518847	0.0318355790122227	-0.0266947102447053	0.410323354181586	-0.0102943571595865	0.995837379427861	FALSE	FALSE
TPD52L2	chr20	63875876	63882718	+	1	alternative donor	0.849824175059693	-0.0955172586111921	-2.70920128006558	0.00790039067518847	0.0318355790122227	0.0266947102447053	0.410323354181586	0.0102943571595865	0.995837379427861	FALSE	FALSE
""	chr21	6492198	6495992	-	1	alternative donor	0.759448161383748	0.0436135982405853	1.2320150735003	0.220748595854327	0.397761041366924	0.0136392441546182	0.737594343865282	0.0259595980556499	0.719163563139003	FALSE	FALSE
""	chr21	6493111	6495992	-	1	alternative donor	0.240551838616252	-0.0436135982405853	-1.2320150735003	0.220748595854327	0.397761041366924	-0.0136392441546182	0.737594343865282	-0.0259595980556499	0.719163563139003	FALSE	FALSE
APP	chr21	25897674	25911740	-	1	alternative donor	0.0343107735668347	-0.145023386100764	-2.78034626006579	0.00645707880102725	0.0272125464712437	0.0800687130374684	0.0210009084179369	0.0625648758094577	0.317563130825888	FALSE	FALSE
APP	chr21	25905078	25911740	-	1	alternative donor	0.965689226433165	0.145023386100764	2.78034626006579	0.00645707880102723	0.0272125464712437	-0.0800687130374684	0.0210009084179369	-0.0625648758094576	0.317563130825888	FALSE	FALSE
APP	chr21	25982478	26000014	-	1	alternative donor	0.299031004631773	0.144758904908297	5.40695049404328	4.17262854576723e-07	8.65311566106972e-06	-0.0568683485614134	0.00188367873223421	-0.0350834737149399	0.239258024551486	FALSE	FALSE
APP	chr21	25982478	26021839	-	1	alternative donor	0.0214463377387669	0.147094635455262	2.69397911419437	0.00824496576436419	0.0325930312723091	-0.0575520121375495	0.185053426761106	-0.0353718692276776	0.790958395735541	FALSE	FALSE
APP	chr21	25997417	26000014	-	1	alternative donor	0.700968995368227	-0.144758904908297	-5.40695049404328	4.1726285457672e-07	8.65311566106972e-06	0.0568683485614135	0.00188367873223421	0.0350834737149399	0.239258024551486	FALSE	FALSE
APP	chr21	26000183	26021839	-	1	alternative donor	0.978553662261233	-0.147094635455262	-2.69397911419438	0.00824496576436409	0.0325930312723091	0.0575520121375496	0.185053426761106	0.0353718692276777	0.790958395735541	FALSE	FALSE
SON	chr21	33569088	33573307	+	1	alternative donor	0.861374569229498	-0.158863461783259	-2.21867893171843	0.0287031068098046	0.0841545398794358	0.0625712986761645	0.301785183292697	0.0386941239737547	0.852250873181727	FALSE	FALSE
SON	chr21	33572631	33573307	+	1	alternative donor	0.138625430770502	0.158863461783259	2.21867893171843	0.0287031068098046	0.0841545398794358	-0.0625712986761645	0.301785183292697	-0.0386941239737547	0.852250873181727	FALSE	FALSE
U2AF1	chr21	43100520	43104314	-	1	alternative donor	0.759448161383748	0.0436135982405853	1.2320150735003	0.220748595854327	0.397761041366924	0.0136392441546182	0.737594343865282	0.0259595980556499	0.719163563139003	TRUE	FALSE
U2AF1	chr21	43101433	43104314	-	1	alternative donor	0.240551838616252	-0.0436135982405853	-1.2320150735003	0.220748595854327	0.397761041366924	-0.0136392441546182	0.737594343865282	-0.0259595980556499	0.719163563139003	TRUE	FALSE
COL6A1	chr21	45990423	45990772	+	1	alternative donor	0.886397624015833	0.00208297074740314	0.0154166274175463	0.987729621043232	1	-0.0558873700342169	0.712129391591696	-0.0658761137349567	0.873867739972231	FALSE	FALSE
COL6A1	chr21	45990506	45990772	+	0	alternative donor	0.113602375984167	-0.00208297074740311	-0.0154166274175461	0.987729621043232	1	0.0558873700342169	0.712129391591696	0.0658761137349567	0.873867739972231	FALSE	FALSE
COL6A2	chr21	46098174	46111449	+	1	alternative donor	0.659844137604957	-0.0842524156458081	-0.67092146687287	0.503772305172318	0.693477179907339	0.0488806838364866	0.731211994371504	0.0391539832562009	0.983234759464368	FALSE	FALSE
COL6A2	chr21	46099148	46111449	+	1	alternative donor	0.340155862395043	0.0842524156458081	0.67092146687287	0.503772305172318	0.693477179907339	-0.0488806838364866	0.731211994371504	-0.0391539832562009	0.983234759464368	FALSE	FALSE
COL6A2	chr21	46117937	46120514	+	0	alternative donor	0.125896210907681	-0.278728793123716	-1.71513477763152	0.0893275218522268	0.201728354461769	-0.0326572585794353	0.893622497420043	-0.101197525002678	0.790958395735541	FALSE	FALSE
COL6A2	chr21	46119851	46120514	+	1	alternative donor	0.874103789092319	0.278728793123715	1.71513477763152	0.089327521852227	0.201728354461769	0.0326572585794352	0.893622497420043	0.101197525002678	0.790958395735541	FALSE	FALSE
COL6A2	chr21	46124921	46125464	+	1	alternative donor	0.0112750790394895	0.193176336446844	3.21505347077626	0.00174239682609705	0.00974653224598064	-0.108069000030399	0.00540408003715704	-0.0850179054396651	0.181411588405581	FALSE	FALSE
COL6A2	chr21	46125312	46125464	+	1	alternative donor	0.988724920960511	-0.193176336446843	-3.21505347077625	0.0017423968260971	0.00974653224598064	0.108069000030399	0.00540408003715704	0.0850179054396651	0.181411588405581	FALSE	FALSE
PRMT2	chr21	46635764	46636895	+	1	alternative donor	0.41243257230126	0.221873184428307	3.13855433031142	0.00221492384157883	0.0115563299894487	-0.0292938675517544	0.726933980894644	0.0149219563978103	1	FALSE	FALSE
PRMT2	chr21	46636548	46636895	+	1	alternative donor	0.58756742769874	-0.221873184428307	-3.13855433031141	0.00221492384157884	0.0115563299894487	0.0292938675517544	0.726933980894644	-0.0149219563978102	1	FALSE	FALSE
""	chr22	29363107	29423124	-	0	alternative donor		0.0764793893630966	1.0405996183636	0.300546004759264	0.497650733319173	-0.0234026461690758	0.798373901371683	-0.0107632243974053	1	FALSE	FALSE
""	chr22	29419261	29423124	-	1	alternative donor		-0.0764793893630965	-1.0405996183636	0.300546004759265	0.497650733319173	0.0234026461690758	0.798373901371683	0.0107632243974053	1	FALSE	FALSE
UQCR10	chr22	29767549	29769677	+	1	alternative donor	0.888301981303651	-0.107773619191445	-3.29905401830172	0.00133275921054558	0.0078015732789424	0.0256765542425504	0.39471754682175	0.00634049693126515	1	FALSE	FALSE
UQCR10	chr22	29767608	29769677	+	1	alternative donor	0.111698018696349	0.107773619191445	3.29905401830172	0.00133275921054558	0.0078015732789424	-0.0256765542425504	0.39471754682175	-0.00634049693126515	1	FALSE	FALSE
TUG1	chr22	30973588	30975169	+	1	alternative donor	0.571902504350687	0.0773439929884527	0.936358629805486	0.351278839229043	0.550186451016253	-0.0620616367956514	0.394143460905014	-0.0563481788992924	0.763742089132858	FALSE	FALSE
TUG1	chr22	30973602	30975169	+	1	alternative donor	0.428097495649313	-0.0773439929884528	-0.936358629805486	0.351278839229043	0.550186451016253	0.0620616367956514	0.394143460905014	0.0563481788992924	0.763742089132858	FALSE	FALSE
RBFOX2	chr22	35746562	35759887	-	1	alternative donor	0.228570744270627	-0.0860486174781027	-1.78916083464903	0.0765281402578755	0.179145964077454	-0.00207159300036714	1	-0.021732662947841	0.904774084434054	FALSE	FALSE
RBFOX2	chr22	35756145	35759887	-	1	alternative donor	0.771429255729373	0.0860486174781027	1.78916083464903	0.0765281402578755	0.179145964077454	0.00207159300036715	1	0.021732662947841	0.904774084434054	FALSE	FALSE
RBFOX2	chr22	35781744	35809779	-	1	alternative donor	0.665262018341732	-0.0119398822423017	-0.422739800210388	0.673366361176041	0.826757759696648	0.00610608428788093	0.879646050639064	0.00457405461523726	1	FALSE	FALSE
RBFOX2	chr22	35781747	35809779	-	1	alternative donor	0.334737981658268	0.0119398822423017	0.422739800210388	0.673366361176041	0.826757759696648	-0.0061060842878809	0.879646050639064	-0.00457405461523723	1	FALSE	FALSE
LGALS1	chr22	37677066	37679602	+	1	alternative donor	0.0579977014036425	0.0454083758814863	1.20809155389335	0.229778512939757	0.407325850579679	-0.0190176726676672	0.637244362211406	-0.012404707000426	0.980954039261069	FALSE	FALSE
LGALS1	chr22	37678655	37679602	+	1	alternative donor	0.942002298596358	-0.0454083758814863	-1.20809155389335	0.229778512939757	0.407325850579679	0.0190176726676671	0.637244362211406	0.0124047070004259	0.980954039261069	FALSE	FALSE
""	chr22	38982471	39015594	+	0	alternative donor	0.207670780596831	-0.100829799037921	-2.02684313627388	0.0452622586191364	0.118904280388405	0.0257532004027978	0.635563648410576	0.00798678707707362	1	FALSE	FALSE
APOBEC3C	chr22	39014380	39015594	+	1	alternative donor	0.79232921940317	0.10082979903792	2.02684313627388	0.0452622586191365	0.118904280388405	-0.0257532004027978	0.635563648410576	-0.00798678707707361	1	FALSE	FALSE
BRK1	chr3	10115820	10125625	+	1	alternative donor	0.959311307574225	-0.124103145105527	-1.52823606581839	0.129519175712441	0.270740452733873	0.00560753254236755	1	-0.0211405505584803	1	FALSE	FALSE
BRK1	chr3	10118971	10125625	+	1	alternative donor	0.0406886924257752	0.124103145105527	1.52823606581839	0.129519175712441	0.270740452733873	-0.00560753254236755	1	0.0211405505584803	1	FALSE	FALSE
SEC13	chr3	10301148	10304025	-	1	alternative donor	0.149174872409056	0.192646784188143	5.69320131999993	1.18395058281908e-07	2.83564502265332e-06	-0.0369401204596311	0.229566343614231	-0.000700990421824399	1	TRUE	FALSE
SEC13	chr3	10301375	10304025	-	1	alternative donor	0.850825127590945	-0.192646784188143	-5.69320131999993	1.18395058281909e-07	2.83564502265332e-06	0.0369401204596311	0.229566343614231	0.000700990421824341	1	TRUE	FALSE
RAF1	chr3	12604290	12608765	-	1	alternative donor	0.15974772237586	0.0452579061745748	0.564469200817833	0.573662054868793	0.755357103171955	0.00188684045670319	1	0.0123768772794705	1	FALSE	FALSE
RAF1	chr3	12606300	12608765	-	1	alternative donor	0.84025227762414	-0.0452579061745747	-0.564469200817832	0.573662054868793	0.755357103171955	-0.00188684045670321	1	-0.0123768772794705	1	FALSE	FALSE
FBLN2	chr3	13619832	13626444	+	1	alternative donor	0.938739150826781	0.378624265599894	5.97439068712589	3.33601751130797e-08	9.29983242291673e-07	-0.0888186291352818	0.0842536324072403	-0.0206288301250411	0.982438621677276	FALSE	FALSE
FBLN2	chr3	13619832	13628904	+	0	alternative donor	0.0914510596755269	-0.0202647462323902	-0.174987937420101	0.861432633388046	0.963792180251737	-0.017353927866806	0.940973041140956	-0.0251394461086038	1	FALSE	FALSE
FBLN2	chr3	13621916	13626444	+	1	alternative donor	0.0612608491732189	-0.378624265599894	-5.97439068712589	3.33601751130797e-08	9.29983242291673e-07	0.0888186291352819	0.0842536324072403	0.0206288301250411	0.982438621677276	FALSE	FALSE
FBLN2	chr3	13626580	13636444	+	0	alternative donor	0.0660831414516952	-0.252119292272274	-4.31505300263939	3.67209808095945e-05	0.000378448653737672	0.0965792536094915	0.0163199310619857	0.058176396725968	0.479294981995654	FALSE	FALSE
FBLN2	chr3	13627970	13628904	+	1	alternative donor	0.908548940324473	0.0202647462323902	0.174987937420101	0.861432633388046	0.963792180251737	0.017353927866806	0.940973041140956	0.0251394461086038	1	FALSE	FALSE
FBLN2	chr3	13629049	13629819	+	0	alternative donor	0.230636256446393	-0.1223474035124	-1.21372692961716	0.227627804821375	0.404473440019591	0.00960862093670031	0.983784690777205	-0.0159976884837085	1	FALSE	FALSE
FBLN2	chr3	13629049	13630698	+	0	alternative donor	0.388330137680613	-0.0534198044137008	-1.35053212529573	0.179805168416994	0.343742202240697	-0.0132676165625143	0.790442522429866	-0.0277148812061204	0.748927830086642	FALSE	FALSE
FBLN2	chr3	13629293	13629819	+	1	alternative donor	0.769363743553607	0.1223474035124	1.21372692961717	0.227627804821375	0.404473440019591	-0.00960862093670033	0.983784690777205	0.0159976884837085	1	FALSE	FALSE
FBLN2	chr3	13629946	13630698	+	1	alternative donor	0.611669862319387	0.0534198044137007	1.35053212529573	0.179805168416995	0.343742202240697	0.0132676165625143	0.790442522429866	0.0277148812061204	0.748927830086642	FALSE	FALSE
FBLN2	chr3	13629946	13631328	+	1	alternative donor	0.0256807609090764	0.270335302876334	4.24173030028931	4.85591465726554e-05	0.000478694659401742	-0.0380233941022029	0.584038730429288	0.0154140707752474	1	FALSE	FALSE
FBLN2	chr3	13630816	13631328	+	1	alternative donor	0.974319239090924	-0.270335302876334	-4.24173030028932	4.85591465726543e-05	0.000478694659401742	0.0380233941022031	0.584038730429288	-0.0154140707752472	1	FALSE	FALSE
FBLN2	chr3	13631458	13636444	+	1	alternative donor	0.933916858548305	0.252119292272274	4.31505300263939	3.67209808095947e-05	0.000378448653737672	-0.0965792536094917	0.0163199310619857	-0.0581763967259682	0.479294981995654	FALSE	FALSE
DPH3	chr3	16260830	16264768	-	1	alternative donor		0.202552815579942	3.14125560990761	0.00220180287490441	0.0115563299894487	-0.112994314236416	0.00688677801662945	-0.0889102596609369	0.189994392512747	FALSE	FALSE
DPH3	chr3	16264230	16264768	-	1	alternative donor		-0.202552815579942	-3.1412556099076	0.00220180287490442	0.0115563299894487	0.112994314236416	0.00688677801662945	0.0889102596609368	0.189994392512747	FALSE	FALSE
NKIRAS1	chr3	23917240	23917849	+	1	alternative donor	0.67757581253223	-0.234148360734337	-3.50165003848493	0.000685060711794187	0.00457738994265626	0.0855991755868067	0.0842536324072403	0.0491673905351647	0.719163563139003	FALSE	FALSE
NKIRAS1	chr3	23917296	23917849	+	1	alternative donor	0.32242418746777	0.234148360734337	3.50165003848493	0.000685060711794188	0.00457738994265626	-0.0855991755868067	0.0842536324072403	-0.0491673905351647	0.719163563139003	FALSE	FALSE
TGFBR2	chr3	30606978	30644746	+	1	alternative donor		0.128917689763156	2.59160915694764	0.0109530215177207	0.0398408836168643	-0.0206845974487212	0.724121588893087	0.00424027096716672	1	FALSE	FALSE
TGFBR2	chr3	30623274	30644746	+	1	alternative donor		-0.128917689763156	-2.59160915694764	0.0109530215177207	0.0398408836168643	0.0206845974487212	0.724121588893087	-0.00424027096716667	1	FALSE	FALSE
UBP1	chr3	33402905	33409235	-	1	alternative donor	0.547987965824708	0.059316848922202	1.0143700531035	0.31278309532826	0.511465230676173	-0.0530715899057029	0.268661481983372	-0.049714085546366	0.611646978686251	FALSE	FALSE
UBP1	chr3	33408798	33409235	-	1	alternative donor	0.452012034175292	-0.059316848922202	-1.0143700531035	0.31278309532826	0.511465230676173	0.0530715899057029	0.268661481983372	0.049714085546366	0.611646978686251	FALSE	FALSE
ZDHHC3	chr3	44929437	44933117	-	1	alternative donor	0.869395959270158	-0.173397744816114	-2.44683691115544	0.0161045396994653	0.0542829925846201	0.0836442692192934	0.110657206168379	0.0604539351330677	0.609934712265837	FALSE	FALSE
ZDHHC3	chr3	44932991	44933117	-	1	alternative donor	0.130604040729842	0.173397744816114	2.44683691115544	0.0161045396994654	0.0542829925846201	-0.0836442692192934	0.110657206168379	-0.0604539351330677	0.609934712265837	FALSE	FALSE
MAP4	chr3	47852939	47853162	-	1	alternative donor	0.272510089935629	0.301722998112415	4.16775741542045	6.4180575060209e-05	0.000611423349523168	-0.0403405286208515	0.62666596507753	0.0196937955026689	1	FALSE	FALSE
MAP4	chr3	47853040	47853162	-	1	alternative donor	0.727489910064371	-0.301722998112415	-4.16775741542045	6.41805750602086e-05	0.000611423349523168	0.0403405286208515	0.62666596507753	-0.0196937955026689	1	FALSE	FALSE
MAP4	chr3	47857513	47870812	-	1	alternative donor	0.109100069074572	0.0532175211634809	0.972706980386605	0.3329777670762	0.530425005070799	0.0166047952257715	0.810022194117783	0.0316310642665179	0.818254984179186	FALSE	FALSE
MAP4	chr3	47869328	47870812	-	1	alternative donor	0.890899930925428	-0.053217521163481	-0.972706980386605	0.3329777670762	0.530425005070799	-0.0166047952257715	0.810022194117783	-0.031631064266518	0.818254984179186	FALSE	FALSE
MAP4	chr3	47917175	47921764	-	1	alternative donor	0.0885426593143673	0.154043808274156	3.04702695677668	0.00293610833776061	0.0143886231364897	-0.104266150422277	0.000920849651809318	-0.0892686897972902	0.070031242102986	FALSE	FALSE
MAP4	chr3	47918842	47921764	-	1	alternative donor	0.911457340685633	-0.154043808274156	-3.04702695677668	0.00293610833776061	0.0143886231364897	0.104266150422277	0.000920849651809318	0.0892686897972902	0.070031242102986	FALSE	FALSE
LAMB2	chr3	49121855	49121943	-	1	alternative donor	0.0279270705696394	0.105979977582638	1.89248558358608	0.0612340689120365	0.150257625086462	-0.0200356479098685	0.775356502399398	-4.60484349141381e-05	1	FALSE	FALSE
LAMB2	chr3	49121861	49121943	-	1	alternative donor	0.972072929430361	-0.105979977582638	-1.89248558358608	0.0612340689120364	0.150257625086462	0.0200356479098685	0.775356502399398	4.6048434914039e-05	1	FALSE	FALSE
LAMB2	chr3	49124101	49130230	-	0	alternative donor	0.218467403445276	-0.0550898621665196	-2.40738260879057	0.017846702282779	0.0589287713240111	0.0251271584182527	0.154360888725574	0.0174886441606083	0.686024928078753	FALSE	FALSE
LAMB2	chr3	49130019	49130230	-	1	alternative donor	0.781532596554724	0.0550898621665195	2.40738260879057	0.017846702282779	0.0589287713240111	-0.0251271584182527	0.154360888725574	-0.0174886441606083	0.686024928078753	FALSE	FALSE
SMIM4	chr3	52536774	52540423	+	1	alternative donor	0.262992141251203	0.359569961699337	3.75812076986738	0.000284153084166634	0.0022165244019512	-0.0961869517949709	0.235599512534519	-0.0336434644160252	0.967495893884277	FALSE	FALSE
SMIM4	chr3	52536907	52540423	+	1	alternative donor	0.737007858748797	-0.359569961699337	-3.75812076986738	0.000284153084166634	0.0022165244019512	0.0961869517949709	0.235599512534519	0.0336434644160252	0.967495893884277	FALSE	FALSE
COL8A1	chr3	99638665	99744896	+	1	alternative donor		0.0753603314762608	0.82758138710496	0.409839642961873	0.603103047726428	-0.0436594361918514	0.661125507165848	-0.0350403671825876	0.944113575193574	FALSE	FALSE
COL8A1	chr3	99675722	99744896	+	1	alternative donor		0.0630574590984598	0.972199383823596	0.333251235858899	0.530612103537507	0.00509636925212997	0.993800733214574	0.0196671576834013	0.983234759464368	FALSE	FALSE
COL8A1	chr3	99691569	99744896	+	1	alternative donor		-0.0965589546421752	-1.01708926528589	0.311517418363741	0.510588308363896	-0.0149428703347944	0.934725005886992	-0.038516875542508	0.925794517878951	FALSE	FALSE
TMEM45A	chr3	100492929	100555208	+	1	alternative donor	0.529090944301407	0.0395687113782213	0.907921084434933	0.36603928352439	0.565863456030206	0.0301279472097431	0.445515107856151	0.0446269840140869	0.474131077937937	FALSE	FALSE
TMEM45A	chr3	100519609	100555208	+	1	alternative donor	0.470909055698593	-0.0395687113782213	-0.907921084434932	0.366039283524391	0.565863456030206	-0.0301279472097431	0.445515107856151	-0.0446269840140869	0.474131077937937	FALSE	FALSE
TFG	chr3	100736705	100744832	+	1	alternative donor	0.267639660615874	0.00359174256723456	0.0948069989136324	0.924652323127703	0.998330968557879	0.00623115435474269	0.928595471495225	0.00820135924947978	1	FALSE	FALSE
TFG	chr3	100736717	100744832	+	1	alternative donor	0.732360339384126	-0.00359174256723456	-0.0948069989136325	0.924652323127703	0.998330968557879	-0.0062311543547427	0.928595471495225	-0.00820135924947979	1	FALSE	FALSE
ALCAM	chr3	105550260	105552467	+	1	alternative donor	0.104511197074067	0.192866401492871	3.79579419110147	0.00024884360511637	0.00200074964775597	-0.0826580649277481	0.0161536488687868	-0.0549225645621026	0.413255410606574	FALSE	FALSE
ALCAM	chr3	105552183	105552467	+	1	alternative donor	0.895488802925933	-0.192866401492871	-3.79579419110147	0.000248843605116369	0.00200074964775597	0.0826580649277481	0.0161536488687868	0.0549225645621026	0.413255410606574	FALSE	FALSE
CD47	chr3	108047293	108057476	-	1	alternative donor	0.0960998307881331	0.227314269278956	2.83371844441465	0.00553705109934622	0.0242050267209209	-0.0305655582503964	0.755102806883977	0.014631076770027	1	FALSE	FALSE
CD47	chr3	108051971	108057476	-	1	alternative donor	0.903900169211867	-0.227314269278956	-2.83371844441465	0.0055370510993462	0.0242050267209209	0.0305655582503964	0.755102806883977	-0.014631076770027	1	FALSE	FALSE
CCDC80	chr3	112605764	112609977	-	1	alternative donor	0.0210087126261162	0.0968609443991344	1.95482673242778	0.053313905744269	0.134013742377132	-0.0609651753839422	0.0842536324072403	-0.0506751072778366	0.474131077937937	FALSE	FALSE
CCDC80	chr3	112607257	112609977	-	1	alternative donor	0.978991287373884	-0.0968609443991346	-1.95482673242778	0.0533139057442684	0.134013742377132	0.0609651753839424	0.0842536324072403	0.0506751072778367	0.474131077937937	FALSE	FALSE
NAA50	chr3	113724093	113745941	-	1	alternative donor		0.162583419297726	1.10084283875477	0.273556161249565	0.463790879566186	-0.0336051779268547	0.8705043106488	-0.00350217603177927	1	FALSE	FALSE
NAA50	chr3	113724096	113745941	-	1	alternative donor		-0.162583419297726	-1.10084283875477	0.273556161249565	0.463790879566186	0.0336051779268547	0.8705043106488	0.00350217603177926	1	FALSE	FALSE
MYLK	chr3	123618768	123620206	-	1	alternative donor	0.116812836056112	-0.024373276947847	-0.469117456632665	0.639977152427262	0.804941677294792	0.0057890921267672	0.971905873218505	0.00141287771328166	1	FALSE	FALSE
MYLK	chr3	123618771	123620206	-	1	alternative donor	0.883187163943888	0.0243732769478471	0.469117456632667	0.639977152427261	0.804941677294792	-0.00578909212676718	0.971905873218505	-0.00141287771328163	1	FALSE	FALSE
ITGB5	chr3	124796818	124817620	-	1	alternative donor	0.0447697546308488	0.122653358716229	2.6127779326038	0.010324277179804	0.0380421090883136	-0.019827058606547	0.718981040134451	0.00393613528658622	1	FALSE	FALSE
ITGB5	chr3	124809157	124817620	-	1	alternative donor	0.955230245369151	-0.122653358716229	-2.6127779326038	0.010324277179804	0.0380421090883136	0.019827058606547	0.718981040134451	-0.00393613528658622	1	FALSE	FALSE
ITGB5	chr3	124809157	124819738	-	1	alternative donor	0.0355574831818434	-0.146605789888267	-3.13847875668656	0.00221544462014718	0.0115563299894487	0.0705500789768344	0.0262785015871527	0.0509110817096933	0.409302684141482	FALSE	FALSE
ITGB5	chr3	124817711	124819738	-	1	alternative donor	0.964442516818157	0.146605789888267	3.13847875668656	0.00221544462014716	0.0115563299894487	-0.0705500789768344	0.0262785015871527	-0.0509110817096933	0.409302684141482	FALSE	FALSE
AMOTL2	chr3	134358717	134359282	-	1	alternative donor	0.151769530820852	0.0246837507401914	0.345707503384993	0.730267630231761	0.872370990663232	0.0167963234495176	0.864201202457099	0.0254673128508436	0.96580989741943	FALSE	FALSE
AMOTL2	chr3	134358720	134359282	-	1	alternative donor	0.848230469179148	-0.0246837507401914	-0.345707503384992	0.730267630231762	0.872370990663232	-0.0167963234495176	0.864201202457099	-0.0254673128508436	0.96580989741943	FALSE	FALSE
RNF7	chr3	141738510	141743508	+	1	alternative donor	0.113583722141057	-0.0367675503891024	-0.732636208825365	0.465444318883692	0.654663411300015	-0.0145515538935566	0.823063273377401	-0.0255091751148213	0.86229873788958	FALSE	FALSE
RNF7	chr3	141738517	141743508	+	1	alternative donor	0.886416277858943	0.0367675503891024	0.732636208825365	0.465444318883692	0.654663411300015	0.0145515538935566	0.823063273377401	0.0255091751148213	0.86229873788958	FALSE	FALSE
ANKUB1	chr3	149966265	149968357	-	1	alternative donor	0.890955414204164	-0.161459722897053	-3.35730316737886	0.00110368558702081	0.00671490998471875	0.0379558916782603	0.393506392784944	0.00889219533144273	1	FALSE	FALSE
ANKUB1	chr3	149966587	149968357	-	1	alternative donor	0.109044585795836	0.161459722897053	3.35730316737886	0.00110368558702081	0.00671490998471875	-0.0379558916782604	0.393506392784944	-0.00889219533144275	1	FALSE	FALSE
MBNL1	chr3	152269093	152414940	+	1	alternative donor	0.145508660414513	-0.742437047815949	-4.96425778216616	2.74078260385941e-06	4.40083513534134e-05	0.0798385481901548	0.658211357946092	-0.0715194979302342	0.879197121967282	FALSE	FALSE
MBNL1	chr3	152300368	152414940	+	1	alternative donor	0.854491339585487	0.742437047815949	4.96425778216616	2.74078260385941e-06	4.40083513534134e-05	-0.0798385481901549	0.658211357946092	0.0715194979302341	0.879197121967282	FALSE	FALSE
MBNL1	chr3	152445540	152447619	+	1	alternative donor	0.882607372778904	-0.299070895256016	-4.64281963786064	1.01697666457403e-05	0.000126231300591835	0.095630953910345	0.0407911927821504	0.0465342793843826	0.728221025506894	FALSE	FALSE
MBNL1	chr3	152446758	152447619	+	1	alternative donor	0.117392627221096	0.299070895256016	4.64281963786064	1.01697666457403e-05	0.000126231300591835	-0.095630953910345	0.0407911927821504	-0.0465342793843826	0.728221025506894	FALSE	FALSE
MBNL1	chr3	152447774	152459270	+	1	alternative donor	0.0885114064617868	-0.300312771056776	-3.98001219041908	0.000128477611584177	0.00113789676301507	0.0592199840542011	0.411254892222859	0.00303345862539346	1	FALSE	FALSE
MBNL1	chr3	152455578	152459270	+	1	alternative donor	0.140762781168105	0.0210841311929957	0.348892968247606	0.727881863034208	0.870744360245987	-0.00257937859799811	1	0.00166058623153238	1	FALSE	FALSE
MBNL1	chr3	152456362	152459270	+	1	alternative donor	0.770725812370108	0.13692170230285	3.15417478274434	0.00210969330438801	0.0111587355026806	-0.0325815616222399	0.421543203400393	-0.0080085724912929	1	FALSE	FALSE
FXR1	chr3	180970359	180976121	+	1	alternative donor	0.53127474877253	-0.0384640366718986	-0.810235456995461	0.419672900355098	0.611004937546099	0.0329957651267074	0.444352154863195	0.0305532141224272	0.790958395735541	FALSE	FALSE
FXR1	chr3	180975405	180976121	+	1	alternative donor	0.468725251227471	0.0384640366718986	0.810235456995461	0.419672900355098	0.611004937546099	-0.0329957651267074	0.444352154863195	-0.0305532141224272	0.790958395735541	FALSE	FALSE
EIF4A2	chr3	186784697	186785882	+	1	alternative donor	0.21711678215083	0.187107058917223	5.02949811049566	2.08801860349183e-06	3.51746784426042e-05	-0.0632641154120543	0.0161536488687868	-0.0331904353073486	0.568473491579471	FALSE	FALSE
EIF4A2	chr3	186785102	186785882	+	1	alternative donor	0.78288321784917	-0.187107058917223	-5.02949811049566	2.08801860349183e-06	3.51746784426042e-05	0.0632641154120543	0.0161536488687868	0.0331904353073485	0.568473491579471	FALSE	FALSE
EIF4A2	chr3	186787883	186789124	+	1	alternative donor	0.763520996258536	-0.408888832539078	-9.49198268600275	9.97629717006977e-16	1.0281632325881e-13	0.0740264672160236	0.0690986806942051	-0.00370940070446932	1	FALSE	FALSE
EIF4A2	chr3	186788417	186789124	+	1	alternative donor	0.0865219491767041	0.448596279940244	9.83252282155947	1.74463896516713e-16	2.04604038639083e-14	-0.083290524429378	0.0514259404579107	0.00160607855455322	1	FALSE	FALSE
EIF4A2	chr3	186788421	186789124	+	1	alternative donor	0.14995705456476	0.315384907911874	7.36296266309399	4.57136485597717e-11	2.42925185549662e-09	-0.0566715126609345	0.153426703380888	0.00336769435965632	1	FALSE	FALSE
IQCG	chr3	197951312	197954002	+	1	alternative donor	0.993575639086367	-0.0141710599225477	-0.471000917337334	0.638636091092617	0.80384949881791	0.00633851322747998	0.882259826212136	0.0043502176073706	1	FALSE	FALSE
IQCG	chr3	197951329	197954002	+	1	alternative donor	0.00642436091363277	0.0141710599225479	0.471000917337341	0.638636091092612	0.80384949881791	-0.00633851322747988	0.882259826212136	-0.00435021760737042	1	FALSE	FALSE
ADD1	chr4	2926113	2928170	+	1	alternative donor	0.925092992826144	-0.216652658621147	-3.28911173656108	0.00137605141225325	0.00799013521639285	0.0199755824950761	0.823063273377401	-0.0248141726729861	0.947283790071782	FALSE	FALSE
ADD1	chr4	2926676	2928170	+	1	alternative donor	0.0749070071738563	0.216652658621147	3.28911173656108	0.00137605141225325	0.00799013521639285	-0.0199755824950761	0.823063273377401	0.024814172672986	0.947283790071782	FALSE	FALSE
SLAIN2	chr4	48383785	48420124	+	1	alternative donor	0.32113585721216	0.228422492519913	2.88932754414615	0.00470749076125503	0.0210751983142277	-0.0259726984362213	0.799785191078436	0.0203313838600959	1	FALSE	FALSE
SLAIN2	chr4	48394654	48420124	+	1	alternative donor	0.67886414278784	-0.228422492519913	-2.88932754414615	0.00470749076125504	0.0210751983142277	0.0259726984362213	0.799785191078436	-0.0203313838600959	1	FALSE	FALSE
OCIAD1	chr4	48831250	48832619	+	1	alternative donor	0.789555684170326	-0.0549248931223393	-0.649710908846576	0.517325325813163	0.708017478104856	0.0145147217569781	0.924398079378902	0.00492780478332942	1	FALSE	FALSE
OCIAD1	chr4	48831497	48832619	+	1	alternative donor	0.210444315829674	0.0549248931223393	0.649710908846576	0.517325325813163	0.708017478104856	-0.0145147217569781	0.924398079378902	-0.00492780478332938	1	FALSE	FALSE
FIP1L1	chr4	53391140	53399729	+	1	alternative donor	0.525239458716094	0.0756133762997982	0.817083554966201	0.415766615648658	0.606876506360981	0.0128041924510967	0.948088553727551	0.0321357674581511	0.970467838347115	FALSE	FALSE
FIP1L1	chr4	53391499	53399729	+	1	alternative donor	0.474760541283906	-0.0756133762997982	-0.817083554966201	0.415766615648658	0.606876506360981	-0.0128041924510967	0.948088553727551	-0.0321357674581511	0.970467838347115	FALSE	FALSE
FIP1L1	chr4	53399840	53425871	+	1	alternative donor	0.395540654381903	0.125315209625912	2.77010686584314	0.00664878970508325	0.0277114384644463	-0.0379860238807369	0.334959610994181	-0.0170237602009866	0.947283790071782	FALSE	FALSE
FIP1L1	chr4	53414723	53425871	+	1	alternative donor	0.604459345618097	-0.125315209625912	-2.77010686584314	0.00664878970508327	0.0277114384644463	0.037986023880737	0.334959610994181	0.0170237602009866	0.947283790071782	FALSE	FALSE
FIP1L1	chr4	53428184	53442652	+	1	alternative donor	0.620247284761491	0.152054179887676	3.55549057191989	0.000571460150129866	0.0039422636320318	-0.0474686414318987	0.166121926955096	-0.0222912629507317	0.859040754071165	FALSE	FALSE
FIP1L1	chr4	53440609	53442652	+	1	alternative donor	0.379752715238509	-0.152054179887676	-3.55549057191989	0.000571460150129866	0.0039422636320318	0.0474686414318987	0.166121926955096	0.0222912629507317	0.859040754071165	FALSE	FALSE
FGF5	chr4	80267180	80286324	+	1	alternative donor		0.146830083033254	1.86082396459688	0.0656493070651871	0.15857478219368	0.00710736467754488	0.985099221234231	0.0413837830037567	0.855196191594143	FALSE	FALSE
FGF5	chr4	80275013	80286324	+	1	alternative donor		-0.146830083033254	-1.86082396459688	0.0656493070651871	0.15857478219368	-0.00710736467754487	0.985099221234231	-0.0413837830037568	0.855196191594143	FALSE	FALSE
HNRNPD	chr4	82355402	82356795	-	1	alternative donor	0.570012806022828	-0.00801467243474112	-0.225878338859259	0.821743650257342	0.933695996864839	0.0128585008490178	0.761858153714712	0.0134688841023375	0.947209588825768	TRUE	TRUE
HNRNPD	chr4	82356684	82356795	-	1	alternative donor	0.429987193977172	0.0080146724347411	0.225878338859258	0.821743650257342	0.933695996864839	-0.0128585008490179	0.761858153714712	-0.0134688841023375	0.947209588825768	TRUE	TRUE
HNRNPDL	chr4	82424884	82426036	-	1	alternative donor	0.892816816287722	0.173250548720229	3.85522010308896	0.000201498046448393	0.00169208606412589	-0.0120205834453491	0.854012442237037	0.0245359951240638	0.846802145998523	FALSE	FALSE
HNRNPDL	chr4	82425668	82426036	-	1	alternative donor	0.107183183712278	-0.173250548720229	-3.85522010308896	0.000201498046448393	0.00169208606412589	0.0120205834453491	0.854012442237037	-0.0245359951240638	0.846802145998523	FALSE	FALSE
SEC31A	chr4	82829059	82844385	-	1	alternative donor	0.633605455050643	-0.216962237050948	-5.35844700451355	5.14905263051221e-07	1.00643264346966e-05	0.055295056967678	0.0842536324072403	0.0170434569064962	0.91701834432199	FALSE	FALSE
SEC31A	chr4	82842482	82844385	-	1	alternative donor	0.366394544949357	0.216962237050948	5.35844700451355	5.14905263051224e-07	1.00643264346966e-05	-0.055295056967678	0.0842536324072403	-0.0170434569064962	0.91701834432199	FALSE	FALSE
SEC31A	chr4	82844510	82848803	-	1	alternative donor	0.913297752787619	-0.0965211102302342	-1.69659461380429	0.0927935335315462	0.20780853673021	0.0522100283693715	0.268661481983372	0.0403581825368432	0.741886104162562	FALSE	FALSE
SEC31A	chr4	82845294	82848803	-	1	alternative donor	0.086702247212381	0.0965211102302342	1.69659461380429	0.0927935335315461	0.20780853673021	-0.0522100283693715	0.268661481983372	-0.0403581825368431	0.741886104162562	FALSE	FALSE
SEC31A	chr4	82857765	82862533	-	1	alternative donor	0.258577517053716	0.0729350798727052	2.24935141908481	0.0266180490158393	0.0805201343796394	-0.0108169532187904	0.793030961044261	0.00349572993501439	1	FALSE	FALSE
SEC31A	chr4	82857765	82863317	-	1	alternative donor	0.256739503393684	0.163235487366688	3.85748141944195	0.000199877966208729	0.00168681132276895	-0.0472067221630536	0.169966229918547	-0.0194759094732081	0.894056176820071	FALSE	FALSE
SEC31A	chr4	82861709	82862533	-	1	alternative donor	0.741422482946284	-0.0729350798727052	-2.24935141908481	0.0266180490158394	0.0805201343796394	0.0108169532187904	0.793030961044261	-0.00349572993501437	1	FALSE	FALSE
SEC31A	chr4	82862573	82863317	-	1	alternative donor	0.743260496606316	-0.163235487366688	-3.85748141944195	0.000199877966208729	0.00168681132276895	0.0472067221630536	0.169966229918547	0.0194759094732081	0.894056176820071	FALSE	FALSE
RAP1GDS1	chr4	98352602	98391951	+	1	alternative donor	0.172888532924444	0.110899200733924	0.896499143757764	0.372076777917399	0.573324618395283	5.66339825804729e-05	1	0.0249068845361525	1	FALSE	FALSE
RAP1GDS1	chr4	98379164	98391951	+	1	alternative donor	0.827111467075556	-0.110899200733924	-0.896499143757765	0.372076777917399	0.573324618395283	-5.6633982580554e-05	1	-0.0249068845361525	1	FALSE	FALSE
SEC24D	chr4	118815156	118815450	-	1	alternative donor	0.69851413597917	-0.0240534317141367	-0.564441982417759	0.573680504996518	0.755357103171955	0.0199528195887298	0.673618707240311	0.0182979668619218	0.91701834432199	FALSE	FALSE
SEC24D	chr4	118815159	118815450	-	1	alternative donor	0.30148586402083	0.0240534317141368	0.56444198241776	0.573680504996517	0.755357103171955	-0.0199528195887299	0.673618707240311	-0.0182979668619218	0.91701834432199	FALSE	FALSE
PCDH18	chr4	137528818	137529601	-	1	alternative donor	0.696550024198763	-0.0320094984144592	-1.30412967139129	0.195096235711555	0.36537571456773	-0.0106801746027285	0.694106923497671	-0.0198478181276227	0.658468004394034	FALSE	FALSE
PCDH18	chr4	137528821	137529601	-	1	alternative donor	0.303449975801237	0.0320094984144593	1.30412967139129	0.195096235711554	0.36537571456773	0.0106801746027285	0.694106923497671	0.0198478181276228	0.658468004394034	FALSE	FALSE
FAT1	chr4	186589221	186595688	-	1	alternative donor	0.232049270947718	0.536605783872671	6.97607958061275	3.00852937394513e-10	1.23277209648041e-08	-0.154300825799855	0.00753408092695726	-0.0629759582939117	0.647905945847166	FALSE	FALSE
FAT1	chr4	186590404	186595688	-	1	alternative donor	0.767950729052282	-0.536605783872671	-6.97607958061276	3.00852937394508e-10	1.23277209648041e-08	0.154300825799855	0.00753408092695726	0.0629759582939118	0.647905945847166	FALSE	FALSE
FRG1	chr4	189957503	189960747	+	1	alternative donor	0.863726629154128	0.0702738840815864	0.879251167172455	0.381311784050543	0.578954371867799	0.0044394678292077	1	0.0210102258376034	1	FALSE	FALSE
FRG1	chr4	189959923	189960747	+	1	alternative donor	0.136273370845872	-0.0702738840815865	-0.879251167172455	0.381311784050543	0.578954371867799	-0.00443946782920774	1	-0.0210102258376035	1	FALSE	FALSE
ENSG00000286001	chr5	306755	311292	+	1	alternative donor	0.209358916007158	-0.0493440274735291	-1.32625306805306	0.187689254221671	0.355022888547221	0.0170767352211314	0.680546396015288	0.00921913960184568	1	FALSE	FALSE
ENSG00000286001	chr5	306761	311292	+	1	alternative donor	0.790641083992842	0.0493440274735291	1.32625306805306	0.187689254221671	0.355022888547221	-0.0170767352211314	0.680546396015288	-0.0092191396018457	1	FALSE	FALSE
TRIO	chr5	14497006	14497846	+	1	alternative donor	0.242637586750048	0.0354461384050929	0.920643580688455	0.359387788505272	0.560935231164033	-0.00772652705423351	0.892282704818756	-0.00123261934301247	1	FALSE	FALSE
TRIO	chr5	14497018	14497846	+	1	alternative donor	0.757362413249952	-0.0354461384050929	-0.920643580688455	0.359387788505272	0.560935231164033	0.00772652705423352	0.892282704818756	0.00123261934301248	1	FALSE	FALSE
RAI14	chr5	34812209	34814582	+	1	alternative donor	0.872045727567017	-0.142404193473271	-1.52485095445079	0.130360986846094	0.272165571678065	0.0411201269814591	0.694106923497671	0.0169165246160827	1	FALSE	FALSE
RAI14	chr5	34813661	34814582	+	1	alternative donor	0.127954272432984	0.142404193473271	1.52485095445079	0.130360986846094	0.272165571678065	-0.0411201269814591	0.694106923497671	-0.0169165246160827	1	FALSE	FALSE
DAB2	chr5	39383272	39388798	-	1	alternative donor	0.052295151648367	0.0185225685244203	0.251011793399252	0.80230506141253	0.917310980242432	-0.0520721124325627	0.431361196420165	-0.0576648972652663	0.685750082706529	FALSE	FALSE
DAB2	chr5	39388368	39388798	-	1	alternative donor	0.947704848351633	-0.0185225685244203	-0.251011793399252	0.80230506141253	0.917310980242432	0.0520721124325625	0.431361196420165	0.0576648972652662	0.685750082706529	FALSE	FALSE
CDC20B	chr5	55160397	55164054	+	1	alternative donor	0.0525920486511396	-0.169465496327942	-2.5009230478532	0.0139630629254485	0.0490582407122424	0.0327619547900986	0.670560005018732	0.000933421443966671	1	FALSE	FALSE
CDC20B	chr5	55161256	55164054	+	1	alternative donor	0.94740795134886	0.169465496327942	2.5009230478532	0.0139630629254486	0.0490582407122424	-0.0327619547900986	0.670560005018732	-0.000933421443966784	1	FALSE	FALSE
NDUFAF2	chr5	60945383	61073124	+	1	alternative donor	0.881121466920754	-0.394291987533965	-2.64328221954144	0.00949318669312588	0.0359136017167087	0.0695442175554419	0.68303713083084	-0.00576071963607772	1	FALSE	FALSE
NDUFAF2	chr5	60945429	61073124	+	1	alternative donor	0.118878533079246	0.394291987533965	2.64328221954144	0.00949318669312588	0.0359136017167087	-0.0695442175554419	0.68303713083084	0.00576071963607778	1	FALSE	FALSE
AK6	chr5	69355954	69366502	-	1	alternative donor	0.59620963317894	0.143452336701576	2.66308414446539	0.00898658749607305	0.0347311182660732	-0.0906993479023144	0.00882972504211535	-0.0755361583693667	0.184446389091067	FALSE	FALSE
AK6	chr5	69365755	69366502	-	1	alternative donor	0.40379036682106	-0.143452336701576	-2.66308414446539	0.00898658749607305	0.0347311182660732	0.0906993479023144	0.00882972504211535	0.0755361583693667	0.184446389091067	FALSE	FALSE
BTF3	chr5	73498559	73499133	+	1	alternative donor	0.972139834632839	-0.15289017593927	-2.38501690933722	0.0189070065095796	0.0611242672424717	-0.0303754703822007	0.678742961484799	-0.0703030174408811	0.409302684141482	FALSE	FALSE
BTF3	chr5	73498800	73499133	+	1	alternative donor	0.0278601653671612	0.15289017593927	2.38501690933723	0.0189070065095794	0.0611242672424717	0.0303754703822007	0.678742961484799	0.0703030174408812	0.409302684141482	FALSE	FALSE
VCAN	chr5	83512397	83537006	+	1	alternative donor	0.657508203410768	0.0838939916940962	0.995060329465569	0.322038848188737	0.520558043103561	-0.0757150022842089	0.273865833709334	-0.0710886929074659	0.618142836076918	FALSE	FALSE
VCAN	chr5	83522310	83537006	+	1	alternative donor	0.342491796589232	-0.0838939916940962	-0.995060329465569	0.322038848188737	0.520558043103561	0.0757150022842089	0.273865833709334	0.0710886929074659	0.618142836076918	FALSE	FALSE
COX7C	chr5	86618054	86619352	+	1	alternative donor	0.10019784400361	0.0329085202464705	0.98939831691295	0.324786873597454	0.523153246835165	0.00864967337672309	0.849838221698759	0.017638821423931	0.855196191594143	FALSE	FALSE
COX7C	chr5	86618131	86619352	+	1	alternative donor	0.89980215599639	-0.0329085202464706	-0.98939831691295	0.324786873597454	0.523153246835165	-0.00864967337672307	0.849838221698759	-0.017638821423931	0.855196191594143	FALSE	FALSE
ELL2	chr5	95919546	95943001	-	1	alternative donor	0.944640136980128	-0.23499418443884	-2.58110117530898	0.0112563218494348	0.0405108472062726	0.0679909828263538	0.418253520925653	0.0280756416920183	0.983234759464368	FALSE	FALSE
ELL2	chr5	95932714	95943001	-	1	alternative donor	0.0553598630198719	0.234994184438841	2.58110117530898	0.0112563218494347	0.0405108472062726	-0.0679909828263538	0.418253520925653	-0.0280756416920183	0.983234759464368	FALSE	FALSE
CAST	chr5	96695908	96722638	+	1	alternative donor	0.8214768406153	-0.193017008306788	-2.16377698313211	0.0327930712141822	0.093096189648943	0.097623085556177	0.153426703380888	0.0726534774101854	0.652295136343699	FALSE	FALSE
CAST	chr5	96702916	96722638	+	1	alternative donor	0.1785231593847	0.193017008306789	2.16377698313211	0.0327930712141822	0.093096189648943	-0.0976230855561771	0.153426703380888	-0.0726534774101855	0.652295136343699	FALSE	FALSE
CAST	chr5	96722699	96727488	+	1	alternative donor	0.67775880787016	0.0993225155124211	2.03546287946744	0.0443720869874812	0.116984083600328	-0.0258830951284778	0.622164109157198	-0.00847858976051587	1	FALSE	FALSE
CAST	chr5	96726860	96727488	+	1	alternative donor	0.32224119212984	-0.0993225155124211	-2.03546287946744	0.0443720869874812	0.116984083600328	0.0258830951284778	0.622164109157198	0.00847858976051587	1	FALSE	FALSE
CAST	chr5	96727531	96729611	+	1	alternative donor	0.161910565983034	-0.0350407621446371	-0.973191701904364	0.332738009497208	0.530425005070799	0.0247417771102563	0.45016910570193	0.0215218457454765	0.801020692772742	FALSE	FALSE
CAST	chr5	96729210	96729611	+	1	alternative donor	0.838089434016966	0.0350407621446371	0.973191701904365	0.332738009497207	0.530425005070799	-0.0247417771102563	0.45016910570193	-0.0215218457454765	0.801020692772742	FALSE	FALSE
PAM	chr5	102961230	102990271	+	1	alternative donor	0.251668790960556	-0.00118583868704715	-0.0320611516915093	0.974485329286905	1	0.0362302777243951	0.213800309675124	0.0427425557102318	0.359184038655864	FALSE	FALSE
PAM	chr5	102974437	102990271	+	1	alternative donor	0.68299137636926	0.0510984823049561	1.38475190786282	0.169120626281365	0.330183266350701	-0.0476346968971634	0.0614943130233296	-0.0451008529016357	0.292458316033086	FALSE	FALSE
PAM	chr5	102987572	102990271	+	1	alternative donor	0.0653398326701846	-0.171301954571722	-4.18943026792481	5.91630164063597e-05	0.000570009684980253	0.062162622246511	0.0326446577345178	0.0354229688065832	0.594001852177196	FALSE	FALSE
PAM	chr5	103019844	103028886	+	1	alternative donor	0.0293610360896769	-0.0156478419511896	-0.339826828631639	0.734678935149136	0.875348397371199	0.00955506011415612	0.884935846288881	0.00783773390487375	1	FALSE	FALSE
PAM	chr5	103028239	103028886	+	1	alternative donor	0.970638963910323	0.0156478419511896	0.33982682863164	0.734678935149135	0.875348397371199	-0.00955506011415615	0.884935846288881	-0.00783773390487376	1	FALSE	FALSE
AP3S1	chr5	115870129	115902884	+	1	alternative donor	0.034814800715541	0.0496976617250391	0.77701768752749	0.438929219490136	0.629607033102472	0.00689359484234687	0.973039865376012	0.0193147197024737	0.985187378373503	FALSE	FALSE
AP3S1	chr5	115895159	115902884	+	1	alternative donor	0.965185199284459	-0.0496976617250388	-0.777017687527486	0.438929219490139	0.629607033102472	-0.00689359484234708	0.973039865376012	-0.0193147197024739	0.985187378373503	FALSE	FALSE
P4HA2	chr5	132198272	132198878	-	1	alternative donor	0.173187447795138	0.031101250921285	1.13523754467223	0.258910620110524	0.443828134574543	-0.0182941321455252	0.467803958187632	-0.0147503762217897	0.852325246216829	FALSE	FALSE
P4HA2	chr5	132198381	132198878	-	1	alternative donor	0.826812552204862	-0.031101250921285	-1.13523754467223	0.258910620110524	0.443828134574543	0.0182941321455252	0.467803958187632	0.0147503762217897	0.852325246216829	FALSE	FALSE
P4HA2	chr5	132204153	132209137	-	1	alternative donor	0.0490298820064307	-0.00328923452376743	-0.0430897576139054	0.96571340649163	1	0.0152842077987662	0.892282704818756	0.0174068102639168	1	FALSE	FALSE
P4HA2	chr5	132207885	132209137	-	1	alternative donor	0.950970117993569	0.00328923452376748	0.0430897576139061	0.96571340649163	1	-0.0152842077987663	0.892282704818756	-0.0174068102639168	1	FALSE	FALSE
MACROH2A1	chr5	135350914	135360496	-	1	alternative donor	0.686313799451974	-0.296817912502224	-4.40667487957209	2.5792888954727e-05	0.000284810439399438	0.0679113185870011	0.251643441873892	0.0141335431011427	1	FALSE	FALSE
MACROH2A1	chr5	135353046	135360496	-	1	alternative donor	0.313686200548027	0.296817912502224	4.40667487957209	2.57928889547271e-05	0.000284810439399438	-0.0679113185870011	0.251643441873892	-0.0141335431011427	1	FALSE	FALSE
MACROH2A1	chr5	135360605	135369405	-	1	alternative donor	0.570818990956037	-0.0446688131460774	-1.29574297062668	0.197960275366199	0.369518604017807	-0.0138687827295175	0.724659214924882	-0.026468429583307	0.685750082706529	FALSE	FALSE
MACROH2A1	chr5	135360608	135369405	-	1	alternative donor	0.429181009043963	0.0446688131460773	1.29574297062668	0.197960275366199	0.369518604017807	0.0138687827295175	0.724659214924882	0.026468429583307	0.685750082706529	FALSE	FALSE
TGFBI	chr5	136047421	136049438	+	1	alternative donor	0.998844475020142	-5.32621682717913e-17	-1.45816526213996e-14	0.999999999999988	1	1.90636814981925e-17	1	1.07001985972564e-17	1	FALSE	FALSE
TGFBI	chr5	136048350	136049438	+	1	alternative donor	0.00115552497985811	1.06524336543582e-16	2.91633052427992e-14	0.999999999999977	1	-3.81273629963851e-17	1	-2.14003971945129e-17	1	FALSE	FALSE
TGFBI	chr5	136054036	136054715	+	0	alternative donor	0.00121258075742435	1.06524336543582e-16	2.91633052427992e-14	0.999999999999977	1	-3.81273629963851e-17	1	-2.14003971945129e-17	1	FALSE	FALSE
TGFBI	chr5	136054081	136054715	+	1	alternative donor	0.998787419242576	-5.32621682717913e-17	-1.45816526213996e-14	0.999999999999988	1	1.90636814981925e-17	1	1.07001985972564e-17	1	FALSE	FALSE
TGFBI	chr5	136061580	136063185	+	1	alternative donor	0.00139318737915277	1.06524336543582e-16	2.91633052427992e-14	0.999999999999977	1	-3.81273629963851e-17	1	-2.14003971945129e-17	1	FALSE	FALSE
TGFBI	chr5	136062688	136063185	+	1	alternative donor	0.998606812620847	-5.32621682717913e-17	-1.45816526213996e-14	0.999999999999988	1	1.90636814981925e-17	1	1.07001985972564e-17	1	FALSE	FALSE
NDUFA2	chr5	140645679	140647255	-	1	alternative donor	0.920062069270126	-0.235631142229228	-3.18782208976064	0.00189862837223142	0.0102495795142208	0.118363144569338	0.0159131608292731	0.0877286570229024	0.330176830903479	FALSE	FALSE
NDUFA2	chr5	140645726	140647255	-	1	alternative donor	0.0799379307298735	0.235631142229228	3.18782208976064	0.00189862837223143	0.0102495795142208	-0.118363144569338	0.0159131608292731	-0.0877286570229024	0.330176830903479	FALSE	FALSE
PCDHGA1	chr5	141400525	141494806	+	1	alternative donor	0.177511027421005	-0.254893493063897	-2.9267177769336	0.00421562612664083	0.0191419819181648	0.0327843427487471	0.762653396066348	-0.018174513661561	1	FALSE	FALSE
PCDHGA1	chr5	141423661	141494806	+	1	alternative donor	0.137722341796097	-0.266082657326078	-1.8314644989526	0.0699215203870995	0.16629586771785	-0.0278587979392121	0.904079701791939	-0.0926688449574162	0.790958395735541	FALSE	FALSE
PCDHGA1	chr5	141433184	141494806	+	1	alternative donor	0.215388040680505	-0.0146096636100927	-0.12065897575302	0.904196213575118	0.985939725420874	-0.00237704362636221	1	-0.00609406821386399	1	FALSE	FALSE
PCDHGA1	chr5	141478547	141494806	+	1	alternative donor	0.469378590102393	0.354648547793719	3.9623458668576	0.000137005283832722	0.00120091487194611	-0.0399438659618916	0.710132090145602	0.0320191456261189	0.96580989741943	FALSE	FALSE
CSNK1A1	chr5	149513210	149520289	-	1	alternative donor	0.803583399499902	0.0107614989662944	0.188261016965911	0.851042454217085	0.955876944118991	-0.0465058616947991	0.334038183987725	-0.0527956796477096	0.531656996651018	FALSE	FALSE
CSNK1A1	chr5	149517878	149520289	-	1	alternative donor	0.196416600500098	-0.0107614989662945	-0.188261016965913	0.851042454217084	0.955876944118991	0.0465058616947992	0.334038183987725	0.0527956796477096	0.531656996651018	FALSE	FALSE
ANXA6	chr5	151109847	151117126	-	1	alternative donor	0.214494541420005	-0.0435088809928156	-1.60182440248618	0.11225701247875	0.240874510687842	0.0348523253546487	0.0652316200655397	0.0316271310574244	0.347403424194094	FALSE	FALSE
ANXA6	chr5	151110645	151117126	-	1	alternative donor	0.785505458579995	0.0435088809928156	1.60182440248618	0.11225701247875	0.240874510687842	-0.0348523253546487	0.0652316200655397	-0.0316271310574244	0.347403424194094	FALSE	FALSE
SPARC	chr5	151666510	151667466	-	1	alternative donor	0.998143283095242	-0.00268069586441503	-0.635068652376562	0.526791914782574	0.717101805735655	0.00140192446476717	0.792590035901806	0.0010637604539466	1	FALSE	FALSE
SPARC	chr5	151666525	151667466	-	1	alternative donor	0.0018567169047579	0.00268069586441505	0.635068652376568	0.52679191478257	0.717101805735655	-0.00140192446476717	0.792590035901806	-0.0010637604539466	1	FALSE	FALSE
SPARC	chr5	151674672	151676131	-	1	alternative donor	0.0274928512612522	-0.0036305008094317	-0.106715864588793	0.915221972506548	0.99287717017377	0.000152196935026127	1	-0.000632504758750761	1	FALSE	FALSE
SPARC	chr5	151674675	151676131	-	1	alternative donor	0.972507148738748	0.00363050080943173	0.106715864588794	0.915221972506547	0.99287717017377	-0.000152196935026039	1	0.000632504758750883	1	FALSE	FALSE
CLINT1	chr5	157789514	157791702	-	1	alternative donor	0.710689527025524	0.181266906936286	2.69887641179824	0.00813264786072978	0.0324257155619484	-0.0153343425926539	0.874574993213875	0.0223978412569224	0.979643782041765	FALSE	FALSE
CLINT1	chr5	157789568	157791702	-	1	alternative donor	0.289310472974476	-0.181266906936286	-2.69887641179824	0.00813264786072978	0.0324257155619484	0.015334342592654	0.874574993213875	-0.0223978412569223	0.979643782041765	FALSE	FALSE
SPDL1	chr5	169588576	169591047	+	1	alternative donor	0.844050228220176	-0.485606047645831	-4.91178373521577	3.40631090719619e-06	5.19500600689428e-05	0.111444914653369	0.1872307540388	0.0235257791524926	1	FALSE	FALSE
SPDL1	chr5	169590830	169591047	+	1	alternative donor	0.155949771779824	0.485606047645831	4.91178373521577	3.40631090719617e-06	5.19500600689428e-05	-0.11144491465337	0.1872307540388	-0.0235257791524927	1	FALSE	FALSE
NPM1	chr5	171400211	171405301	+	1	alternative donor	0.0312985296985122	0.0218222487577235	0.582205430472299	0.561700558003591	0.74651957708879	-0.0174156431567088	0.676010069228796	-0.0157858900663775	0.91701834432199	FALSE	FALSE
NPM1	chr5	171400926	171405301	+	1	alternative donor	0.968701470301488	-0.0218222487577236	-0.582205430472301	0.56170055800359	0.74651957708879	0.0174156431567087	0.676010069228796	0.0157858900663774	0.91701834432199	FALSE	FALSE
PDLIM7	chr5	177489833	177490869	-	1	alternative donor	0.832142763490466	-0.149098885136919	-2.02177217034979	0.0457930459957627	0.119893879470045	0.00819684836142607	0.971905873218505	-0.0236654786454673	0.983234759464368	FALSE	FALSE
PDLIM7	chr5	177490594	177490869	-	1	alternative donor	0.167857236509534	0.149098885136919	2.02177217034979	0.0457930459957627	0.119893879470045	-0.00819684836142609	0.971905873218505	0.0236654786454673	0.983234759464368	FALSE	FALSE
HNRNPAB	chr5	178209448	178210552	+	1	alternative donor	0.205429692122768	-0.020815518249698	-0.301980512797208	0.763275820709819	0.892824794415407	0.0649190828269851	0.236565297211588	0.0724016686229091	0.449327775415958	FALSE	FALSE
HNRNPAB	chr5	178210273	178210552	+	1	alternative donor	0.794570307877232	0.020815518249698	0.301980512797207	0.763275820709819	0.892824794415407	-0.0649190828269851	0.236565297211588	-0.0724016686229091	0.449327775415958	FALSE	FALSE
ADAMTS2	chr5	179140036	179152141	-	1	alternative donor	0.867167357042668	0.0200507055593342	0.297830468774441	0.766432470717338	0.893295693252114	-0.0728410047481588	0.147107859516309	-0.0819769135195048	0.293588017304616	FALSE	FALSE
ADAMTS2	chr5	179151201	179152141	-	1	alternative donor	0.132832642957333	-0.0200507055593342	-0.297830468774442	0.766432470717338	0.893295693252114	0.0728410047481588	0.147107859516309	0.0819769135195048	0.293588017304616	FALSE	FALSE
HNRNPH1	chr5	179614960	179616125	-	1	alternative donor	0.106575792030612	0.149951295368908	1.92653336417783	0.0567939103293662	0.140887008774744	0.0116869146942135	0.941406122136108	0.0474599821429116	0.798407867080828	TRUE	FALSE
HNRNPH1	chr5	179615596	179616125	-	1	alternative donor	0.893424207969388	-0.149951295368908	-1.92653336417783	0.0567939103293661	0.140887008774744	-0.0116869146942135	0.941406122136108	-0.0474599821429115	0.798407867080828	TRUE	FALSE
HNRNPH1	chr5	179616959	179617513	-	1	alternative donor	0.409114504095015	-0.025822375973718	-2.00318700852322	0.0477841029999253	0.123396912910209	-0.000243761379240962	1	-0.00607316492136442	0.885309445713496	TRUE	FALSE
HNRNPH1	chr5	179617111	179617513	-	1	alternative donor	0.590885495904986	0.0258223759737181	2.00318700852323	0.0477841029999252	0.123396912910209	0.000243761379240959	1	0.00607316492136441	0.885309445713496	TRUE	FALSE
HNRNPH1	chr5	179618324	179620891	-	1	alternative donor	0.093143514590899	-0.102553026888398	-1.24929862860872	0.2143874634412	0.391795681441978	-0.0036682693149019	1	-0.0273247672109405	0.979943571204315	TRUE	FALSE
HNRNPH1	chr5	179619408	179620891	-	1	alternative donor	0.906856485409101	0.102553026888398	1.24929862860872	0.2143874634412	0.391795681441978	0.00366826931490189	1	0.0273247672109405	0.979943571204315	TRUE	FALSE
CANX	chr5	179699050	179705678	+	1	alternative donor		-0.181664794218972	-1.34304028916082	0.182239746602465	0.34761490644699	-0.00147807401708296	1	-0.0423843554863458	0.983234759464368	FALSE	FALSE
CANX	chr5	179699103	179705678	+	1	alternative donor		0.181664794218972	1.34304028916082	0.182239746602465	0.34761490644699	0.00147807401708292	1	0.0423843554863458	0.983234759464368	FALSE	FALSE
""	chr6	3156153	3227486	-	0	alternative donor		0.120980849320086	1.4088689641335	0.162104710737699	0.318865310132396	-0.0439773173688908	0.62666596507753	-0.0257187092914371	0.983234759464368	FALSE	FALSE
""	chr6	3179713	3227486	-	0	alternative donor		-0.120980849320086	-1.4088689641335	0.162104710737699	0.318865310132396	0.0439773173688909	0.62666596507753	0.0257187092914371	0.983234759464368	FALSE	FALSE
""	chr6	29725564	29890263	+	0	alternative donor		0.00863979797395644	0.0621843857542706	0.950550895659125	1	-0.0673283724770757	0.652044444982553	-0.0789876976618874	0.83414611106599	FALSE	FALSE
""	chr6	29725564	30009144	+	0	alternative donor		0.160867490496239	1.20724906478761	0.230302350514161	0.407522525545609	-0.132191802180738	0.219027299508437	-0.12057923452028	0.574574375332619	FALSE	FALSE
TRIM10	chr6	29828819	30491136	+	0	alternative donor	0.0580125842638644	0.321366649679315	2.97685883878076	0.00363013733694541	0.017076206200486	0.00293738537788451	1	0.075467919243428	0.74947494310319	FALSE	FALSE
""	chr6	29829694	29944499	+	0	alternative donor	0.0771505272783327	0.379183166498817	2.15337414692062	0.0336226704148816	0.0939058558479313	0.0123832582927568	1	0.0996308863295367	0.833940535409399	FALSE	FALSE
TRIM10	chr6	29829694	30491536	+	0	alternative donor		0.519388419584741	2.08553479457852	0.0395165633844266	0.105990403841037	0.0623910857326773	0.85740388599001	0.190237139949035	0.686024928078753	FALSE	FALSE
""	chr6	29830411	29945233	+	0	alternative donor	0.0794157782093647	-0.102563260745714	-0.826011649757994	0.410706706953969	0.603635916313936	-0.00544698160260917	1	-0.0294385296118945	1	FALSE	FALSE
""	chr6	29888743	29944121	+	0	alternative donor	0.207330770258231	0.0920502132346965	0.448181644058557	0.654963441671605	0.81622999504161	-0.102940278940714	0.639443528098407	-0.101580355389966	0.869621028064469	FALSE	FALSE
TRIM26	chr6	29888743	30491136	+	0	alternative donor	0.148031913071076	0.397532473613321	3.12911828724075	0.00228083522295632	0.011806880659474	-0.0597076739446703	0.685374189563761	0.0181632811994183	1	FALSE	FALSE
""	chr6	29889824	29890263	+	1	alternative donor		-0.0086397979739564	-0.0621843857542703	0.950550895659126	1	0.0673283724770757	0.652044444982553	0.0789876976618873	0.83414611106599	FALSE	FALSE
""	chr6	29890297	29945233	+	1	alternative donor	0.459570520966595	-0.264605603378247	-1.29043018240325	0.199790656866815	0.371486935018776	0.0221204677984826	0.973039865376012	-0.0330087228438636	1	FALSE	FALSE
""	chr6	29926531	29942756	+	1	alternative donor	0.100124485756619	0.363246441845852	2.78041479175309	0.00645581286394154	0.0272125464712437	-0.0655654900265291	0.652820704647319	0.003530071425969	1	FALSE	FALSE
""	chr6	29928329	29944499	+	1	alternative donor	0.340076127932016	-0.188284947404061	-2.65343019493894	0.0092304260098024	0.0353017159296107	0.0673383764193465	0.2587492855825	0.0377630725412478	0.855196191594143	FALSE	FALSE
HLA-A	chr6	29942627	29942756	+	1	alternative donor	0.899875514243381	-0.363246441845852	-2.78041479175309	0.00645581286394156	0.0272125464712437	0.0655654900265292	0.652820704647319	-0.00353007142596877	1	FALSE	FALSE
HLA-A	chr6	29943544	29944121	+	1	alternative donor	0.792669229741769	-0.0920502132346963	-0.448181644058556	0.654963441671606	0.81622999504161	0.102940278940714	0.639443528098407	0.101580355389966	0.869621028064469	FALSE	FALSE
HLA-A	chr6	29944398	29944499	+	1	alternative donor	0.582773344789651	0.100054707737915	1.35401226046893	0.178695839186081	0.343521421709153	-0.059509149354702	0.343484295654107	-0.0482313387011072	0.789248730470528	FALSE	FALSE
""	chr6	29944617	30009144	+	1	alternative donor		-0.160867490496239	-1.20724906478761	0.230302350514161	0.407522525545609	0.132191802180738	0.219027299508437	0.12057923452028	0.574574375332619	FALSE	FALSE
HLA-A	chr6	29945092	29945233	+	1	alternative donor	0.46101370082404	0.374919822464481	1.52042638474068	0.131467778576211	0.27397176160398	-0.048350277526986	0.897740546257431	0.0265805224440619	1	FALSE	FALSE
""	chr6	30007594	30491136	+	0	alternative donor	0.144600629879482	0.487528012136637	3.72996238850755	0.000313601946922386	0.00238604076394415	-0.0847992716499499	0.521696669092924	0.00853516622557581	1	FALSE	FALSE
HLA-E	chr6	30490516	30491136	+	1	alternative donor	0.649354872785578	-0.571244365860079	-3.31820981266419	0.00125291974182397	0.00743661438384526	0.0828416470048023	0.680546396015288	-0.0296101498949218	1	FALSE	FALSE
HLA-E	chr6	30491413	30491536	+	1	alternative donor		-0.519388419584741	-2.08553479457852	0.0395165633844265	0.105990403841037	-0.0623910857326773	0.85740388599001	-0.190237139949035	0.686024928078753	FALSE	FALSE
""	chr6	31269526	31355106	-	1	alternative donor	0.0822045680756773	0.297793916397868	2.22939953150983	0.027958658956831	0.0825411450626581	-0.0560670685767733	0.718437111665739	0.000145114547060777	1	FALSE	FALSE
""	chr6	31270086	31355316	-	1	alternative donor	0.180714172735065	0.1635210910997	1.20333141804441	0.231606585523917	0.408754142284353	-0.0737842967659226	0.598806405815995	-0.0509615922119087	0.947283790071782	FALSE	FALSE
""	chr6	31271349	31356687	-	1	alternative donor	0.247875689188621	0.337617493780894	1.79348328978098	0.0758302303326498	0.178229864105972	-0.0793901003307571	0.710132090145602	-0.0186212953577216	1	FALSE	FALSE
HLA-B	chr6	31354666	31355106	-	1	alternative donor	0.917795431924323	-0.297793916397868	-2.22939953150983	0.027958658956831	0.0825411450626581	0.0560670685767733	0.718437111665739	-0.000145114547060768	1	FALSE	FALSE
HLA-B	chr6	31355224	31355316	-	1	alternative donor	0.819285827264935	-0.1635210910997	-1.20333141804441	0.231606585523916	0.408754142284353	0.0737842967659226	0.598806405815995	0.0509615922119087	0.947283790071782	FALSE	FALSE
HLA-B	chr6	31356443	31356687	-	1	alternative donor	0.752124310811379	-0.337617493780894	-1.79348328978098	0.0758302303326497	0.178229864105972	0.0793901003307571	0.710132090145602	0.0186212953577216	1	FALSE	FALSE
BAG6	chr6	31639227	31640198	-	1	alternative donor	0.351866159079504	0.298023846062305	4.3853190182302	2.80177120424927e-05	0.000305263285099044	-0.110638220620707	0.0195623179941869	-0.0645835975063085	0.504984125057773	FALSE	FALSE
BAG6	chr6	31639647	31640198	-	1	alternative donor	0.648133840920496	-0.298023846062305	-4.3853190182302	2.8017712042493e-05	0.000305263285099044	0.110638220620707	0.0195623179941869	0.0645835975063085	0.504984125057773	FALSE	FALSE
BAG6	chr6	31644195	31644524	-	1	alternative donor	0.618035319586047	-0.153928796018675	-2.00962322351658	0.0470863809230251	0.12247800119783	0.0679549381308634	0.292718211649474	0.0461902103707646	0.801020692772742	FALSE	FALSE
BAG6	chr6	31644415	31644524	-	1	alternative donor	0.381964680413953	0.153928796018675	2.00962322351658	0.0470863809230251	0.12247800119783	-0.0679549381308635	0.292718211649474	-0.0461902103707647	0.801020692772742	FALSE	FALSE
""	chr6	31835058	31835410	+	1	alternative donor	0.0487429214264166	0.503187103564093	7.59529904723259	1.45444836628454e-11	8.10914572743232e-10	-0.0900508369856906	0.144076737803187	0.00580853588942095	1	FALSE	FALSE
""	chr6	31835201	31835410	+	1	alternative donor	0.951257078573583	-0.503187103564093	-7.59529904723259	1.45444836628454e-11	8.10914572743232e-10	0.0900508369856904	0.144076737803187	-0.00580853588942109	1	FALSE	FALSE
""	chr6	31835452	31837235	+	1	alternative donor	0.862213816846483	0.0377574550692585	0.683196012849318	0.496016902068035	0.686590754551643	-0.0147816874550104	0.840134577256915	-0.00908994672240081	1	FALSE	FALSE
""	chr6	31836518	31837235	+	1	alternative donor	0.137786183153517	-0.0377574550692586	-0.683196012849319	0.496016902068034	0.686590754551643	0.0147816874550104	0.840134577256915	0.00908994672240083	1	FALSE	FALSE
NELFE	chr6	31954878	31955058	-	1	alternative donor	0.195487383987966	0.142565765622538	1.97016472401254	0.0515040966750868	0.130622992387748	-0.089141926932799	0.0842536324072403	-0.0738859560478906	0.474131077937937	FALSE	FALSE
NELFE	chr6	31954893	31955058	-	1	alternative donor	0.804512616012034	-0.142565765622538	-1.97016472401254	0.0515040966750868	0.130622992387748	0.089141926932799	0.0842536324072403	0.0738859560478906	0.474131077937937	FALSE	FALSE
BRD2	chr6	32974766	32975383	+	1	alternative donor	0.820880855707829	0.0390488385776988	0.861328674368254	0.391057765494064	0.586414224182236	-0.0210429892261648	0.677401510950243	-0.016233350798422	0.96580989741943	FALSE	FALSE
BRD2	chr6	32975113	32975383	+	1	alternative donor	0.179119144292171	-0.0390488385776988	-0.861328674368255	0.391057765494063	0.586414224182236	0.0210429892261648	0.677401510950243	0.016233350798422	0.96580989741943	FALSE	FALSE
RXRB	chr6	33195455	33195569	-	1	alternative donor	0.698251701573856	0.0141422367086383	0.251387676934652	0.802015254860585	0.917310980242432	-0.0225719704418766	0.724656472445455	-0.0236270530587116	0.91701834432199	FALSE	FALSE
RXRB	chr6	33195467	33195569	-	1	alternative donor	0.301748298426145	-0.0141422367086383	-0.251387676934652	0.802015254860585	0.917310980242432	0.0225719704418766	0.724656472445455	0.0236270530587117	0.91701834432199	FALSE	FALSE
HMGA1	chr6	34240883	34242711	+	1	alternative donor		0.0577487386079093	0.701311219910356	0.484721563879031	0.674248686606373	-0.030475910453997	0.751645034600265	-0.0233116387263318	1	FALSE	FALSE
HMGA1	chr6	34240916	34242711	+	1	alternative donor		-0.0577487386079093	-0.701311219910356	0.48472156387903	0.674248686606373	0.030475910453997	0.751645034600265	0.0233116387263318	1	FALSE	FALSE
SRSF3	chr6	36598984	36601151	+	1	alternative donor	0.913239352389855	0.394551661728848	7.23753783725541	8.44826962783214e-11	4.04684014144471e-09	-0.112012228757553	0.00690552140830229	-0.0445939581995812	0.647905945847166	TRUE	TRUE
SRSF3	chr6	36600277	36601151	+	1	alternative donor	0.0867606476101455	-0.394551661728847	-7.23753783725541	8.44826962783223e-11	4.04684014144471e-09	0.112012228757553	0.00690552140830229	0.0445939581995812	0.647905945847166	TRUE	TRUE
VEGFA	chr6	43778919	43784540	+	1	alternative donor	0.467486288819989	-0.0347835130745715	-0.720444952505214	0.472882937508893	0.662659608762977	0.00843447229790156	0.921155313251906	0.00222142307480936	1	FALSE	FALSE
VEGFA	chr6	43782088	43784540	+	1	alternative donor	0.532513711180012	0.0347835130745715	0.720444952505216	0.472882937508892	0.662659608762977	-0.00843447229790157	0.921155313251906	-0.00222142307480937	1	FALSE	FALSE
COL12A1	chr6	75085366	75087576	-	1	alternative donor	0.149221031578331	-0.0313724787587124	-0.611490708501201	0.542222066857729	0.730046417016286	0.0030393545961934	1	-0.00341898493187668	1	FALSE	FALSE
COL12A1	chr6	75086558	75087576	-	1	alternative donor	0.850778968421669	0.0313724787587124	0.6114907085012	0.542222066857729	0.730046417016286	-0.00303935459619338	1	0.00341898493187671	1	FALSE	FALSE
COL12A1	chr6	75165780	75177662	-	1	alternative donor	0.666993616466583	0.107887434078824	1.93008809875691	0.0563464142015013	0.140185921506442	-0.0920783028402768	0.00937276534182761	-0.085139057441262	0.130713536417908	FALSE	FALSE
COL12A1	chr6	75175311	75177662	-	1	alternative donor	0.333006383533417	-0.107887434078824	-1.93008809875691	0.0563464142015013	0.140185921506442	0.0920783028402768	0.00937276534182761	0.085139057441262	0.130713536417908	FALSE	FALSE
NT5E	chr6	85489600	85491976	+	1	alternative donor	0.0392337197943858	0.406274699194036	6.84946703846533	5.53524016359121e-10	2.16383353981309e-08	-0.0686273845406131	0.224122403729318	0.00953300857586738	1	FALSE	FALSE
NT5E	chr6	85490658	85491976	+	1	alternative donor	0.960766280205614	-0.406274699194036	-6.84946703846533	5.53524016359125e-10	2.16383353981309e-08	0.0686273845406131	0.224122403729318	-0.00953300857586736	1	FALSE	FALSE
ENSG00000271793	chr6	85612921	85614980	-	1	alternative donor		0.262014628931963	2.39728037510344	0.0183368704476195	0.0599650926849557	-0.0104128511324251	0.983784690777205	0.0464234722505328	0.91701834432199	FALSE	FALSE
ENSG00000271793	chr6	85612924	85614980	-	1	alternative donor		-0.262014628931963	-2.39728037510344	0.0183368704476195	0.0599650926849557	0.0104128511324251	0.983784690777205	-0.0464234722505328	0.91701834432199	FALSE	FALSE
ENSG00000271793	chr6	85640565	85642796	-	1	alternative donor		-0.28303582900639	-2.84314136813312	0.00539710650068899	0.0236845925275397	0.0992049151262736	0.224122403729318	0.0544368431308965	0.846802145998523	FALSE	FALSE
ENSG00000271793	chr6	85641452	85642796	-	1	alternative donor		0.28303582900639	2.84314136813312	0.005397106500689	0.0236845925275397	-0.0992049151262736	0.224122403729318	-0.0544368431308965	0.846802145998523	FALSE	FALSE
CD164	chr6	109369018	109376073	-	1	alternative donor	0.0459420523648037	0.0105574501452429	0.182511481993588	0.855540086839132	0.959344489066894	0.0282887362210395	0.648089822822384	0.0359456364669355	0.790958395735541	FALSE	FALSE
CD164	chr6	109370468	109376073	-	1	alternative donor	0.954057947635196	-0.0105574501452429	-0.182511481993588	0.855540086839132	0.959344489066894	-0.0282887362210396	0.648089822822384	-0.0359456364669355	0.790958395735541	FALSE	FALSE
HDDC2	chr6	125292910	125300537	-	1	alternative donor	0.580731342564338	-0.0278756238909811	-0.633023154571738	0.528121489353349	0.717101805735655	0.00399296207440236	0.983878662274079	-0.00150373867345621	1	FALSE	FALSE
HDDC2	chr6	125298817	125300537	-	1	alternative donor	0.419268657435662	0.0278756238909811	0.633023154571739	0.528121489353349	0.717101805735655	-0.00399296207440235	0.983878662274079	0.00150373867345621	1	FALSE	FALSE
CCN2	chr6	131949558	131949948	-	1	alternative donor	0.0176173733328418	0.000420764249778162	0.0116152578343754	0.990755041552576	1	-0.00229425113002864	1	-0.00262921049068752	1	FALSE	FALSE
CCN2	chr6	131949561	131949948	-	1	alternative donor	0.982382626667158	-0.000420764249777936	-0.0116152578343691	0.990755041552581	1	0.00229425113002872	1	0.00262921049068766	1	FALSE	FALSE
RPS12	chr6	132815089	132816460	+	1	alternative donor	0.988401710762481	0.30935998576973	6.2557585847779	9.14820802649204e-09	3.0502995586372e-07	-0.099853058880199	0.00528155141722205	-0.0492416547152432	0.479294981995654	FALSE	FALSE
RPS12	chr6	132815225	132816460	+	1	alternative donor	0.0115982892375192	-0.309359985769731	-6.25575858477792	9.1482080264916e-09	3.0502995586372e-07	0.099853058880199	0.00528155141722205	0.049241654715243	0.479294981995654	FALSE	FALSE
PCMT1	chr6	149802370	149810615	+	1	alternative donor	0.425644802877579	0.0375839445741095	0.838424512164976	0.403733831775523	0.596480782740467	-0.00845135235679511	0.90438525416237	-0.00161420894452811	1	FALSE	FALSE
PCMT1	chr6	149802417	149810615	+	1	alternative donor	0.574355197122421	-0.0375839445741095	-0.838424512164976	0.403733831775523	0.596480782740467	0.0084513523567951	0.90438525416237	0.00161420894452811	1	FALSE	FALSE
MRPL18	chr6	159790061	159790939	+	1	alternative donor		0.410572357270199	4.10359465651374	8.25672544400677e-05	0.000775721636327824	-0.048120560042279	0.686653973959783	0.0346766622882804	0.970467838347115	FALSE	FALSE
MRPL18	chr6	159790640	159790939	+	1	alternative donor		-0.410572357270199	-4.10359465651374	8.25672544400682e-05	0.000775721636327824	0.0481205600422789	0.686653973959783	-0.0346766622882805	0.970467838347115	FALSE	FALSE
WIPI2	chr7	5229706	5230834	+	1	alternative donor	0.395593873927379	0.138645728382894	1.83206966749261	0.0698305693045469	0.166242431881091	0.0012657418090983	1	0.0325569703079855	0.91701834432199	FALSE	FALSE
WIPI2	chr7	5229739	5230834	+	1	alternative donor	0.604406126072621	-0.138645728382894	-1.83206966749261	0.0698305693045467	0.166242431881091	-0.00126574180909833	1	-0.0325569703079855	0.91701834432199	FALSE	FALSE
RAC1	chr7	6392042	6400125	+	1	alternative donor	0.603791062104889	0.498425731253108	3.72835014727894	0.000315372956164243	0.0023888272247541	-0.196931569872527	0.0355431933292239	-0.122133699628278	0.547558060142882	FALSE	FALSE
RAC1	chr7	6398719	6400125	+	1	alternative donor	0.396208937895111	-0.498425731253108	-3.72835014727894	0.000315372956164243	0.0023888272247541	0.196931569872527	0.0355431933292239	0.122133699628278	0.547558060142882	FALSE	FALSE
HNRNPA2B1	chr7	26190461	26192494	-	1	alternative donor	0.0135712621275901	-0.188042724318188	-3.18072601654906	0.0019414324470098	0.0103944986557989	0.0989418588147734	0.0108555370113009	0.0753331245277528	0.270940558545608	TRUE	TRUE
HNRNPA2B1	chr7	26191129	26192494	-	1	alternative donor	0.0222387615259952	-0.441646294225028	-7.94139912929	2.59938599674394e-12	1.88095995211194e-10	0.136300324261967	0.00122811839281667	0.0628773734276353	0.376498861396169	TRUE	TRUE
HNRNPA2B1	chr7	26192339	26192494	-	1	alternative donor	0.964189976346415	0.370139011662304	7.02026424968716	2.4298669668053e-10	1.04607310811453e-08	-0.146439490123386	0.000163745016904992	-0.0909298468865077	0.0761848792952234	TRUE	TRUE
HNRNPA2B1	chr7	26197733	26200571	-	1	alternative donor	0.792628970426747	0.0993507815599052	2.0827970709404	0.0397465226344445	0.106439309826572	-0.0663681374012255	0.0388996484384497	-0.0565311605971591	0.330183955337883	TRUE	TRUE
HNRNPA2B1	chr7	26197867	26200571	-	1	alternative donor	0.207371029573253	-0.0993507815599052	-2.0827970709404	0.0397465226344446	0.106439309826572	0.0663681374012255	0.0388996484384497	0.056531160597159	0.330183955337883	TRUE	TRUE
CBX3	chr7	26201562	26202970	+	1	alternative donor		0.173094949387756	1.71845679218291	0.0887772799756288	0.201019659918185	-0.0272005287599202	0.838177608542139	0.00613809284812771	1	FALSE	FALSE
CBX3	chr7	26201827	26202970	+	1	alternative donor		-0.173094949387756	-1.71845679218291	0.0887772799756286	0.201019659918185	0.0272005287599202	0.838177608542139	-0.00613809284812773	1	FALSE	FALSE
TAX1BP1	chr7	27816395	27816889	+	1	alternative donor	0.818004092682125	0.046556287708782	0.982705560724068	0.328055077413074	0.524211886874321	0.0162751899526869	0.785341223572987	0.0297477868514922	0.790958395735541	FALSE	FALSE
TAX1BP1	chr7	27816521	27816889	+	1	alternative donor	0.181995907317875	-0.046556287708782	-0.982705560724069	0.328055077413073	0.524211886874321	-0.0162751899526868	0.785341223572987	-0.0297477868514921	0.790958395735541	FALSE	FALSE
""	chr7	35898384	35972446	+	0	alternative donor	0.563878159620128	0.0130615515052092	1.38761838270664	0.168248027879834	0.328668318678527	0.00699164255021757	0.406778995615421	0.0112252044904093	0.325706794635655	FALSE	FALSE
""	chr7	35903216	35973624	+	0	alternative donor	0.500990179741815	0.0017133381607652	0.440572250255093	0.660445959743806	0.818825175572389	0.000519451558875702	0.952507239654057	0.00100038997812831	1	FALSE	FALSE
""	chr7	35966527	35972446	+	1	alternative donor	0.436121840379873	-0.0130615515052092	-1.38761838270664	0.168248027879834	0.328668318678527	-0.00699164255021758	0.406778995615421	-0.0112252044904093	0.325706794635655	FALSE	FALSE
""	chr7	35972587	35973624	+	1	alternative donor	0.499009820258186	-0.0017133381607652	-0.440572250255094	0.660445959743806	0.818825175572389	-0.000519451558875699	0.952507239654057	-0.0010003899781283	1	FALSE	FALSE
ANLN	chr7	36415885	36419243	+	1	alternative donor	0.242773829835486	0.357818871299025	3.39786242047574	0.000966589594670165	0.00607647174024628	-0.0511252042592164	0.679843854884279	0.0194561272046629	1	FALSE	FALSE
ANLN	chr7	36417191	36419243	+	1	alternative donor	0.757226170164514	-0.357818871299024	-3.39786242047574	0.000966589594670166	0.00607647174024628	0.0511252042592165	0.679843854884279	-0.0194561272046629	1	FALSE	FALSE
ANLN	chr7	36419468	36420168	+	1	alternative donor	0.105984641342401	0.383112046636005	3.38937783351573	0.000993872644966712	0.00614739234303723	-0.0823082924387694	0.444528583664072	-0.0118953613135828	1	FALSE	FALSE
ANLN	chr7	36419480	36420168	+	1	alternative donor	0.894015358657599	-0.383112046636005	-3.38937783351573	0.000993872644966714	0.00614739234303723	0.0823082924387693	0.444528583664072	0.0118953613135828	1	FALSE	FALSE
IGFBP3	chr7	45913639	45914804	-	1	alternative donor	0.00216953366649387	-0.00301249239780313	-0.622947585238968	0.534695838397696	0.723184051445892	0.000617778696377796	0.957466868091158	5.860114176498e-05	1	FALSE	FALSE
IGFBP3	chr7	45913642	45914804	-	0	alternative donor	0.00418280197699196	0.00413262184179582	0.374089469122943	0.709106734110873	0.85550620883685	-6.07493703391702e-05	1	0.000853527266706348	1	FALSE	FALSE
IGFBP3	chr7	45913835	45914804	-	1	alternative donor	0.993647664356514	-0.0403286735190359	-1.72781952182567	0.0870176645771653	0.198355949884008	0.00157573381154424	1	-0.00716246198293859	0.983234759464368	FALSE	FALSE
IGFBP3	chr7	45915990	45920737	-	0	alternative donor	0.0227975574009769	0.0941065049122603	1.21616596705738	0.22670148755332	0.403568577419474	0.0961787798760836	0.0761034271704599	0.135250070249689	0.070031242102986	FALSE	FALSE
IGFBP3	chr7	45917440	45920737	-	1	alternative donor	0.977202442599023	-0.0941065049122603	-1.21616596705738	0.22670148755332	0.403568577419474	-0.0961787798760836	0.0761034271704599	-0.135250070249689	0.070031242102986	FALSE	FALSE
SUMF2	chr7	56073112	56074585	+	1	alternative donor	0.0814996958415057	-0.0653609281898444	-0.993917817536527	0.322592116317929	0.520957164101271	-0.0245217759362626	0.751645034600265	-0.0437490675585043	0.78017861755723	FALSE	FALSE
SUMF2	chr7	56074219	56074585	+	1	alternative donor	0.918500304158494	0.0653609281898444	0.993917817536526	0.322592116317929	0.520957164101271	0.0245217759362626	0.751645034600265	0.0437490675585044	0.78017861755723	FALSE	FALSE
SUMF2	chr7	56078509	56079527	+	1	alternative donor	0.92272812702627	0.287328116614977	3.73553896370459	0.000307548773046663	0.00235579589444078	-0.0742375912200856	0.268661481983372	-0.0237688852176049	0.983234759464368	FALSE	FALSE
SUMF2	chr7	56079040	56079527	+	1	alternative donor	0.0772718729737304	-0.287328116614977	-3.73553896370459	0.000307548773046664	0.00235579589444078	0.0742375912200856	0.268661481983372	0.0237688852176049	0.983234759464368	FALSE	FALSE
""	chr7	72829784	72831601	+	1	alternative donor	0.60020012523249	0.178826772305047	3.49489643911453	0.000700728355088296	0.00466375173318062	-0.0456391970700286	0.306569736437153	-0.0141229353289675	1	FALSE	FALSE
""	chr7	72830814	72831601	+	1	alternative donor	0.39979987476751	-0.178826772305047	-3.49489643911453	0.000700728355088296	0.00466375173318062	0.0456391970700286	0.306569736437153	0.0141229353289675	1	FALSE	FALSE
ELN	chr7	74035415	74037706	+	1	alternative donor	0.0616551780513262	0.11336590115616	2.88917931417534	0.00470954152273245	0.0210751983142277	-0.021061517064468	0.62666596507753	0.000390494192345036	1	FALSE	FALSE
ELN	chr7	74036585	74037706	+	1	alternative donor	0.938344821948674	-0.11336590115616	-2.88917931417534	0.00470954152273245	0.0210751983142277	0.021061517064468	0.62666596507753	-0.00039049419234504	1	FALSE	FALSE
ELN	chr7	74037740	74042613	+	1	alternative donor		0.0268425040153621	0.404130068150048	0.686963171370991	0.836167069710012	0.0501634540689792	0.388138515015352	0.0655451662201847	0.482705558022424	FALSE	FALSE
ELN	chr7	74041252	74042613	+	1	alternative donor		-0.0268425040153621	-0.40413006815005	0.68696317137099	0.836167069710012	-0.050163454068979	0.388138515015352	-0.0655451662201845	0.482705558022424	FALSE	FALSE
ELN	chr7	74046768	74048141	+	1	alternative donor	0.141619659236978	0.156764664989576	3.76397831845797	0.000278366623572958	0.00219136514324061	-0.0430680568896753	0.219027299508437	-0.0160123522878647	0.944113575193574	FALSE	FALSE
ELN	chr7	74047717	74048141	+	1	alternative donor	0.858380340763022	-0.156764664989576	-3.76397831845797	0.000278366623572958	0.00219136514324061	0.0430680568896753	0.219027299508437	0.0160123522878647	0.944113575193574	FALSE	FALSE
ELN	chr7	74053310	74056270	+	1	alternative donor	0.0195950647525193	0.0993669920439639	1.9614433054162	0.0525266758545342	0.132721563581925	-0.0379244873523357	0.405836168446977	-0.0227626992175049	0.907169199855509	FALSE	FALSE
ELN	chr7	74054770	74056270	+	1	alternative donor	0.980404935247481	-0.099366992043964	-1.9614433054162	0.0525266758545337	0.132721563581925	0.0379244873523357	0.405836168446977	0.0227626992175049	0.907169199855509	FALSE	FALSE
ELN	chr7	74056358	74056671	+	1	alternative donor	0.0182596422281878	0.32744554427981	4.38372961993979	2.81904972342341e-05	0.000305263285099044	-0.0653639686674492	0.340592506464797	-0.00424953815492751	1	FALSE	FALSE
ELN	chr7	74056436	74056671	+	1	alternative donor	0.981740357771812	-0.327445544279809	-4.38372961993979	2.81904972342344e-05	0.000305263285099044	0.0653639686674491	0.340592506464797	0.00424953815492745	1	FALSE	FALSE
ELN	chr7	74056714	74059885	+	1	alternative donor	0.576021698727608	-0.0821341416504156	-1.20303831368797	0.23171949024529	0.408754142284353	0.0378916355601574	0.583863984913074	0.0265835857405369	0.944113575193574	FALSE	FALSE
ELN	chr7	74057697	74059885	+	1	alternative donor	0.423978301272393	0.0821341416504156	1.20303831368797	0.23171949024529	0.408754142284353	-0.0378916355601574	0.583863984913074	-0.0265835857405369	0.944113575193574	FALSE	FALSE
ELN	chr7	74057697	74063620	+	1	alternative donor		-0.13782560524751	-2.3663050493009	0.0199336482668281	0.0635373362281936	0.0608290739965624	0.175669225300724	0.0418650796839521	0.721048851379789	FALSE	FALSE
ELN	chr7	74063370	74063620	+	1	alternative donor		0.13782560524751	2.3663050493009	0.0199336482668281	0.0635373362281936	-0.0608290739965624	0.175669225300724	-0.0418650796839521	0.721048851379789	FALSE	FALSE
ELN	chr7	74065733	74066731	+	1	alternative donor	0.753973209927054	0.0254355222540403	0.8705035676568	0.386049561150384	0.581725546066663	-0.0216370924297155	0.404856144971538	-0.019987763774891	0.763742089132858	FALSE	FALSE
ELN	chr7	74065733	74068656	+	1	alternative donor	0.0292555485262955	0.0175219707114034	0.298350310605739	0.766036846369015	0.893295693252114	0.062672267801318	0.154866685901472	0.0783215112336983	0.221305034675428	FALSE	FALSE
ELN	chr7	74065998	74066731	+	1	alternative donor	0.246026790072946	-0.0254355222540403	-0.8705035676568	0.386049561150385	0.581725546066663	0.0216370924297155	0.404856144971538	0.019987763774891	0.763742089132858	FALSE	FALSE
ELN	chr7	74066777	74068656	+	1	alternative donor	0.970744451473705	-0.0175219707114032	-0.298350310605736	0.766036846369017	0.893295693252114	-0.0626722678013181	0.154866685901472	-0.0783215112336984	0.221305034675428	FALSE	FALSE
GTF2I	chr7	74716951	74728785	+	1	alternative donor	0.616848594667395	-0.0960313037874168	-2.39267497470396	0.0185378241350486	0.0603899807311307	0.0126240403332361	0.803023876177493	-0.0065237631161901	1	FALSE	FALSE
GTF2I	chr7	74718942	74728785	+	1	alternative donor	0.383151405332605	0.0960313037874167	2.39267497470396	0.0185378241350486	0.0603899807311307	-0.0126240403332361	0.803023876177493	0.00652376311619007	1	FALSE	FALSE
COL1A2	chr7	94406304	94417723	+	0	alternative donor	0.106874687572338	-0.128225938979015	-3.80438133396048	0.000241401059166958	0.00195943914612607	0.0721408813878734	0.000795040331226445	0.0569162822323269	0.0768892500279554	FALSE	FALSE
COL1A2	chr7	94406304	94418498	+	0	alternative donor	0.0296123161249014	-0.241921590942198	-5.18745698649043	1.07222788960193e-06	1.97116056893847e-05	0.124622602987303	0.000102118222070657	0.0937501618682295	0.0410245036847029	FALSE	FALSE
COL1A2	chr7	94406304	94425116	+	0	alternative donor	0.0338435199591015	-0.11794243891052	-4.82285390493587	4.90922210818623e-06	6.75962121050257e-05	0.0539384247147392	0.000881795945188077	0.0376118871470919	0.126028637584781	FALSE	FALSE
COL1A2	chr7	94416504	94417723	+	1	alternative donor	0.893125312427662	0.128225938979015	3.80438133396048	0.000241401059166958	0.00195943914612607	-0.0721408813878734	0.000795040331226445	-0.056916282232327	0.0768892500279554	FALSE	FALSE
COL1A2	chr7	94416504	94418498	+	0	alternative donor	0.0481182170855786	-0.0760359248049622	-3.05524223463744	0.00286342908822613	0.0141548289666527	0.0433453985821144	0.00705653553706473	0.0344235311995212	0.189994392512747	FALSE	FALSE
COL1A2	chr7	94416504	94425116	+	0	alternative donor	0.0596635270309095	0.053872589666518	2.94022495421881	0.00404989396714267	0.0185379399491954	-0.0308712964949872	0.00939075246466556	-0.0245800336168506	0.216541633953375	FALSE	FALSE
COL1A2	chr7	94417832	94418498	+	1	alternative donor	0.92226946678952	0.139530052373494	4.54994201754156	1.47150772792538e-05	0.000176218231784304	-0.071590510503755	0.000305062531860775	-0.0537310076254421	0.070031242102986	FALSE	FALSE
COL1A2	chr7	94417832	94425116	+	0	alternative donor	0.078232353325139	0.0226534251929468	1.72353608149053	0.0877921358322353	0.199673767936943	-0.015448124627316	0.106459471525732	-0.0132641218654233	0.474131077937937	FALSE	FALSE
COL1A2	chr7	94424444	94425116	+	1	alternative donor	0.82826059968485	-0.00671861140120589	-0.497123000198446	0.620161807089751	0.792782541863324	0.01041134281426	0.373151492447988	0.010854213738779	0.663697534844911	FALSE	FALSE
PON2	chr7	95411744	95412311	-	1	alternative donor	0.132315210393887	-0.0197255035935985	-0.319351953670298	0.750106431168561	0.888270185377534	0.0102628057063135	0.928595471495225	0.00776455181247724	1	FALSE	FALSE
PON2	chr7	95411780	95412311	-	1	alternative donor	0.867684789606113	0.0197255035935985	0.319351953670299	0.750106431168561	0.888270185377534	-0.0102628057063135	0.928595471495225	-0.00776455181247724	1	FALSE	FALSE
BUD31	chr7	99409005	99410033	+	1	alternative donor	0.378307282771748	0.101531485489125	2.39056328288732	0.0186389807305815	0.0604453374583909	-0.0271417282522317	0.505681501300475	-0.00947791130913952	1	FALSE	FALSE
BUD31	chr7	99409246	99410033	+	1	alternative donor	0.621692717228252	-0.101531485489125	-2.39056328288732	0.0186389807305815	0.0604453374583909	0.0271417282522317	0.505681501300475	0.00947791130913953	1	FALSE	FALSE
PTCD1	chr7	99458356	99460085	-	1	alternative donor	0.03123442527043	0.163421720955104	3.72125878694872	0.000323276035295136	0.00243783103334536	-0.00120992937098251	1	0.035167583510088	0.663697534844911	FALSE	FALSE
PTCD1	chr7	99459264	99460085	-	1	alternative donor	0.96876557472957	-0.163421720955104	-3.72125878694872	0.000323276035295136	0.00243783103334536	0.00120992937098255	1	-0.035167583510088	0.663697534844911	FALSE	FALSE
""	chr7	102474536	102569834	-	0	alternative donor	0.457936814563639	0.0295721601952354	2.99754176570254	0.00341125664690962	0.0162716463620471	-0.00557359237389516	0.597422135601147	7.40438433825308e-06	1	FALSE	FALSE
POLR2J3	chr7	102474536	102668914	-	0	alternative donor	0.289379655463608	0.0300555609514053	2.52634090320343	0.0130477305407088	0.0462243037176567	-0.00365165401805026	0.815988619354185	0.0023971691492585	1	FALSE	FALSE
""	chr7	102476271	102572471	-	0	alternative donor		0.0741511541141845	0.893022249499486	0.373968115058363	0.574205670118959	-0.0226397598501796	0.837889846895872	-0.0102569335721029	1	FALSE	FALSE
ENSG00000270249	chr7	102476271	102671551	-	0	alternative donor		0.0467225603620469	0.604354266946798	0.546976868146522	0.734703131345309	-0.011890630234891	0.937668300104001	-0.00365260125060034	1	FALSE	FALSE
""	chr7	102483890	102584217	-	0	alternative donor	0.481259222823414	0.0791762184976133	0.823826478726424	0.411941688911705	0.604145616209017	-0.0157225735462318	0.928627702405052	-0.000929708206693787	1	FALSE	FALSE
ENSG00000270249	chr7	102483890	102683278	-	0	alternative donor	0.320800123595288	0.0686432360187294	0.821715715203574	0.413136737782357	0.604854948427808	-0.013596263274677	0.928627702405052	-0.000764832519126491	1	FALSE	FALSE
ENSG00000270249	chr7	102485160	102686713	-	0	alternative donor		0.0648092560559291	0.622830115028492	0.534786206817529	0.723184051445892	0.0227158493820109	0.875349624249118	0.0412908257603729	0.930019392887584	FALSE	FALSE
POLR2J3	chr7	102488599	102590158	-	0	alternative donor	0.481308411214953	0.0666355608640572	0.756106513048624	0.451311168536302	0.641952858298605	-0.00775387307483946	0.985099221234231	0.00572085293103752	1	FALSE	FALSE
POLR2J3	chr7	102491124	102592284	-	0	alternative donor		0.0238888317429622	0.448632351945681	0.654648522752	0.81622999504161	-0.00317021418173688	1	0.00157736886636987	1	FALSE	FALSE
ENSG00000270249	chr7	102491124	102688194	-	0	alternative donor		-8.42407439370806e-05	-0.0227444969891394	0.981898956190803	1	-2.87978789921204e-05	1	-5.29750373271718e-05	1	FALSE	FALSE
POLR2J3	chr7	102501228	102602323	-	0	alternative donor		0.0212644784149342	0.243414436553623	0.808173232728958	0.920803070188003	-0.0214502798554244	0.85740388599001	-0.0207049829149171	1	FALSE	FALSE
ENSG00000270249	chr7	102538526	102638713	-	0	alternative donor		0.0369047415577613	0.520383071911209	0.603935465950714	0.778428083252337	-0.011492299456093	0.928627702405052	-0.00539004648277389	1	FALSE	FALSE
ENSG00000270249	chr7	102540092	102640203	-	0	alternative donor	0.484943292721199	0.0285720644138015	0.52032126231797	0.603956305979052	0.778428083252337	-0.00851447346754139	0.936985596165461	-0.00370765632246635	1	FALSE	FALSE
RASA4	chr7	102541663	102666076	-	0	alternative donor		-0.031900910026435	-0.286425974633115	0.775138587085689	0.899435801664425	-0.0258784742438135	0.865357879812485	-0.0379706650531123	0.975998954946361	FALSE	FALSE
POLR2J3	chr7	102567084	102569834	-	1	alternative donor	0.0824848417320106	-0.211053790132481	-3.41718793641388	0.000907050870771442	0.005798646638146	0.0273103544820733	0.70599077682325	-0.0148531689845394	1	FALSE	FALSE
ENSG00000205236	chr7	102567084	102668914	-	0	alternative donor	0.0653474374713502	-0.168876291039676	-2.34182900486959	0.0211136716650971	0.0663656167587756	0.00720622551936159	0.983178856718176	-0.0292712492921415	0.925794517878951	FALSE	FALSE
POLR2J3	chr7	102568185	102569834	-	1	alternative donor	0.45957834370435	0.0281888374377308	2.93770670283651	0.00408033027128063	0.0186521549094428	-0.00526088559669143	0.616773565716459	6.87694352036311e-05	1	FALSE	FALSE
ENSG00000205236	chr7	102568185	102668914	-	0	alternative donor	0.289443552036933	0.0301458421598419	2.5323111933398	0.01284069851715	0.0456334541868624	-0.00378566071998605	0.801481525860693	0.00225831429846819	1	FALSE	FALSE
POLR2J3	chr7	102569925	102572471	-	1	alternative donor		-0.0741511541141845	-0.893022249499486	0.373968115058363	0.574205670118959	0.0226397598501796	0.837889846895872	0.0102569335721029	1	FALSE	FALSE
ENSG00000205236	chr7	102569925	102671551	-	0	alternative donor		0.0510471644943006	0.660235716437289	0.510620512812137	0.700532619634562	-0.0122035314951035	0.933493501441889	-0.00305376159927151	1	FALSE	FALSE
ENSG00000270249	chr7	102583069	102584217	-	1	alternative donor	0.518740777176586	-0.0791762184976133	-0.823826478726424	0.411941688911706	0.604145616209017	0.0157225735462318	0.928627702405052	0.000929708206693778	1	FALSE	FALSE
ENSG00000205236	chr7	102583069	102683278	-	0	alternative donor	0.320908349417309	0.069110277190739	0.827282512374645	0.409989487310644	0.603103047726428	-0.0138425326958603	0.928595471495225	-0.000952563737024409	1	FALSE	FALSE
ENSG00000205236	chr7	102584339	102686713	-	0	alternative donor		0.0252818704002309	0.253514721683798	0.800380770874593	0.917310980242432	0.0454065907686213	0.680546396015288	0.0594162187011042	0.801020692772742	FALSE	FALSE
ENSG00000270249	chr7	102587771	102590158	-	1	alternative donor	0.518691588785047	-0.0666355608640573	-0.756106513048626	0.451311168536301	0.641952858298605	0.00775387307483944	0.985099221234231	-0.00572085293103754	1	FALSE	FALSE
ENSG00000270249	chr7	102590297	102592284	-	1	alternative donor		-0.0238888317429622	-0.448632351945681	0.654648522752	0.81622999504161	0.00317021418173689	1	-0.00157736886636986	1	FALSE	FALSE
ENSG00000205236	chr7	102590297	102688194	-	0	alternative donor		8.42407439370808e-05	0.0227444969891394	0.981898956190803	1	2.87978789921204e-05	1	5.2975037327172e-05	1	FALSE	FALSE
RASA4	chr7	102600389	102602323	-	1	alternative donor		-0.0212644784149342	-0.243414436553623	0.808173232728958	0.920803070188003	0.0214502798554244	0.85740388599001	0.0207049829149172	1	FALSE	FALSE
ENSG00000205236	chr7	102637634	102638713	-	1	alternative donor		-0.0369047415577612	-0.520383071911208	0.603935465950715	0.778428083252337	0.011492299456093	0.928627702405052	0.00539004648277388	1	FALSE	FALSE
ENSG00000205236	chr7	102639200	102640203	-	1	alternative donor	0.515056707278801	-0.0285720644138015	-0.520321262317971	0.603956305979052	0.778428083252337	0.00851447346754141	0.936985596165461	0.00370765632246634	1	FALSE	FALSE
ENSG00000267645	chr7	102640774	102666076	-	1	alternative donor		0.031900910026435	0.286425974633116	0.775138587085689	0.899435801664425	0.0258784742438135	0.865357879812485	0.0379706650531123	0.975998954946361	FALSE	FALSE
ENSG00000267645	chr7	102666164	102668914	-	1	alternative donor	0.0662388081328594	-0.165120885504997	-2.74621820038864	0.00711640053226705	0.0292305292394206	0.0113274157097572	0.910322860007568	-0.0235379241298896	0.941874636349608	FALSE	FALSE
ENSG00000267645	chr7	102667265	102668914	-	1	alternative donor	0.289590546895249	0.0304863976104424	2.55735707598239	0.012003952701734	0.0429741506722078	-0.00416235736313991	0.788331039393711	0.00188742500998992	1	FALSE	FALSE
ENSG00000267645	chr7	102669005	102671551	-	1	alternative donor		-0.0699681103749673	-0.52109675762391	0.603451421226651	0.778428083252337	0.00402828424710751	1	-0.0109187778278047	1	FALSE	FALSE
""	chr7	102682130	102683278	-	1	alternative donor	0.358291526987403	-0.0895799966293593	-0.824335739387579	0.411653673113013	0.604145616209017	0.0178257631103018	0.928627702405052	0.00109607752863083	1	FALSE	FALSE
""	chr7	102683400	102686713	-	1	alternative donor		-0.0451613609922443	-0.362984573291588	0.717367531863469	0.861044547484154	-0.0521228565328694	0.705462987355531	-0.07178358676245	0.816486069499312	FALSE	FALSE
CAV2	chr7	116499932	116505970	+	1	alternative donor	0.0420498668719888	0.31687431807494	4.44804948544778	2.19577059845919e-05	0.000248100192869099	-0.115867907461921	0.0201339921879283	-0.0665694379153458	0.527999013694237	FALSE	FALSE
CAV2	chr7	116500448	116505970	+	1	alternative donor	0.957950133128011	-0.31687431807494	-4.44804948544778	2.19577059845924e-05	0.000248100192869099	0.115867907461921	0.0201339921879283	0.0665694379153459	0.527999013694237	FALSE	FALSE
CAV1	chr7	116525093	116526524	+	1	alternative donor	0.897737491417193	0.0297449899285568	0.482495579724493	0.630477767722682	0.800127179664518	0.0268363192260092	0.694106923497671	0.0385192077112115	0.790958395735541	FALSE	FALSE
CAV1	chr7	116525806	116526524	+	1	alternative donor	0.102262508582807	-0.0297449899285568	-0.482495579724493	0.630477767722682	0.800127179664518	-0.0268363192260092	0.694106923497671	-0.0385192077112115	0.790958395735541	FALSE	FALSE
CALU	chr7	128754456	128758870	+	1	alternative donor	0.787618895697996	0.120324795795148	5.07982380427465	1.69057451000195e-06	2.93349179005953e-05	-0.0439619209039428	0.00733043556299743	-0.0252353891922229	0.425255625789379	FALSE	FALSE
CALU	chr7	128754723	128758870	+	1	alternative donor	0.212381104302004	-0.120324795795148	-5.07982380427465	1.69057451000196e-06	2.93349179005953e-05	0.0439619209039428	0.00733043556299743	0.025235389192223	0.425255625789379	FALSE	FALSE
PODXL	chr7	131504506	131505867	-	1	alternative donor		0.0326867732732473	0.264891113471589	0.791638576984598	0.911764968127982	0.00448384071940712	1	0.0116272219821412	1	FALSE	FALSE
PODXL	chr7	131504509	131505867	-	1	alternative donor		-0.0326867732732473	-0.264891113471589	0.791638576984598	0.911764968127982	-0.00448384071940713	1	-0.0116272219821412	1	FALSE	FALSE
PODXL	chr7	131509586	131510827	-	1	alternative donor	0.862954779448996	-0.209700214921612	-2.77486133696812	0.00655913567550649	0.0274793520921167	0.0181905845554793	0.865357879812485	-0.0253758676975517	0.978562928133672	FALSE	FALSE
PODXL	chr7	131510332	131510827	-	1	alternative donor	0.137045220551004	0.209700214921612	2.77486133696812	0.00655913567550649	0.0274793520921167	-0.0181905845554793	0.865357879812485	0.0253758676975517	0.978562928133672	FALSE	FALSE
CALD1	chr7	134867805	134928753	+	1	alternative donor	0.959254049869446	-0.635683649228854	-7.69652919350245	8.80593197494514e-12	5.87234796995856e-10	0.0917800902408067	0.280246737244923	-0.0334328944814599	0.925794517878951	FALSE	FALSE
CALD1	chr7	134891674	134928753	+	1	alternative donor	0.0407459501305542	0.635683649228854	7.69652919350245	8.80593197494521e-12	5.87234796995856e-10	-0.0917800902408065	0.280246737244923	0.0334328944814602	0.925794517878951	FALSE	FALSE
CALD1	chr7	134933391	134941091	+	1	alternative donor	0.951004342807017	0.139374998908111	3.19526349572209	0.00185468695092226	0.0101995243338372	-0.043777788557659	0.22490937336835	-0.0207498674985081	0.882454942920744	FALSE	FALSE
CALD1	chr7	134935766	134941091	+	1	alternative donor	0.0489956571929825	-0.139374998908111	-3.19526349572209	0.00185468695092229	0.0101995243338372	0.0437777885576589	0.22490937336835	0.020749867498508	0.882454942920744	FALSE	FALSE
PDIA4	chr7	149006054	149008158	-	1	alternative donor	0.941863145574604	-0.122138360758832	-1.50385807446121	0.135678054328404	0.279661250164182	-0.0286163291913753	0.779428468130883	-0.0613268626105082	0.691535124746916	FALSE	FALSE
PDIA4	chr7	149006057	149008158	-	1	alternative donor	0.058136854425396	0.122138360758832	1.50385807446121	0.135678054328403	0.279661250164182	0.0286163291913753	0.779428468130883	0.0613268626105083	0.691535124746916	FALSE	FALSE
CTSB	chr8	11847169	11848066	-	1	alternative donor	0.0148071366693232	0.0636561277019378	0.840682986170165	0.402472918838562	0.596431545520677	-0.0323008359542448	0.700297042674018	-0.0240856516449039	0.983234759464368	FALSE	FALSE
CTSB	chr8	11847823	11848066	-	1	alternative donor	0.985192863330677	-0.0636561277019377	-0.840682986170163	0.402472918838563	0.596431545520677	0.0323008359542447	0.700297042674018	0.0240856516449038	0.983234759464368	FALSE	FALSE
CTSB	chr8	11853480	11868000	-	1	alternative donor		-0.572606336538036	-5.14822253022703	1.28344573959986e-06	2.26165749242442e-05	0.0898735538747428	0.418553547379619	-0.0217361387164757	1	FALSE	FALSE
CTSB	chr8	11864464	11868000	-	1	alternative donor		0.572606336538036	5.14822253022703	1.28344573959986e-06	2.26165749242442e-05	-0.0898735538747428	0.418553547379619	0.0217361387164757	1	FALSE	FALSE
PDLIM2	chr8	22589742	22593732	+	1	alternative donor	0.158363788040415	0.169816145304139	1.9498950450433	0.0539071541569102	0.135304967739964	-0.0504935568197319	0.560700140869362	-0.0219036758783402	1	FALSE	FALSE
PDLIM2	chr8	22591669	22593732	+	1	alternative donor	0.841636211959585	-0.169816145304139	-1.9498950450433	0.0539071541569103	0.135304967739964	0.0504935568197319	0.560700140869362	0.0219036758783402	1	FALSE	FALSE
ENSG00000284956	chr8	23028603	23146960	-	0	alternative donor	0.190416717385353	-0.0707439416944066	-0.492495494612627	0.623417284287338	0.794098196202711	0.151929330414595	0.161234247505859	0.164506445044316	0.367719905828704	FALSE	FALSE
TNFRSF10D	chr8	23145922	23146960	-	1	alternative donor	0.809583282614647	0.0707439416944067	0.492495494612627	0.623417284287338	0.794098196202711	-0.151929330414595	0.161234247505859	-0.164506445044316	0.367719905828704	FALSE	FALSE
LOXL2	chr8	23298123	23302026	-	1	alternative donor	0.0155068472881356	0.122990600305359	2.24725208271033	0.0267564056268528	0.0806010057900146	-0.034740214585836	0.508142560829031	-0.0136914069601966	1	FALSE	FALSE
LOXL2	chr8	23298948	23302026	-	1	alternative donor	0.984493152711864	-0.122990600305359	-2.24725208271033	0.0267564056268527	0.0806010057900146	0.0347402145858362	0.508142560829031	0.0136914069601969	1	FALSE	FALSE
LOXL2	chr8	23328566	23333400	-	1	alternative donor	0.976002998027379	-0.103055309349988	-2.15513610610715	0.0334808904726874	0.0939058558479313	-0.0164984720711517	0.788449142494701	-0.0426677215877547	0.568473491579471	FALSE	FALSE
LOXL2	chr8	23328584	23333400	-	1	alternative donor	0.0239970019726216	0.103055309349988	2.15513610610715	0.0334808904726874	0.0939058558479313	0.0164984720711518	0.788449142494701	0.0426677215877549	0.568473491579471	FALSE	FALSE
SARAF	chr8	30070060	30082846	-	1	alternative donor		0.288178846397621	2.14178790358542	0.0345913200273677	0.095259173613828	-0.123603539365182	0.269033347800015	-0.0825784472251753	0.790958395735541	FALSE	FALSE
SARAF	chr8	30074056	30082846	-	1	alternative donor		-0.288178846397621	-2.14178790358542	0.0345913200273677	0.095259173613828	0.123603539365182	0.269033347800015	0.0825784472251752	0.790958395735541	FALSE	FALSE
LSM1	chr8	38163841	38171964	-	1	alternative donor	0.0894168961757207	-0.130809396921601	-1.89941907671417	0.0603069449140026	0.148733806854622	0.0555165018715391	0.345828646836278	0.036603194014071	0.855196191594143	FALSE	FALSE
LSM1	chr8	38169918	38171964	-	1	alternative donor	0.910583103824279	0.130809396921601	1.89941907671417	0.0603069449140028	0.148733806854622	-0.055516501871539	0.345828646836278	-0.036603194014071	0.855196191594143	FALSE	FALSE
FGFR1	chr8	38412596	38413917	-	1	alternative donor	0.0974022222782213	0.230531240409563	2.15944972169878	0.0331359742454958	0.0936008707715374	-0.032502727252546	0.81545898627253	0.0130520564375187	1	FALSE	FALSE
FGFR1	chr8	38413805	38413917	-	1	alternative donor	0.902597777721779	-0.230531240409563	-2.15944972169878	0.0331359742454957	0.0936008707715374	0.032502727252546	0.81545898627253	-0.0130520564375187	1	FALSE	FALSE
ASPH	chr8	61584030	61618977	-	1	alternative donor	0.93337342885388	-0.143312270130016	-1.92734688870486	0.0566912339851549	0.140837755137701	0.0160395037150878	0.881936576076186	-0.0130595255674183	1	FALSE	FALSE
ASPH	chr8	61607323	61618977	-	1	alternative donor	0.0666265711461201	0.143312270130016	1.92734688870485	0.0566912339851552	0.140837755137701	-0.0160395037150878	0.881936576076186	0.0130595255674184	1	FALSE	FALSE
ASPH	chr8	61619020	61633682	-	1	alternative donor	0.49406972852559	-0.0767526803437535	-2.2438545060893	0.0269816578874573	0.0809926023612025	-0.0121838955801439	0.779428468130883	-0.0316546126744505	0.531559292179633	FALSE	FALSE
ASPH	chr8	61619020	61637946	-	1	alternative donor	0.126449721083785	0.00803260633132869	0.146243023357169	0.884015381652154	0.97585810218516	-0.0174577314583196	0.798373901371683	-0.0189245125512359	0.970467838347115	FALSE	FALSE
ASPH	chr8	61626281	61633682	-	1	alternative donor	0.50593027147441	0.0767526803437535	2.2438545060893	0.0269816578874573	0.0809926023612025	0.0121838955801439	0.779428468130883	0.0316546126744505	0.531559292179633	FALSE	FALSE
ASPH	chr8	61633728	61637946	-	1	alternative donor	0.873550278916215	-0.00803260633132869	-0.146243023357169	0.884015381652154	0.97585810218516	0.0174577314583196	0.798373901371683	0.0189245125512359	0.970467838347115	FALSE	FALSE
ASPH	chr8	61638361	61642887	-	1	alternative donor	0.15941165810871	0.00852570156289399	0.317703245038878	0.751353226488581	0.889127461130016	-0.0111440737417771	0.710132090145602	-0.0113192630545959	0.91701834432199	FALSE	FALSE
ASPH	chr8	61638364	61642887	-	1	alternative donor	0.84058834189129	-0.00852570156289407	-0.317703245038881	0.751353226488579	0.889127461130016	0.0111440737417771	0.710132090145602	0.0113192630545959	0.91701834432199	FALSE	FALSE
ASPH	chr8	61643434	61644599	-	1	alternative donor	0.336592881452037	0.17007392764159	4.24477050000513	4.80025761428298e-05	0.000475967234582403	-0.0726193063480413	0.00690552140830229	-0.0481109266741368	0.317563130825888	FALSE	FALSE
ASPH	chr8	61644002	61644599	-	1	alternative donor	0.663407118547963	-0.17007392764159	-4.24477050000513	4.80025761428298e-05	0.000475967234582403	0.0726193063480413	0.00690552140830229	0.0481109266741368	0.317563130825888	FALSE	FALSE
ASPH	chr8	61644633	61651049	-	1	alternative donor	0.182179336496284	0.0218987453398139	0.57970948890597	0.563376426872962	0.747911550360513	0.00552825558838338	0.941406122136108	0.0114674408012295	0.983234759464368	FALSE	FALSE
ASPH	chr8	61646879	61651049	-	1	alternative donor	0.817820663503716	-0.0218987453398139	-0.579709488905971	0.563376426872961	0.747911550360513	-0.00552825558838335	0.941406122136108	-0.0114674408012295	0.983234759464368	FALSE	FALSE
ASPH	chr8	61681037	61684038	-	1	alternative donor	0.95972139469296	-0.0559271866195487	-0.818191633509896	0.41513660044914	0.606477482013543	-0.0242422381738898	0.772242103851949	-0.041304226499779	0.801020692772742	FALSE	FALSE
ASPH	chr8	61682484	61684038	-	1	alternative donor	0.0402786053070404	0.0559271866195485	0.818191633509895	0.415136600449141	0.606477482013543	0.0242422381738898	0.772242103851949	0.0413042264997789	0.801020692772742	FALSE	FALSE
""	chr8	66922393	66925436	-	1	alternative donor	0.142640829135045	0.278266961993201	2.46132250996026	0.0155040092839139	0.0528205427101386	0.0442879894727274	0.737594343865282	0.114900666652759	0.474131077937937	FALSE	FALSE
""	chr8	66922726	66925436	-	1	alternative donor	0.857359170864955	-0.278266961993201	-2.46132250996026	0.0155040092839139	0.0528205427101386	-0.0442879894727274	0.737594343865282	-0.114900666652759	0.474131077937937	FALSE	FALSE
SULF1	chr8	69466951	69495764	+	1	alternative donor	0.0929979597064536	0.301176106418518	2.41518486672699	0.0174894471770501	0.058030838877217	-0.173612040960314	0.0403878349217454	-0.138632376466073	0.3905170160617	FALSE	FALSE
SULF1	chr8	69466951	69501873	+	1	alternative donor	0.121843314920179	0.292030859652402	2.98983470505233	0.00349135247095049	0.0165839242370149	-0.151163454878321	0.0206851496785046	-0.114032544062316	0.347403424194094	FALSE	FALSE
SULF1	chr8	69493126	69495764	+	1	alternative donor	0.907002040293546	-0.301176106418517	-2.41518486672699	0.0174894471770501	0.058030838877217	0.173612040960314	0.0403878349217454	0.138632376466073	0.3905170160617	FALSE	FALSE
SULF1	chr8	69493126	69501873	+	1	alternative donor	0.470110257882058	-0.00262757673506771	-0.0670076819616756	0.946705485245935	1	0.0504280176272031	0.0595302134449379	0.0592734536654351	0.13222686301326	FALSE	FALSE
SULF1	chr8	69495927	69501873	+	1	alternative donor	0.408046427197763	-0.0849565033377932	-2.09303951931	0.038802142264857	0.104238614409778	0.02270887917514	0.587288203862171	0.00792830595331721	1	FALSE	FALSE
SULF1	chr8	69601830	69603599	+	1	alternative donor	0.0207356555884565	0.0781323492175163	1.13150421752141	0.260470473191269	0.446013341892783	-0.0276932121278275	0.724659214924882	-0.0153735997099872	1	FALSE	FALSE
SULF1	chr8	69603321	69603599	+	1	alternative donor	0.979264344411543	-0.0781323492175164	-1.13150421752142	0.260470473191269	0.446013341892783	0.0276932121278276	0.724659214924882	0.0153735997099873	1	FALSE	FALSE
SULF1	chr8	69629680	69638734	+	1	alternative donor	0.154230312139906	0.115478748012774	1.83971732730561	0.0686896651621689	0.164464234477958	0.00425248732135552	1	0.0309134353087087	0.869621028064469	FALSE	FALSE
SULF1	chr8	69638645	69638734	+	1	alternative donor	0.845769687860095	-0.115478748012774	-1.83971732730561	0.0686896651621687	0.164464234477958	-0.00425248732135553	1	-0.0309134353087087	0.869621028064469	FALSE	FALSE
E2F5	chr8	85214632	85217385	-	1	alternative donor	0.102740257387724	0.283886273778271	3.77311914261621	0.000269560009416112	0.00213700138000978	-0.00294610286004642	1	0.0600887523831326	0.665795682168189	FALSE	FALSE
E2F5	chr8	85215038	85217385	-	1	alternative donor	0.897259742612276	-0.283886273778271	-3.77311914261621	0.000269560009416112	0.00213700138000978	0.00294610286004644	1	-0.0600887523831325	0.665795682168189	FALSE	FALSE
RPL30	chr8	98042719	98044942	-	1	alternative donor	0.0590641688225075	0.054653289111631	2.44977800313166	0.0159809583964127	0.0539734255275069	-0.0176125939367688	0.374544955430871	-0.00866605559076746	0.944113575193574	FALSE	FALSE
RPL30	chr8	98042776	98044942	-	1	alternative donor	0.940935831177493	-0.054653289111631	-2.44977800313166	0.0159809583964127	0.0539734255275069	0.0176125939367688	0.374544955430871	0.00866605559076747	0.944113575193574	FALSE	FALSE
CTHRC1	chr8	103371807	103375737	+	1	alternative donor	0.881912153026288	-0.154881763122265	-1.19832842850652	0.233539193362018	0.411324079038956	0.0900454883127682	0.444515837414915	0.0721999664766135	0.841692238230252	FALSE	FALSE
CTHRC1	chr8	103372660	103375737	+	1	alternative donor	0.118087846973712	0.154881763122265	1.19832842850652	0.233539193362018	0.411324079038956	-0.0900454883127681	0.444515837414915	-0.0721999664766135	0.841692238230252	FALSE	FALSE
ENPP2	chr8	119593861	119600677	-	1	alternative donor	0.748296835227098	0.13378269593103	1.57471475693051	0.118388987872209	0.251729053742755	-0.0771667968821787	0.272166712737913	-0.0616378107172629	0.728053210145023	FALSE	FALSE
ENPP2	chr8	119596003	119600677	-	1	alternative donor	0.251703164772902	-0.13378269593103	-1.57471475693051	0.118388987872209	0.251729053742755	0.0771667968821787	0.272166712737913	0.0616378107172629	0.728053210145023	FALSE	FALSE
EEF1D	chr8	143581329	143586728	-	1	alternative donor	0.0520680844036147	-0.00548287994447023	-0.0924582477877821	0.926513556044466	0.999705775414731	0.0255924589709722	0.694106923497671	0.029152166532681	0.869621028064469	FALSE	FALSE
EEF1D	chr8	143586291	143586728	-	1	alternative donor	0.947931915596385	0.00548287994447016	0.0924582477877808	0.926513556044467	0.999705775414731	-0.0255924589709721	0.694106923497671	-0.029152166532681	0.869621028064469	FALSE	FALSE
EEF1D	chr8	143586850	143597347	-	1	alternative donor		-0.35345616666742	-2.66192776143281	0.0090811742688145	0.0348589996481243	0.0726557694387085	0.606226145021867	0.0081528503888153	1	FALSE	FALSE
EEF1D	chr8	143586853	143597347	-	1	alternative donor		0.35345616666742	2.66192776143281	0.00908117426881451	0.0348589996481243	-0.0726557694387085	0.606226145021867	-0.00815285038881537	1	FALSE	FALSE
PUF60	chr8	143818535	143821596	-	1	alternative donor		0.19813561098522	2.19216440377091	0.030641395967986	0.0887660883195236	-0.0874885235683594	0.23019537333267	-0.0597457059397995	0.78017861755723	TRUE	FALSE
PUF60	chr8	143820717	143821596	-	1	alternative donor		-0.19813561098522	-2.19216440377091	0.0306413959679861	0.0887660883195236	0.0874885235683594	0.23019537333267	0.0597457059397995	0.78017861755723	TRUE	FALSE
PLEC	chr8	143922396	143926783	-	1	alternative donor	0.0764072231998468	0.401564629737677	4.47930012226929	1.94322392336867e-05	0.000223273802816786	-0.180120938345124	0.00245057024595396	-0.12387351403106	0.189994392512747	FALSE	FALSE
PLEC	chr8	143925885	143926783	-	1	alternative donor	0.923592776800153	-0.401564629737677	-4.47930012226929	1.94322392336868e-05	0.000223273802816786	0.180120938345124	0.00245057024595396	0.12387351403106	0.189994392512747	FALSE	FALSE
VPS28	chr8	144425001	144425682	-	1	alternative donor	0.0777244396925276	-0.0524222736564598	-0.734413854638944	0.464365208486522	0.653956966485573	0.00515360650963592	0.999029178587114	-0.00562402202248432	1	FALSE	FALSE
VPS28	chr8	144425052	144425682	-	1	alternative donor	0.922275560307472	0.0524222736564599	0.734413854638944	0.464365208486521	0.653956966485573	-0.00515360650963596	0.999029178587114	0.00562402202248428	1	FALSE	FALSE
CBWD1	chr9	175785	178815	-	1	alternative donor	0.911771015032422	0.0650692252666884	0.805187169153082	0.42256650572274	0.614166105112409	-0.0257278410383228	0.798373901371683	-0.0159664827935896	1	FALSE	FALSE
CBWD1	chr9	177821	178815	-	1	alternative donor	0.0882289849675783	-0.0650692252666885	-0.805187169153084	0.422566505722739	0.614166105112409	0.0257278410383228	0.798373901371683	0.0159664827935897	1	FALSE	FALSE
ADAMTSL1	chr9	18662074	18680311	+	1	alternative donor	0.197159310508092	0.16146786661903	2.01801091353115	0.0461901722179349	0.120747713845655	-0.0327708874465475	0.724121588893087	-0.00273536694586452	1	FALSE	FALSE
ADAMTSL1	chr9	18675908	18680311	+	1	alternative donor	0.802840689491908	-0.16146786661903	-2.01801091353115	0.0461901722179349	0.120747713845655	0.0327708874465475	0.724121588893087	0.0027353669458645	1	FALSE	FALSE
DENND4C	chr9	19200426	19376493	-	0	alternative donor	0.0259287226098734	-0.0478989577697013	-0.956934497180688	0.340841020476817	0.537662481744738	0.0327081232550988	0.475628551183765	0.0280984886587396	0.837557041018934	FALSE	FALSE
DENND4C	chr9	19200583	19378367	-	0	alternative donor	0.473629114293796	-0.00303043277938446	-0.535254098562861	0.593627929855506	0.770908813821531	-0.00283594241678352	0.644456648108044	-0.00404525348184446	0.733240215922902	FALSE	FALSE
DENND4C	chr9	19200698	19378707	-	0	alternative donor	0.130159037554169	-0.0541041726882666	-1.71913855174626	0.0885930940854759	0.200870075323136	0.0138178145906595	0.694106923497671	0.00428434994822847	1	FALSE	FALSE
DENND4C	chr9	19200909	19379486	-	0	alternative donor	0.0437437253091787	-0.125719057369953	-1.6785376278633	0.0962737418014285	0.214284683158808	0.0537122956103772	0.430075290286555	0.0356016155273732	0.882454942920744	FALSE	FALSE
RPS6	chr9	19376389	19376493	-	1	alternative donor	0.974071277390127	0.0478989577697014	0.95693449718069	0.340841020476817	0.537662481744738	-0.0327081232550988	0.475628551183765	-0.0280984886587397	0.837557041018934	FALSE	FALSE
RPS6	chr9	19376590	19378367	-	1	alternative donor	0.00323090581663022	0.00684430823932072	0.682523686670689	0.496440017071491	0.686896866582644	0.000857009555583755	0.987823745136366	0.00255035325989727	1	FALSE	FALSE
RPS6	chr9	19376652	19378367	-	1	alternative donor	0.523139979889574	0.00173192524634904	0.302503448001793	0.762878342168155	0.892824794415407	0.00314133184141539	0.592861999624462	0.00411692952476464	0.728221025506894	FALSE	FALSE
RPS6	chr9	19378515	19378707	-	1	alternative donor	0.869840962445831	0.0541041726882666	1.71913855174626	0.088593094085476	0.200870075323136	-0.0138178145906595	0.694106923497671	-0.00428434994822847	1	FALSE	FALSE
RPS6	chr9	19378919	19379486	-	1	alternative donor	0.956256274690821	0.125719057369954	1.67853762786331	0.0962737418014261	0.214284683158808	-0.0537122956103771	0.430075290286555	-0.0356016155273729	0.882454942920744	FALSE	FALSE
TPM2	chr9	35682164	35684245	-	1	alternative donor	0.945123590124995	-0.248747878925172	-3.76268037782698	0.000279639068558193	0.00219136514324061	0.14409081094059	0.000632847745709273	0.11533146289192	0.070031242102986	FALSE	FALSE
TPM2	chr9	35683242	35684245	-	1	alternative donor	0.0548764098750053	0.248747878925172	3.76268037782698	0.000279639068558196	0.00219136514324061	-0.14409081094059	0.000632847745709273	-0.11533146289192	0.070031242102986	FALSE	FALSE
TPM2	chr9	35684551	35685063	-	1	alternative donor	0.994906146945323	0.0518906140868022	1.64538101679634	0.102939676980922	0.224998612732723	-0.0199602487016533	0.503079749327039	-0.0120717000811507	0.945406621275832	FALSE	FALSE
TPM2	chr9	35684808	35685063	-	1	alternative donor	0.00509385305467684	-0.0518906140868023	-1.64538101679634	0.102939676980922	0.224998612732723	0.0199602487016533	0.503079749327039	0.0120717000811506	0.945406621275832	FALSE	FALSE
TPM2	chr9	35684808	35685268	-	1	alternative donor	0.0950114651690773	0.337804250006488	7.12619164231146	1.45354204125416e-10	6.77191298945946e-09	-0.0939698663766902	0.00915498232190984	-0.0358867840835626	0.690703440572063	FALSE	FALSE
TPM2	chr9	35685140	35685268	-	1	alternative donor	0.904988534830923	-0.337804250006488	-7.12619164231146	1.45354204125414e-10	6.77191298945946e-09	0.0939698663766903	0.00915498232190984	0.0358867840835627	0.690703440572063	FALSE	FALSE
GRHPR	chr9	37422806	37424844	+	1	alternative donor		0.0427355178037894	0.44263883747178	0.658992595754881	0.818825175572389	-0.0208156763218562	0.877357273965244	-0.0152338016175928	1	FALSE	FALSE
GRHPR	chr9	37422834	37424844	+	1	alternative donor		-0.0427355178037894	-0.44263883747178	0.658992595754881	0.818825175572389	0.0208156763218562	0.877357273965244	0.0152338016175928	1	FALSE	FALSE
CBWD5	chr9	65703015	65720040	+	1	alternative donor	0.102011144494317	-0.0679597069384508	-0.878440160359205	0.381749503635352	0.578954371867799	0.0514728462706408	0.467803958187632	0.0458803895784479	0.801020692772742	FALSE	FALSE
CBWD5	chr9	65708959	65720040	+	1	alternative donor	0.897988855505684	0.0679597069384508	0.878440160359206	0.381749503635351	0.578954371867799	-0.0514728462706409	0.467803958187632	-0.045880389578448	0.801020692772742	FALSE	FALSE
CBWD3	chr9	68268979	68285988	+	1	alternative donor	0.102016140909389	-0.0679409355300158	-0.878296075067978	0.381827302587319	0.578954371867799	0.0515118364990453	0.467803958187632	0.0459308785164814	0.801020692772742	FALSE	FALSE
CBWD3	chr9	68274939	68285988	+	1	alternative donor	0.897983859090611	0.067940935530016	0.878296075067979	0.381827302587318	0.578954371867799	-0.0515118364990454	0.467803958187632	-0.0459308785164815	0.801020692772742	FALSE	FALSE
ANXA1	chr9	73151925	73158521	+	1	alternative donor	0.794814309165641	0.144754218523476	1.93475773428812	0.0557630951610769	0.138937938932471	0.0195678670388537	0.849993191454597	0.0556512246076529	0.711243064230179	FALSE	FALSE
ANXA1	chr9	73154582	73158521	+	1	alternative donor	0.205185690834359	-0.144754218523476	-1.93475773428812	0.055763095161077	0.138937938932471	-0.0195678670388537	0.849993191454597	-0.0556512246076529	0.711243064230179	FALSE	FALSE
UBQLN1	chr9	83665146	83669184	-	1	alternative donor	0.181419595554242	-0.128271330272591	-2.43516820811974	0.0166032849424672	0.055469324252781	0.0463052955106428	0.301691274639052	0.0262372603502934	0.866752509178043	FALSE	FALSE
UBQLN1	chr9	83666434	83669184	-	1	alternative donor	0.818580404445758	0.128271330272591	2.43516820811974	0.0166032849424672	0.055469324252781	-0.0463052955106428	0.301691274639052	-0.0262372603502934	0.866752509178043	FALSE	FALSE
HNRNPK	chr9	83969381	83970161	-	1	alternative donor	0.253020676456889	0.119929448792618	2.6686604313037	0.00884841582457807	0.0345108511690253	-0.0947121230581174	0.000638846036912277	-0.085568387809292	0.0410245036847029	TRUE	TRUE
HNRNPK	chr9	83969441	83970161	-	1	alternative donor	0.746979323543111	-0.119929448792618	-2.6686604313037	0.00884841582457809	0.0345108511690253	0.0947121230581173	0.000638846036912277	0.0855683878092919	0.0410245036847029	TRUE	TRUE
HNRNPK	chr9	83973400	83974516	-	1	alternative donor	0.105146963477483	-0.0855382845670475	-2.01648858099155	0.0463517396837504	0.120984088000335	0.051150587798366	0.0948722061626179	0.0415605220848516	0.48353713966026	TRUE	TRUE
HNRNPK	chr9	83973974	83974516	-	1	alternative donor	0.894853036522517	0.0855382845670474	2.01648858099155	0.0463517396837506	0.120984088000335	-0.0511505877983661	0.0948722061626179	-0.0415605220848516	0.48353713966026	TRUE	TRUE
CTSL	chr9	87726250	87727593	+	1	alternative donor	0.0705574761679796	0.242106353937929	3.32659592569921	0.00121939676726758	0.00727573404469654	-0.0362468538504704	0.665627705004693	0.0112001273876401	1	FALSE	FALSE
CTSL	chr9	87726254	87727593	+	1	alternative donor	0.376594881519286	0.161704299238852	1.62482541126263	0.107256004969577	0.232627139086587	-0.0268551273106817	0.840151023020975	0.00434005875735014	1	FALSE	FALSE
CTSL	chr9	87726309	87727593	+	1	alternative donor	0.241726025395218	0.0392108498672601	0.446019139705234	0.656519609643962	0.816986166263855	-0.0301016225630305	0.785341223572987	-0.0269503669624397	0.983234759464368	FALSE	FALSE
CTSL	chr9	87726399	87727593	+	1	alternative donor	0.311121616917517	-0.178030716045481	-1.83193917962624	0.0698501720547129	0.166242431881091	0.0609288185670262	0.511754918020597	0.032451212177378	0.979643782041765	FALSE	FALSE
PALM2AKAP2	chr9	110138540	110168398	+	1	alternative donor	0.26538603951991	-0.102820477185886	-2.74959630059974	0.00704850560836708	0.0290855678240828	0.0425364136670838	0.140934633855945	0.0274638896695893	0.719163563139003	FALSE	FALSE
PALM2AKAP2	chr9	110156498	110168398	+	1	alternative donor	0.73461396048009	0.102820477185886	2.74959630059974	0.00704850560836709	0.0290855678240828	-0.0425364136670838	0.140934633855945	-0.0274638896695893	0.719163563139003	FALSE	FALSE
TNC	chr9	115042342	115073602	-	1	alternative donor	0.039575296516823	0.0754245158531367	0.726021265081595	0.469472281402203	0.659783152499542	-0.0902257363518214	0.296935878818089	-0.090211093478431	0.593770447481842	FALSE	FALSE
TNC	chr9	115046683	115057152	-	1	alternative donor	0.743055797948501	-0.173876282892395	-4.95301661462523	2.87174358518573e-06	4.52166663574845e-05	0.00912065449087243	0.865357879812485	-0.0281185914073581	0.663697534844911	FALSE	FALSE
TNC	chr9	115048533	115057152	-	1	alternative donor	0.256944202051499	0.173876282892395	4.95301661462523	2.87174358518573e-06	4.52166663574845e-05	-0.00912065449087246	0.865357879812485	0.0281185914073581	0.663697534844911	FALSE	FALSE
TNC	chr9	115060003	115063795	-	1	alternative donor	0.0911680426162239	0.0588195386484094	1.19439845959254	0.235065417971651	0.413170288005722	-0.01681287869062	0.788078192463113	-0.00678355766157188	1	FALSE	FALSE
TNC	chr9	115063190	115063795	-	1	alternative donor	0.908831957383776	-0.0588195386484093	-1.19439845959254	0.235065417971651	0.413170288005722	0.01681287869062	0.788078192463113	0.00678355766157183	1	FALSE	FALSE
TNC	chr9	115064920	115073602	-	1	alternative donor	0.960424703483177	-0.075424515853137	-0.726021265081598	0.469472281402201	0.659783152499542	0.0902257363518214	0.296935878818089	0.090211093478431	0.593770447481842	FALSE	FALSE
GSN	chr9	121281563	121301962	+	1	alternative donor	0.718205552640656	-0.0284491231002535	-0.544892635574997	0.587005246109421	0.765492654148061	0.0533093960649295	0.185053426761106	0.0569102592073342	0.409302684141482	FALSE	FALSE
GSN	chr9	121300127	121301962	+	1	alternative donor	0.281794447359344	0.0284491231002535	0.544892635574997	0.587005246109421	0.765492654148061	-0.0533093960649295	0.185053426761106	-0.0569102592073342	0.409302684141482	FALSE	FALSE
MAPKAP1	chr9	125484584	125543058	-	1	alternative donor	0.361958844146071	0.0457824976413497	1.21883680351833	0.225690268428783	0.403136871284816	-0.0314988696191325	0.314556654034266	-0.0271370636790783	0.728221025506894	FALSE	FALSE
MAPKAP1	chr9	125506418	125543058	-	1	alternative donor	0.638041155853929	-0.0457824976413497	-1.21883680351833	0.225690268428783	0.403136871284816	0.0314988696191325	0.314556654034266	0.0271370636790783	0.728221025506894	FALSE	FALSE
GOLGA2	chr9	128266326	128267457	-	1	alternative donor	0.789511504289489	0.176948592442509	2.9451804801872	0.00399060975481191	0.0183406267244802	-0.0567378078722652	0.268661481983372	-0.0277185341514228	0.894056176820071	FALSE	FALSE
GOLGA2	chr9	128267275	128267457	-	1	alternative donor	0.210488495710511	-0.176948592442509	-2.9451804801872	0.00399060975481192	0.0183406267244802	0.0567378078722652	0.268661481983372	0.0277185341514228	0.894056176820071	FALSE	FALSE
GOLGA2	chr9	128268525	128273849	-	1	alternative donor	0.221293846459486	0.486660553205095	5.96208383827336	3.52819230507352e-08	9.67692099157663e-07	-0.137266589253643	0.0262369838461694	-0.0539419278780484	0.781325204460825	FALSE	FALSE
GOLGA2	chr9	128272866	128273849	-	1	alternative donor	0.778706153540514	-0.486660553205095	-5.96208383827336	3.52819230507348e-08	9.67692099157663e-07	0.137266589253643	0.0262369838461694	0.0539419278780484	0.781325204460825	FALSE	FALSE
SPTAN1	chr9	128591626	128594174	+	1	alternative donor	0.734715105875677	-0.199556991298298	-4.27698490903131	4.24697583320089e-05	0.000429879905021316	0.0302910728671684	0.534973770532421	-0.00873972391753185	1	FALSE	FALSE
SPTAN1	chr9	128593043	128594174	+	1	alternative donor	0.265284894124323	0.199556991298298	4.27698490903131	4.24697583320089e-05	0.000429879905021316	-0.0302910728671684	0.534973770532421	0.00873972391753186	1	FALSE	FALSE
SET	chr9	128684008	128691169	+	1	alternative donor	0.259569201393443	0.0822154876815319	1.24405993366568	0.216301216607192	0.394022730412995	-0.0439747882053571	0.470242400274345	-0.033786542045532	0.861254318919693	FALSE	FALSE
SET	chr9	128689656	128691169	+	1	alternative donor	0.740430798606557	-0.0822154876815319	-1.24405993366568	0.216301216607192	0.394022730412995	0.0439747882053571	0.470242400274345	0.0337865420455321	0.861254318919693	FALSE	FALSE
PTPA	chr9	129123139	129128984	+	1	alternative donor	0.814740192987083	-0.197970665875056	-3.06695541079884	0.00276268286144197	0.0136966245069449	0.0795691250471512	0.0959901775612158	0.0501124780972163	0.685750082706529	FALSE	FALSE
PTPA	chr9	129128069	129128984	+	1	alternative donor	0.185259807012917	0.197970665875056	3.06695541079884	0.00276268286144198	0.0136966245069449	-0.0795691250471512	0.0959901775612158	-0.0501124780972164	0.685750082706529	FALSE	FALSE
PTPA	chr9	129137693	129142444	+	1	alternative donor	0.808178064050648	-0.102656695844198	-1.47561193543147	0.143098584277592	0.291598732850862	0.0101893089341752	0.941406122136108	-0.0108979614864623	1	FALSE	FALSE
PTPA	chr9	129139650	129142444	+	1	alternative donor	0.191821935949352	0.102656695844198	1.47561193543147	0.143098584277592	0.291598732850862	-0.0101893089341752	0.941406122136108	0.0108979614864623	1	FALSE	FALSE
NTMT1	chr9	129626296	129634053	+	1	alternative donor	0.090518085621429	0.376782095225292	4.30166741729266	3.86512537339108e-05	0.000395942511894671	-0.0548263498343824	0.554776835242308	0.0193100390995444	1	FALSE	FALSE
NTMT1	chr9	129632866	129634053	+	1	alternative donor	0.909481914378571	-0.376782095225292	-4.30166741729266	3.86512537339106e-05	0.000395942511894671	0.0548263498343824	0.554776835242308	-0.0193100390995444	1	FALSE	FALSE
NTMT1	chr9	129634222	129635207	+	1	alternative donor	0.229477404063797	0.260197624856439	4.19331488029634	5.83044396456055e-05	0.000563333520553137	-0.0246838291129888	0.755102806883977	0.0289784960673801	0.885468003744675	FALSE	FALSE
NTMT1	chr9	129634307	129635207	+	1	alternative donor	0.770522595936203	-0.260197624856439	-4.19331488029634	5.83044396456055e-05	0.000563333520553137	0.0246838291129888	0.755102806883977	-0.0289784960673801	0.885468003744675	FALSE	FALSE
PRRC2B	chr9	131492261	131495739	+	1	alternative donor	0.539036101567275	0.113225800694916	1.66868672257884	0.0982165838390661	0.217612118330074	0.00559793153594714	0.990739151150038	0.0320059581668615	0.885309445713496	FALSE	FALSE
PRRC2B	chr9	131494487	131495739	+	1	alternative donor	0.460963898432725	-0.113225800694916	-1.66868672257884	0.0982165838390661	0.217612118330074	-0.00559793153594713	0.990739151150038	-0.0320059581668615	0.885309445713496	FALSE	FALSE
COL5A1	chr9	134728799	134730235	+	0	alternative donor	0.0292518534377934	-0.0325251702438035	-0.748335817509705	0.455962980466829	0.645321513052946	-0.0215401516930454	0.645708902978782	-0.0328549600167195	0.691535124746916	FALSE	FALSE
COL5A1	chr9	134728808	134730235	+	1	alternative donor	0.970748146562207	0.0325251702438036	0.748335817509707	0.455962980466828	0.645321513052946	0.0215401516930454	0.645708902978782	0.0328549600167195	0.691535124746916	FALSE	FALSE
COL5A1	chr9	134830045	134834970	+	1	alternative donor	0.635343365078203	0.454347180738149	10.2896381460566	1.67821147582008e-17	2.71790344250671e-15	-0.0984699242290502	0.0129752550718541	-0.0151249423834333	0.974099816508401	FALSE	FALSE
COL5A1	chr9	134830177	134834970	+	1	alternative donor	0.364656634921797	-0.454347180738149	-10.2896381460566	1.67821147582008e-17	2.71790344250671e-15	0.0984699242290502	0.0129752550718541	0.0151249423834334	0.974099816508401	FALSE	FALSE
PHPT1	chr9	136850138	136850754	+	1	alternative donor	0.950984506939381	-0.159273946365054	-2.23279797900315	0.0277262194636767	0.0824001858843089	0.0422105698304911	0.55321336109015	0.0144324092030599	1	FALSE	FALSE
PHPT1	chr9	136850561	136850754	+	1	alternative donor	0.0490154930606189	0.159273946365054	2.23279797900315	0.0277262194636768	0.0824001858843089	-0.0422105698304911	0.55321336109015	-0.0144324092030599	1	FALSE	FALSE
EDF1	chr9	136862346	136862905	-	1	alternative donor	0.962249879944556	-0.0731234056313111	-1.71127901819192	0.0900394939868309	0.203066524568443	-0.0187470919511466	0.694106923497671	-0.0386327387673049	0.559788001473919	FALSE	FALSE
EDF1	chr9	136862497	136862905	-	1	alternative donor	0.0377501200554436	0.0731234056313112	1.71127901819192	0.0900394939868307	0.203066524568443	0.0187470919511466	0.694106923497671	0.0386327387673049	0.559788001473919	FALSE	FALSE
CD99	chrX	2714455	2719660	+	1	alternative donor	0.0152480105081662	0.125266863423756	2.4433051191502	0.0162540672608407	0.0546786179565972	0.015407088290902	0.822280315363694	0.0463471984717834	0.559788001473919	FALSE	FALSE
CD99	chrX	2717653	2719660	+	1	alternative donor	0.984751989491834	-0.125266863423756	-2.44330511915019	0.0162540672608409	0.0546786179565972	-0.0154070882909022	0.822280315363694	-0.0463471984717835	0.559788001473919	FALSE	FALSE
TFE3	chrX	49039346	49040454	-	1	alternative donor	0.31311460726541	-0.111385113850475	-2.17949383393882	0.0315734317691002	0.0903882503760182	0.0503215323753049	0.223153971207964	0.0347870903433164	0.763742089132858	FALSE	FALSE
TFE3	chrX	49039411	49040454	-	1	alternative donor	0.68688539273459	0.111385113850475	2.17949383393882	0.0315734317691001	0.0903882503760182	-0.0503215323753049	0.223153971207964	-0.0347870903433164	0.763742089132858	FALSE	FALSE
MAGED2	chrX	54807803	54809302	+	1	alternative donor	0.259819263000859	-0.120179046695477	-1.11933106789726	0.26560241793904	0.45324326312628	0.0548821624106965	0.635407090514777	0.0382312128399988	0.96580989741943	FALSE	FALSE
MAGED2	chrX	54808434	54809302	+	1	alternative donor	0.277701203356931	0.057995227692396	0.62399299199605	0.534011763351704	0.722711503047809	0.0235557683148336	0.852710618761227	0.0409525415294876	0.913202703092532	FALSE	FALSE
MAGED2	chrX	54809224	54809302	+	1	alternative donor	0.46247953364221	0.1440685755992	1.36375799518861	0.175616779141467	0.339745543720211	-0.070019083627739	0.472367357846902	-0.050849044437544	0.877164944506244	FALSE	FALSE
RPL36A-HNRNPH2	chrX	101408308	101411935	+	1	alternative donor	0.108258446202944	0.0645252008744515	0.835259379465793	0.405504967715455	0.598577428472337	-0.0194941352044806	0.853314767246427	-0.00868844070196578	1	FALSE	FALSE
RPL36A-HNRNPH2	chrX	101408320	101411935	+	1	alternative donor	0.891741553797056	-0.0645252008744515	-0.835259379465793	0.405504967715455	0.598577428472337	0.0194941352044805	0.853314767246427	0.00868844070196571	1	FALSE	FALSE
TCEAL9	chrX	103356607	103357614	+	1	alternative donor	0.151311278541521	0.141809069022314	2.7228333854184	0.00760297190010488	0.0308933183181085	0.00065784980793922	1	0.0325438930491558	0.790958395735541	FALSE	FALSE
TCEAL9	chrX	103357162	103357614	+	1	alternative donor	0.848688721458479	-0.141809069022314	-2.7228333854184	0.00760297190010491	0.0308933183181085	-0.000657849807939229	1	-0.0325438930491558	0.790958395735541	FALSE	FALSE
MORF4L2	chrX	103678601	103684680	-	1	alternative donor	0.717600804174544	0.029888323529657	0.461933743406108	0.645103031959994	0.807803907104544	-0.0170951845727148	0.844189346103293	-0.013598808392831	1	FALSE	FALSE
MORF4L2	chrX	103678601	103685170	-	1	alternative donor	0.525985730249032	-0.0909262976396177	-2.82026920943277	0.00575683392417352	0.0250326973386721	0.0595462560436785	0.00367838923952277	0.0503200057830349	0.120841806739256	FALSE	FALSE
MORF4L2	chrX	103678621	103685170	-	1	alternative donor	0.0509177587599553	0.00937391844047917	0.232440351956663	0.8166572413662	0.929398834576988	-0.000216973957161923	1	0.00184204350358545	1	FALSE	FALSE
MORF4L2	chrX	103678652	103684680	-	1	alternative donor	0.282399195825456	-0.029888323529657	-0.461933743406107	0.645103031959995	0.807803907104544	0.0170951845727148	0.844189346103293	0.013598808392831	1	FALSE	FALSE
MORF4L2	chrX	103678652	103685170	-	1	alternative donor	0.143815904977591	-0.085831521265237	-2.58640800951704	0.0110950717293985	0.0401002539337771	0.0331214019389171	0.220527953217602	0.0200927922993385	0.801020692772742	FALSE	FALSE
MORF4L2	chrX	103684730	103685170	-	1	alternative donor	0.279280606013422	0.161240154719256	4.3503835160009	3.2061723072795e-05	0.00034182420116168	-0.0819806514164943	0.000661403877590181	-0.061202197728789	0.0963461781022394	FALSE	FALSE
PLS3	chrX	115561261	115610242	+	1	alternative donor		-0.38629795268974	-2.23515708333482	0.0275872590252997	0.0821578528415449	-0.0273736583377518	0.936985596165461	-0.118902489500853	0.7609036773948	FALSE	FALSE
PLS3	chrX	115593633	115610242	+	1	alternative donor		0.386297952689741	2.23515708333482	0.0275872590252996	0.0821578528415449	0.0273736583377518	0.936985596165461	0.118902489500853	0.7609036773948	FALSE	FALSE
LAMP2	chrX	120431463	120441729	-	1	alternative donor	0.6396545961056	-0.311984076186001	-7.62295482961983	1.26833155767198e-11	7.39823151622888e-10	0.0399625085884951	0.357309083544454	-0.0224408529015143	0.846802145998523	FALSE	FALSE
LAMP2	chrX	120439294	120441729	-	1	alternative donor	0.3603454038944	0.311984076186001	7.62295482961983	1.26833155767196e-11	7.39823151622888e-10	-0.0399625085884951	0.357309083544454	0.0224408529015143	0.846802145998523	FALSE	FALSE
SMARCA1	chrX	129447234	129448332	-	1	alternative donor	0.81293486157026	0.0364366561906705	0.480466513750745	0.631914614695353	0.800127179664518	-0.0184945724390234	0.860764823443503	-0.0137932686322943	1	FALSE	FALSE
SMARCA1	chrX	129447302	129448332	-	1	alternative donor	0.18706513842974	-0.0364366561906705	-0.480466513750745	0.631914614695353	0.800127179664518	0.0184945724390234	0.860764823443503	0.0137932686322942	1	FALSE	FALSE
SMARCA1	chrX	129492094	129496749	-	1	alternative donor	0.294544885892337	-0.013926244744041	-0.232242255591516	0.81681067819777	0.929398834576988	0.0215654452522381	0.765392451134293	0.0224806079369848	0.947283790071782	FALSE	FALSE
SMARCA1	chrX	129493076	129496749	-	1	alternative donor	0.705455114107663	0.013926244744041	0.232242255591516	0.81681067819777	0.929398834576988	-0.0215654452522381	0.765392451134293	-0.0224806079369848	0.947283790071782	FALSE	FALSE
IDS	chrX	149487099	149490313	-	1	alternative donor	0.848068446872217	-0.0747521936225576	-0.95809486384928	0.340258448392131	0.537241867679498	0.0551710636164203	0.432335691738233	0.0487490530457368	0.790958395735541	FALSE	FALSE
IDS	chrX	149487314	149490313	-	1	alternative donor	0.151931553127783	0.0747521936225576	0.958094863849281	0.340258448392131	0.537241867679498	-0.0551710636164203	0.432335691738233	-0.0487490530457369	0.790958395735541	FALSE	FALSE
FLNA	chrX	154355073	154357433	-	1	alternative donor	0.284704525602126	-0.0789026762710928	-1.66895945471083	0.0981623698264092	0.217612118330074	0.0354484903537653	0.4047453079066	0.0244071786812996	0.86095732319391	FALSE	FALSE
FLNA	chrX	154357275	154357433	-	1	alternative donor	0.715295474397874	0.0789026762710926	1.66895945471083	0.0981623698264097	0.217612118330074	-0.0354484903537653	0.4047453079066	-0.0244071786812996	0.86095732319391	FALSE	FALSE
RPL10	chrX	154399942	154400701	+	1	alternative donor	0.10614333471895	-0.0496972132616417	-0.560271264442648	0.576511012892184	0.757617447776785	0.0519107038620264	0.549633883024578	0.0504906685479003	0.829640025388377	FALSE	FALSE
RPL10	chrX	154400627	154400701	+	1	alternative donor	0.89385666528105	0.0496972132616417	0.560271264442648	0.576511012892184	0.757617447776785	-0.0519107038620264	0.549633883024578	-0.0504906685479003	0.829640025388377	FALSE	FALSE
